ID_CLIENTE,SAFRA_REF,PROBABILIDADE_INADIMPLENCIA
5058298901476893676,2021-07,0.009972307086313983
274692171162531764,2021-07,0.07893945460448057
274692171162531764,2021-07,0.11768016396721016
274692171162531764,2021-07,0.16093843083591033
465309249432033993,2021-07,0.015476671985999786
465309249432033993,2021-07,0.007229660200188649
465309249432033993,2021-07,0.008661359179353992
465309249432033993,2021-07,0.008331747392666138
5883155883105348987,2021-07,0.023249827830363758
5883155883105348987,2021-07,0.01999895051882437
4489904752023469353,2021-07,0.10278726655914489
3355881107559250653,2021-07,0.006700678689558084
3355881107559250653,2021-07,0.007124302900059612
3355881107559250653,2021-07,0.0073943994243086
3355881107559250653,2021-07,0.008875064845915374
3355881107559250653,2021-07,0.008286534971366463
3355881107559250653,2021-07,0.007113017016325101
3355881107559250653,2021-07,0.007360505714834737
6330043096034525408,2021-07,0.05247630562936593
6330043096034525408,2021-07,0.06755149544338444
6964108750473070287,2021-07,0.008282865393348812
6964108750473070287,2021-07,0.013528896697636301
6964108750473070287,2021-07,0.008365041446616327
6964108750473070287,2021-07,0.007375564211092004
6964108750473070287,2021-07,0.0064191035082605576
6964108750473070287,2021-07,0.007190428276047924
6964108750473070287,2021-07,0.007190428276047924
6964108750473070287,2021-07,0.0064191035082605576
6964108750473070287,2021-07,0.007866302255740587
6964108750473070287,2021-07,0.006503842303563798
6964108750473070287,2021-07,0.007188374825535689
6964108750473070287,2021-07,0.007544172839472731
6964108750473070287,2021-07,0.013762552096040822
6964108750473070287,2021-07,0.008749179751705706
6964108750473070287,2021-07,0.008749179751705706
6964108750473070287,2021-07,0.015116431843138073
4008627434689715639,2021-07,0.4195975162612297
4008627434689715639,2021-07,0.37529139105902865
4008627434689715639,2021-07,0.27967459883553375
5757271354816214865,2021-07,0.9193501287533125
5757271354816214865,2021-07,0.960759249197914
5757271354816214865,2021-07,0.9193501287533125
5757271354816214865,2021-07,0.9193501287533125
5757271354816214865,2021-07,0.9193501287533125
5757271354816214865,2021-07,0.9079467536977971
5757271354816214865,2021-07,0.9059378596534909
5757271354816214865,2021-07,0.9059378596534909
5757271354816214865,2021-07,0.9079467536977971
5757271354816214865,2021-07,0.9033576611716778
5757271354816214865,2021-07,0.9079302649096186
5757271354816214865,2021-07,0.9624775127183395
5757271354816214865,2021-07,0.9079302649096186
5757271354816214865,2021-07,0.9099008389322838
5757271354816214865,2021-07,0.9099008389322838
8909740532547211288,2021-07,0.006404598293359308
8909740532547211288,2021-07,0.004832954382789138
8909740532547211288,2021-07,0.0042711631976088595
4045739494965095560,2021-07,0.009177099976513578
4045739494965095560,2021-07,0.008071875691682575
4045739494965095560,2021-07,0.009346349836611412
6759864637454708017,2021-07,0.08221348382316551
6759864637454708017,2021-07,0.07716184812076962
6759864637454708017,2021-07,0.06004757348869409
6759864637454708017,2021-07,0.14592285977571962
6759864637454708017,2021-07,0.12009285089673069
6759864637454708017,2021-07,0.09358501681311515
6134696632487351445,2021-07,0.0038306927846067803
6134696632487351445,2021-07,0.004110312184546639
6134696632487351445,2021-07,0.0019578721539855242
5373371196946859811,2021-07,0.015018434984173087
3095686599956852697,2021-07,0.012913850392282121
3095686599956852697,2021-07,0.00861925995840191
3095686599956852697,2021-07,0.010924841504801401
1616952665234409442,2021-07,0.2426019257650805
1616952665234409442,2021-07,0.2032090222659739
1088521227159442264,2021-07,0.007539814703029343
1088521227159442264,2021-07,0.011456869015355278
1088521227159442264,2021-07,0.006910125099857952
8529899700094903171,2021-07,0.01137228852129235
8529899700094903171,2021-07,0.010591097172610408
8529899700094903171,2021-07,0.01249888794489061
8529899700094903171,2021-07,0.009409558869200536
8529899700094903171,2021-07,0.008426327872016283
8529899700094903171,2021-07,0.007698928397825376
8529899700094903171,2021-07,0.008562135017056924
499242942549937267,2021-07,0.11462510096337819
499242942549937267,2021-07,0.23716044432901748
499242942549937267,2021-07,0.2667379825984595
499242942549937267,2021-07,0.2334119860643537
499242942549937267,2021-07,0.2334119860643537
499242942549937267,2021-07,0.0884871755571882
499242942549937267,2021-07,0.2552485875583985
499242942549937267,2021-07,0.11629256299425349
499242942549937267,2021-07,0.12452301473111634
5897410907783139228,2021-07,0.0062697587676140525
5897410907783139228,2021-07,0.0075842787417287
5897410907783139228,2021-07,0.00834812523916044
5897410907783139228,2021-07,0.005299680280093374
2083323809219952960,2021-07,0.008078718311650124
2083323809219952960,2021-07,0.012618119766712559
2083323809219952960,2021-07,0.014049868918375872
2083323809219952960,2021-07,0.016340598445170447
2083323809219952960,2021-07,0.006732408389747732
2083323809219952960,2021-07,0.008477228942796218
2083323809219952960,2021-07,0.006942324601334793
2083323809219952960,2021-07,0.01626928066053002
2083323809219952960,2021-07,0.04275982832431635
2083323809219952960,2021-07,0.04275982832431635
1953058402621337677,2021-07,0.022750905609345548
1953058402621337677,2021-07,0.009334413396797706
1953058402621337677,2021-07,0.011552625085750315
1953058402621337677,2021-07,0.015274006534583199
3408536439470975134,2021-07,0.0023863774764155674
3408536439470975134,2021-07,0.0025055896506427965
3408536439470975134,2021-07,0.0024951108779696952
3408536439470975134,2021-07,0.002024823570217799
5687511145009775604,2021-07,0.3041136072205009
5687511145009775604,2021-07,0.9704353243844609
7485107528960607346,2021-07,0.012282524332101967
7485107528960607346,2021-07,0.019014033421961306
531805620371082364,2021-07,0.03842222898209551
5761480994209806499,2021-07,0.006699093953571868
5761480994209806499,2021-07,0.006659618575127094
5761480994209806499,2021-07,0.006662934487687776
5761480994209806499,2021-07,0.0063076799073066
5761480994209806499,2021-07,0.006224077827219816
5761480994209806499,2021-07,0.006403999828792422
5761480994209806499,2021-07,0.0063191292414532365
5761480994209806499,2021-07,0.005470946987040944
5761480994209806499,2021-07,0.004892310194077632
5761480994209806499,2021-07,0.0055060659274194755
5761480994209806499,2021-07,0.005466713791371415
5761480994209806499,2021-07,0.00527679467794531
5761480994209806499,2021-07,0.003585377364135997
5761480994209806499,2021-07,0.0034229033075926
5761480994209806499,2021-07,0.0037721505465167604
5761480994209806499,2021-07,0.0037422142593481742
4762256864594914240,2021-07,0.007061966675667756
8570963260597299378,2021-07,0.0021850129903770743
5974858472822751652,2021-07,0.009059855043692
3421433989501830226,2021-07,0.9568265261670804
4327694790333781288,2021-07,0.0018972844139727289
4327694790333781288,2021-07,0.0015691088280684652
8173830874846355280,2021-07,0.003036913706979451
8173830874846355280,2021-07,0.003036913706979451
8173830874846355280,2021-07,0.003635286493804136
8173830874846355280,2021-07,0.0032682235114262896
8173830874846355280,2021-07,0.0032682235114262896
8173830874846355280,2021-07,0.0032682235114262896
8173830874846355280,2021-07,0.0029200653035611683
8173830874846355280,2021-07,0.0030714441157615705
8173830874846355280,2021-07,0.003660653419606365
8173830874846355280,2021-07,0.0027278848987095216
2347028805684088098,2021-07,0.001829521456787338
3632378524835692731,2021-07,0.001808966328139893
3632378524835692731,2021-07,0.0019481647389485615
3632378524835692731,2021-07,0.001320062757447379
2033394215069562776,2021-07,0.039179872091146595
2033394215069562776,2021-07,0.04170222851588309
2033394215069562776,2021-07,0.04153736883360385
2033394215069562776,2021-07,0.04021742896776286
3285246914299291124,2021-07,0.008480200616956474
3285246914299291124,2021-07,0.009133474120957774
3285246914299291124,2021-07,0.00730816780512148
3285246914299291124,2021-07,0.005342254680774041
2929243640075785940,2021-07,0.003542230624767535
2929243640075785940,2021-07,0.0038152651884417557
2929243640075785940,2021-07,0.004325500894380228
2929243640075785940,2021-07,0.0038310026292288518
2929243640075785940,2021-07,0.0028757181181804374
2407532237672094312,2021-07,0.009398394769257142
2407532237672094312,2021-07,0.016217486736673604
2407532237672094312,2021-07,0.008491129273056461
5635781225931111684,2021-07,0.016179495225064098
5635781225931111684,2021-07,0.013629182364679655
1235244772550233980,2021-07,0.005454686900488145
1235244772550233980,2021-07,0.0032027494809420704
1235244772550233980,2021-07,0.005261569239251413
4365965554261111250,2021-07,0.15487974458379025
5162636608292907782,2021-07,0.4742896721015466
8248484932270772248,2021-07,0.031939842479435585
924957821424248698,2021-07,0.003413663267602557
924957821424248698,2021-07,0.003215241490087819
924957821424248698,2021-07,0.003215241490087819
6828316696355015040,2021-07,0.013513141933905987
8409181491723988567,2021-07,0.007479428037961651
8409181491723988567,2021-07,0.00913695009080911
8409181491723988567,2021-07,0.26084385808543875
8409181491723988567,2021-07,0.010896995888473072
4532469127306079736,2021-07,0.0026748818498165787
7664272163315705419,2021-07,0.013583172364556017
7664272163315705419,2021-07,0.006456464095229529
9206030810342980458,2021-07,0.0027404795262210967
9206030810342980458,2021-07,0.003286663561081273
9206030810342980458,2021-07,0.002275416654999181
5810778736737569699,2021-07,0.008333101053699561
5810778736737569699,2021-07,0.007402076553372629
1366416810235233769,2021-07,0.007262194435966463
1366416810235233769,2021-07,0.007107842205918667
1366416810235233769,2021-07,0.006573291093503636
1366416810235233769,2021-07,0.0726900293721323
1366416810235233769,2021-07,0.0071885383416961145
1366416810235233769,2021-07,0.005889055810103744
8067924767167570288,2021-07,0.07404653952415377
7908414709866823255,2021-07,0.01654158154340005
7908414709866823255,2021-07,0.013321150407381705
7908414709866823255,2021-07,0.02136784618997304
7908414709866823255,2021-07,0.026219323661743756
8994944800097997361,2021-07,0.0075928341058992856
8994944800097997361,2021-07,0.011159482132427085
6950439982480713649,2021-07,0.09967970831792188
6950439982480713649,2021-07,0.07068198880593866
8901696535927078963,2021-07,0.005696407808573121
8901696535927078963,2021-07,0.005696407808573121
8901696535927078963,2021-07,0.005696407808573121
8901696535927078963,2021-07,0.005694599334178879
8901696535927078963,2021-07,0.004646958745084453
8901696535927078963,2021-07,0.003959717409298862
8901696535927078963,2021-07,0.0040641295473190855
6204723742351094322,2021-07,0.12683829376534644
3095408468798675621,2021-07,0.004372792192536024
3095408468798675621,2021-07,0.00452534989205107
7722287846688771887,2021-07,0.004954853903515346
312543480920432545,2021-07,0.4742141197806697
312543480920432545,2021-07,0.0026111906185800893
312543480920432545,2021-07,0.00277084719247777
6394935036014530592,2021-07,0.0699852269696432
6394935036014530592,2021-07,0.05054456631856482
3281617395243454427,2021-07,0.047959505664960815
1115703227712697214,2021-07,0.012740965276575618
1115703227712697214,2021-07,0.013214319085397034
8185063234515056194,2021-07,0.0024970359351902294
8185063234515056194,2021-07,0.0023836048089091906
8185063234515056194,2021-07,0.0022345706341266773
8185063234515056194,2021-07,0.0027241752680381903
8185063234515056194,2021-07,0.0022635497570250907
7492389223353246125,2021-07,0.2720933269814644
7492389223353246125,2021-07,0.7617110870593732
7492389223353246125,2021-07,0.1631033072345177
6217788509719675691,2021-07,0.0101403325337816
6217788509719675691,2021-07,0.003640076524308646
8716163053080758848,2021-07,0.012656606490267171
8716163053080758848,2021-07,0.009251723326353307
8716163053080758848,2021-07,0.010441421493097933
8716163053080758848,2021-07,0.006390081414209691
8716163053080758848,2021-07,0.006891787629318001
8716163053080758848,2021-07,0.007938623773157988
324916756972236008,2021-07,0.020983454857588443
324916756972236008,2021-07,0.4567112626068133
324916756972236008,2021-07,0.015774275422279115
324916756972236008,2021-07,0.02074482698091086
324916756972236008,2021-07,0.01708844476076227
324916756972236008,2021-07,0.012718502231696347
7269781193318890653,2021-07,0.01229320432727526
7269781193318890653,2021-07,0.012584083277290799
6784879562354696650,2021-07,0.01336249770504983
8229446069655666941,2021-07,0.9784625184829977
8229446069655666941,2021-07,0.0806638512061818
4972567100282306577,2021-07,0.01126206171801162
5864443060004179363,2021-07,0.003156592527277286
5864443060004179363,2021-07,0.002827381949957451
5864443060004179363,2021-07,0.016845796432995736
5864443060004179363,2021-07,0.0030396450244368793
5864443060004179363,2021-07,0.0033411637806310015
2439954154030259398,2021-07,0.025344436665793314
8623308321032624474,2021-07,0.1319566840484987
8623308321032624474,2021-07,0.9039339026212726
8623308321032624474,2021-07,0.1608456369022521
4524147234488547993,2021-07,0.0068968298817138635
4524147234488547993,2021-07,0.006649843954048359
4524147234488547993,2021-07,0.0076099424290021755
6987942592445950913,2021-07,0.004892980926529789
6987942592445950913,2021-07,0.005328706050515497
6987942592445950913,2021-07,0.004373988278602077
6987942592445950913,2021-07,0.004587620757408624
8684964138237894839,2021-07,0.048537874588367
6582676833651678345,2021-07,0.002939543759885904
6582676833651678345,2021-07,0.002468267494921915
6582676833651678345,2021-07,0.002468267494921915
6582676833651678345,2021-07,0.002939543759885904
6582676833651678345,2021-07,0.002939543759885904
6582676833651678345,2021-07,0.0029776596652921878
6582676833651678345,2021-07,0.0024502109257179758
6582676833651678345,2021-07,0.0022059923908107435
1036256411320325774,2021-07,0.005403609605596525
1036256411320325774,2021-07,0.004712980065911697
968199235777440720,2021-07,0.00547035435669791
968199235777440720,2021-07,0.0051012755811713556
968199235777440720,2021-07,0.0051012755811713556
968199235777440720,2021-07,0.0051012755811713556
968199235777440720,2021-07,0.0047891362587608975
968199235777440720,2021-07,0.005781053089702798
968199235777440720,2021-07,0.005080358115484333
968199235777440720,2021-07,0.005117623534836333
6916556752218696485,2021-07,0.004876531240395908
6916556752218696485,2021-07,0.005106314157934526
6916556752218696485,2021-07,0.005470241473063969
6916556752218696485,2021-07,0.004369802477146821
6916556752218696485,2021-07,0.0054018910933291645
6916556752218696485,2021-07,0.005507679952191128
6916556752218696485,2021-07,0.006555394997875778
6916556752218696485,2021-07,0.005452708868824701
6916556752218696485,2021-07,0.004860892228946854
6916556752218696485,2021-07,0.005075750897442505
6916556752218696485,2021-07,0.004355781429156641
6916556752218696485,2021-07,0.005075750897442505
6030285068945261052,2021-07,0.001800702160368884
6030285068945261052,2021-07,0.002867298350905623
6030285068945261052,2021-07,0.015767351876735575
6030285068945261052,2021-07,0.0015364803585458575
6030285068945261052,2021-07,0.0014054342977362754
8463871205935856285,2021-07,0.01780842130466807
4071158585850879204,2021-07,0.03160876771380488
4071158585850879204,2021-07,0.023020845595424395
4071158585850879204,2021-07,0.8716306106125652
3218226066162129945,2021-07,0.14596777751906626
4679462479444735708,2021-07,0.023567431839849422
4679462479444735708,2021-07,0.024102153954353923
4679462479444735708,2021-07,0.03297601276842171
4679462479444735708,2021-07,0.019804545893051185
4679462479444735708,2021-07,0.022227740481508836
4679462479444735708,2021-07,0.027976251071055544
4724876423989598202,2021-07,0.023256568278171116
4724876423989598202,2021-07,0.01313507994818928
4724876423989598202,2021-07,0.012296437325618205
2128970218770090704,2021-07,0.08860353142687208
2128970218770090704,2021-07,0.007596746981812359
2128970218770090704,2021-07,0.007025588342602473
1003144834589372198,2021-07,0.005449153606433827
1003144834589372198,2021-07,0.005245477739793472
9127318190908282126,2021-07,0.004574391446774029
9127318190908282126,2021-07,0.002940218485764215
8163895533020293251,2021-07,0.8483167217877817
8163895533020293251,2021-07,0.9103919595082272
8163895533020293251,2021-07,0.9132049963609156
5794903898038236832,2021-07,0.03196222297911479
5794903898038236832,2021-07,0.034342786840749706
3960251564708868781,2021-07,0.02428705378586266
3960251564708868781,2021-07,0.053803863011857904
3960251564708868781,2021-07,0.030901954424742452
3960251564708868781,2021-07,0.026031167214835883
3960251564708868781,2021-07,0.02467309887803889
5888474320320735000,2021-07,0.9508447632646405
5888474320320735000,2021-07,0.9508447632646405
5888474320320735000,2021-07,0.9471091172265791
761746217261797478,2021-07,0.0022331700811917834
761746217261797478,2021-07,0.0024747576205856295
1507697130807703164,2021-07,0.00547085430686695
9184785003280841216,2021-07,0.00778064652445975
9184785003280841216,2021-07,0.00851610567894895
9184785003280841216,2021-07,0.0058574619513159535
1182975716201409626,2021-07,0.018127719876280028
1182975716201409626,2021-07,0.3755539946260628
1182975716201409626,2021-07,0.015481302286971118
1182975716201409626,2021-07,0.01697379913899177
1182975716201409626,2021-07,0.01700921003970488
5369576709077493659,2021-07,0.011969229884009521
3472934456083131714,2021-07,0.007487012346570039
717981637594591016,2021-07,0.0019483104831510077
717981637594591016,2021-07,0.025011598043199038
717981637594591016,2021-07,0.0016527120887294912
717981637594591016,2021-07,0.0013824697143317102
8255085612985072878,2021-07,0.003397966034563764
8255085612985072878,2021-07,0.002715829394778006
7751080728852739823,2021-07,0.01903495176737791
7751080728852739823,2021-07,0.46070608342381314
4347826483121154490,2021-07,0.008270805576848466
4347826483121154490,2021-07,0.002451223376182345
4347826483121154490,2021-07,0.002446254555593454
4347826483121154490,2021-07,0.0024340316296815917
4347826483121154490,2021-07,0.0037591221791220234
4347826483121154490,2021-07,0.006892865576661077
4347826483121154490,2021-07,0.002109015158628506
4347826483121154490,2021-07,0.0023970423035575726
4347826483121154490,2021-07,0.0017192295218672244
2214132103234633622,2021-07,0.010070521781906407
2214132103234633622,2021-07,0.009443344407460471
2214132103234633622,2021-07,0.0074786752985575
2214132103234633622,2021-07,0.009150588562539896
2214132103234633622,2021-07,0.009150588562539896
410843023337872279,2021-07,0.010038814496641624
2022367282554149730,2021-07,0.008815156903901401
2022367282554149730,2021-07,0.006832319690577114
7637066986811047950,2021-07,0.01964205809867959
7637066986811047950,2021-07,0.05488273637447163
7637066986811047950,2021-07,0.054154577150108144
86110062990790869,2021-07,0.04533655363229652
5304536516981778801,2021-07,0.0032812105121367693
5304536516981778801,2021-07,0.004359772582584427
5304536516981778801,2021-07,0.004333876244670245
3829967475074118757,2021-07,0.8720486085564787
3829967475074118757,2021-07,0.8821009263003713
7444686668183702737,2021-07,0.003014148885807732
7444686668183702737,2021-07,0.002415251440043682
682352428813668634,2021-07,0.004021667131799776
682352428813668634,2021-07,0.004062714830459098
682352428813668634,2021-07,0.003538078345886357
682352428813668634,2021-07,0.003668562619807982
682352428813668634,2021-07,0.0039012460364584753
682352428813668634,2021-07,0.0039012460364584753
7613717984547031729,2021-07,0.005368734013090085
7910340581026492945,2021-07,0.0039129127753474175
7910340581026492945,2021-07,0.0038462613818745672
7910340581026492945,2021-07,0.2361760860389584
6352592240901579272,2021-07,0.013035461064014344
5574997762710520717,2021-07,0.01572213786905252
5574997762710520717,2021-07,0.013473538130415722
8939476669690489534,2021-07,0.029062084257629163
107343823625119033,2021-07,0.0074047522425444955
6349142675790687765,2021-07,0.4000615566979901
6349142675790687765,2021-07,0.40933709196377843
6349142675790687765,2021-07,0.40933709196377843
5067621068959932809,2021-07,0.03313439088891995
5067621068959932809,2021-07,0.064736686418542
5067621068959932809,2021-07,0.023880818419895485
5067621068959932809,2021-07,0.027741508157366992
5067621068959932809,2021-07,0.01781301442274703
2397171153213063761,2021-07,0.011497304298839878
2397171153213063761,2021-07,0.010493217517264342
2397171153213063761,2021-07,0.01547134809466102
2397171153213063761,2021-07,0.013969975699440822
2397171153213063761,2021-07,0.015613690565431795
8195468623809753777,2021-07,0.0029908939926970744
8195468623809753777,2021-07,0.004585935706220115
8195468623809753777,2021-07,0.0051050694273783665
8195468623809753777,2021-07,0.0023869862038237823
6271697692808086495,2021-07,0.03212698542501088
5176940320835464459,2021-07,0.01114168860179779
5176940320835464459,2021-07,0.010590496296528995
5176940320835464459,2021-07,0.016604763828258574
5176940320835464459,2021-07,0.018038117889417067
5176940320835464459,2021-07,0.012380460709373585
5176940320835464459,2021-07,0.011373321274805469
5176940320835464459,2021-07,0.009410109638262082
4342146186255136598,2021-07,0.001821222688822951
4342146186255136598,2021-07,0.0016891964299104937
4342146186255136598,2021-07,0.03382437332506746
4795152981525833467,2021-07,0.011486665579476425
4795152981525833467,2021-07,0.02881470584058685
4795152981525833467,2021-07,0.02881470584058685
4795152981525833467,2021-07,0.022951642943750655
4795152981525833467,2021-07,0.03121489281911336
5714540197488862003,2021-07,0.34413419035141124
5714540197488862003,2021-07,0.9757926224993343
5714540197488862003,2021-07,0.3366029365236952
6012031176108922616,2021-07,0.006347469565778029
1998941557906036376,2021-07,0.010823210647905727
5558533999208199371,2021-07,0.6742281878349949
8464809590757561185,2021-07,0.012641243030656106
8464809590757561185,2021-07,0.010910993461672442
8464809590757561185,2021-07,0.010606849761587798
8464809590757561185,2021-07,0.012884170120982382
6721448955097663572,2021-07,0.02461002672404002
6721448955097663572,2021-07,0.0137064224545847
6721448955097663572,2021-07,0.016850529013161496
5225029212547588718,2021-07,0.008016999030837588
5225029212547588718,2021-07,0.009179080864590803
5225029212547588718,2021-07,0.06380614064519302
8926565682509268383,2021-07,0.008256880409209882
8926565682509268383,2021-07,0.008672114587801085
8926565682509268383,2021-07,0.008256880409209882
8926565682509268383,2021-07,0.008081021133806024
8926565682509268383,2021-07,0.006254413583032418
8926565682509268383,2021-07,0.006514314233411467
8926565682509268383,2021-07,0.007085575566356082
2983174282784691273,2021-07,0.008893236065946495
2983174282784691273,2021-07,0.5760022376540131
8536031856585966123,2021-07,0.010106243605389373
8536031856585966123,2021-07,0.00830257879459069
8536031856585966123,2021-07,0.8611546592210365
8536031856585966123,2021-07,0.8703148374247878
8536031856585966123,2021-07,0.7657722187383326
7696655736121386405,2021-07,0.019051880580207774
7696655736121386405,2021-07,0.018759107094920454
7750874287225529604,2021-07,0.002994509032621748
7750874287225529604,2021-07,0.003298422482170748
7750874287225529604,2021-07,0.004845971603959994
8013668117699219722,2021-07,0.13809548766646942
7289435138601868544,2021-07,0.013971191862606109
7289435138601868544,2021-07,0.009531908484137508
7289435138601868544,2021-07,0.009821302078729225
5042877476420217533,2021-07,0.008606936758777346
5042877476420217533,2021-07,0.005581760792331284
1299146298565441811,2021-07,0.02073481667268793
8376902089871279815,2021-07,0.005333516417553672
8376902089871279815,2021-07,0.005747507833593903
8376902089871279815,2021-07,0.005670485805477674
3997247264680905799,2021-07,0.007691380623339272
3997247264680905799,2021-07,0.006418409246883566
5029701292539093910,2021-07,0.0694571700199051
8733525963966339207,2021-07,0.7759824637280175
8733525963966339207,2021-07,0.3221548896705288
8733525963966339207,2021-07,0.3274157364504361
1454789421854453615,2021-07,0.028176354917015537
1454789421854453615,2021-07,0.04647263986318796
1454789421854453615,2021-07,0.03617612750142278
1454789421854453615,2021-07,0.05932207040132133
209477776078372134,2021-07,0.006517233314108846
209477776078372134,2021-07,0.006058202753488807
209477776078372134,2021-07,0.004496505231604059
209477776078372134,2021-07,0.0049050856933852
3156852928909455203,2021-07,0.022023718391297065
3156852928909455203,2021-07,0.01740929353602468
7590999900861381526,2021-07,0.11378609690031612
4556737702757145073,2021-07,0.004554845287771706
6545052034269841737,2021-07,0.01854161133081365
6545052034269841737,2021-07,0.019106786337491237
6545052034269841737,2021-07,0.5272348734537897
6545052034269841737,2021-07,0.019308505036100133
6545052034269841737,2021-07,0.01785416144232321
6545052034269841737,2021-07,0.019683192819049095
3571198145319411787,2021-07,0.01854692697386192
3571198145319411787,2021-07,0.017686156162550544
3571198145319411787,2021-07,0.04179646765737436
3571198145319411787,2021-07,0.014362531204909419
8874257794774679816,2021-07,0.004793025785809294
2634859679238614382,2021-07,0.003979583914993769
2634859679238614382,2021-07,0.003724293596825333
2634859679238614382,2021-07,0.0033071031386709302
2634859679238614382,2021-07,0.0033071031386709302
2634859679238614382,2021-07,0.003961474831935644
2634859679238614382,2021-07,0.0024501047804795823
2678966409665050034,2021-07,0.00954354998513121
2678966409665050034,2021-07,0.008940530106338497
2678966409665050034,2021-07,0.010913320026139432
2678966409665050034,2021-07,0.011149069983446641
2250817603281429928,2021-07,0.002874056085358199
2106875407768047316,2021-07,0.007775760597727152
7458891296671174680,2021-07,0.5909132033156921
8213533889694327948,2021-07,0.0031493375590605274
8213533889694327948,2021-07,0.0035607819002134253
8213533889694327948,2021-07,0.0028255624091500695
6471448246085839373,2021-07,0.005868493168245104
2532435113844289043,2021-07,0.004137513922126852
2532435113844289043,2021-07,0.00481057097194829
2532435113844289043,2021-07,0.004435874410150262
2532435113844289043,2021-07,0.004556116399686988
2532435113844289043,2021-07,0.003432791495444014
2532435113844289043,2021-07,0.003432791495444014
2532435113844289043,2021-07,0.004501168058550098
2532435113844289043,2021-07,0.0027098428724565784
2532435113844289043,2021-07,0.005239139017891165
2532435113844289043,2021-07,0.0025493429664371374
2532435113844289043,2021-07,0.0025493429664371374
3137879241768961145,2021-07,0.0020036038851479125
3137879241768961145,2021-07,0.004384694534559841
3118152790263512426,2021-07,0.005601307177940158
3118152790263512426,2021-07,0.006825130900928
903093877129717133,2021-07,0.0032951675671803603
903093877129717133,2021-07,0.0024677577152586337
2645324649046215594,2021-07,0.010092182223365909
2645324649046215594,2021-07,0.008759258083060783
2645324649046215594,2021-07,0.00939210561968654
621182491555347581,2021-07,0.005479890748105966
621182491555347581,2021-07,0.006495500050767865
8706851346184249504,2021-07,0.003853233543260399
1343530446996409207,2021-07,0.005366593020192399
1343530446996409207,2021-07,0.012610444005110116
3977861004707764824,2021-07,0.04111715192852955
3977861004707764824,2021-07,0.036629696030482786
3977861004707764824,2021-07,0.028762234793228328
3977861004707764824,2021-07,0.029681877444695002
3977861004707764824,2021-07,0.029657735546592567
1156053485989336481,2021-07,0.31932433928455994
1156053485989336481,2021-07,0.2901327613633534
1156053485989336481,2021-07,0.9606601988755719
1156053485989336481,2021-07,0.35840396700024046
1156053485989336481,2021-07,0.3247038458819752
1156053485989336481,2021-07,0.34715194764726054
1156053485989336481,2021-07,0.3334940955204617
1118514612547157551,2021-07,0.03934466776341551
1118514612547157551,2021-07,0.04628612821042293
6817075905797098547,2021-07,0.04684687341078199
7930925883736021864,2021-07,0.005406356918232761
7930925883736021864,2021-07,0.004822770737703771
7930925883736021864,2021-07,0.005094482172927497
7930925883736021864,2021-07,0.004852122670044217
7930925883736021864,2021-07,0.00414111268008631
7930925883736021864,2021-07,0.0036597858980653595
7930925883736021864,2021-07,0.002991924404535345
2451708306555441014,2021-07,0.007281275719095627
7442192566700924647,2021-07,0.00237102097765639
7442192566700924647,2021-07,0.07747938148142708
7442192566700924647,2021-07,0.0022739492192997775
7442192566700924647,2021-07,0.0023032550570042847
2988042199057874759,2021-07,0.006035928049976983
3634047863995720708,2021-07,0.005002170575011707
7085295800541340563,2021-07,0.010276998597481943
7085295800541340563,2021-07,0.02158048860060309
7085295800541340563,2021-07,0.008968412549441238
4335865859049992260,2021-07,0.2562556559098718
4335865859049992260,2021-07,0.006577560699274889
2290083177086946553,2021-07,0.012051580802413354
2290083177086946553,2021-07,0.011891316472153603
2290083177086946553,2021-07,0.007051321592471618
7177785309735471560,2021-07,0.003858383523357682
7177785309735471560,2021-07,0.0027082687760025333
5477523784812182605,2021-07,0.9335881471127905
5477523784812182605,2021-07,0.8958228995097692
8961924617442201922,2021-07,0.0024559623819703593
7595945751692012281,2021-07,0.005834509869099026
2333404192508932057,2021-07,0.012227086685670465
2333404192508932057,2021-07,0.01948690648710754
2333404192508932057,2021-07,0.007617420375875592
4593070249039532001,2021-07,0.037789186916371224
6053752047545474051,2021-07,0.025724212219807387
6053752047545474051,2021-07,0.013913553889303593
6053752047545474051,2021-07,0.014046976022546584
6053752047545474051,2021-07,0.021038693730692757
6053752047545474051,2021-07,0.024233142615786324
6053752047545474051,2021-07,0.02201491635774669
6053752047545474051,2021-07,0.020469016643900464
6091519986999196884,2021-07,0.008240640799904251
6091519986999196884,2021-07,0.00965212272747911
7535160686416710323,2021-07,0.02050161518986865
3036967290595689189,2021-07,0.0066177564586748635
5999145415800242177,2021-07,0.015799134811321856
5999145415800242177,2021-07,0.01804883950737485
7930644815080409701,2021-07,0.04127116083581842
510795635145114083,2021-07,0.03645050215260317
510795635145114083,2021-07,0.02423152263772531
510795635145114083,2021-07,0.02136695405518831
510795635145114083,2021-07,0.02168821176280852
510795635145114083,2021-07,0.04166102603244462
187117706370645370,2021-07,0.025254684848719424
187117706370645370,2021-07,0.029172779448913704
187117706370645370,2021-07,0.054181461895938005
5462970244186515758,2021-07,0.005105790186614174
5462970244186515758,2021-07,0.00570314564803261
4769364850030443969,2021-07,0.04201124611479432
4769364850030443969,2021-07,0.03670412306301411
4769364850030443969,2021-07,0.04136419968101547
5726178124659661019,2021-07,0.015029604624908143
5726178124659661019,2021-07,0.01427455607071947
5726178124659661019,2021-07,0.004571392592568498
5726178124659661019,2021-07,0.004571392592568498
5726178124659661019,2021-07,0.004495926949390541
5726178124659661019,2021-07,0.2273524771057546
5726178124659661019,2021-07,0.0133221793421695
5726178124659661019,2021-07,0.004510147189393202
5726178124659661019,2021-07,0.0049192925667897215
5726178124659661019,2021-07,0.004875165590185796
5726178124659661019,2021-07,0.005458799169739771
5726178124659661019,2021-07,0.005293469591687624
5726178124659661019,2021-07,0.005692328520180441
5726178124659661019,2021-07,0.00592064734753777
5726178124659661019,2021-07,0.0070384199340539156
5726178124659661019,2021-07,0.006343791324781184
5726178124659661019,2021-07,0.006559823099710929
5726178124659661019,2021-07,0.007438161622337449
1141681690629134039,2021-07,0.015003179730695662
4095739077267179172,2021-07,0.055208953538227815
4095739077267179172,2021-07,0.05565325778120235
4095739077267179172,2021-07,0.044081216544364116
1551531256789550891,2021-07,0.0035883180266670926
1551531256789550891,2021-07,0.008242630834371472
1551531256789550891,2021-07,0.00576458010407416
9108733472015251498,2021-07,0.003299652036270884
851897122328714307,2021-07,0.003798159564333336
6795467882769787169,2021-07,0.004499142547619956
5856610998569876318,2021-07,0.003417931940703648
3093415403379897112,2021-07,0.00751082067359634
6061850657256270336,2021-07,0.006677368049485016
6061850657256270336,2021-07,0.0069206822944115004
165658847908185334,2021-07,0.03160230269279741
4850722092974676955,2021-07,0.00978188167326845
4850722092974676955,2021-07,0.010176713916601611
3140918607946425426,2021-07,0.0053928289054521305
7398738404146260251,2021-07,0.003389814374754873
4863405965754103821,2021-07,0.0811692905155656
4863405965754103821,2021-07,0.05941726376126343
4863405965754103821,2021-07,0.05941726376126343
4863405965754103821,2021-07,0.09044718839994051
4863405965754103821,2021-07,0.08562030981556633
4863405965754103821,2021-07,0.0873866163085042
4863405965754103821,2021-07,0.17301994646254068
4863405965754103821,2021-07,0.17301994646254068
4863405965754103821,2021-07,0.12058409783249359
968400235888951633,2021-07,0.002499068298721776
798425422240919854,2021-07,0.003899689741629189
1308019675417057675,2021-07,0.009841763105082812
1308019675417057675,2021-07,0.0099243537615734
6238903426443761049,2021-07,0.028780541631544622
6238903426443761049,2021-07,0.025695053976154358
6238903426443761049,2021-07,0.026916935057811505
4465150716052427320,2021-07,0.011714506458585858
4465150716052427320,2021-07,0.006738835859821497
1033361676287635885,2021-07,0.02952711420780893
1033361676287635885,2021-07,0.02975277826772624
1033361676287635885,2021-07,0.028752695496726485
652740132671309295,2021-07,0.08130093722423756
652740132671309295,2021-07,0.16268201909457183
652740132671309295,2021-07,0.0916546967557541
8004521604421988528,2021-07,0.0514608134254798
8004521604421988528,2021-07,0.056105718850685715
4717717003637613480,2021-07,0.009934811408110181
8348574220426911086,2021-07,0.01101654965045491
5301988619224057921,2021-07,0.7964273121334554
5301988619224057921,2021-07,0.8454964148471923
5301988619224057921,2021-07,0.9081005498699978
5301988619224057921,2021-07,0.8540434268947426
5301988619224057921,2021-07,0.8287490565566822
5301988619224057921,2021-07,0.8540434268947426
8350724667410677464,2021-07,0.16653733438928292
8350724667410677464,2021-07,0.1285644066650469
7457803471605010846,2021-07,0.0032091750119341875
7457803471605010846,2021-07,0.00274786341756903
1430896989654626045,2021-07,0.004158450061375341
1430896989654626045,2021-07,0.003743869517791893
1430896989654626045,2021-07,0.0053702139371470115
2554972344348383830,2021-07,0.011133221563165858
2554972344348383830,2021-07,0.009477842756202011
2819054834565698513,2021-07,0.015024513640993836
2819054834565698513,2021-07,0.017191775467253277
8843432852270832388,2021-07,0.006001151536546483
2943087245123311166,2021-07,0.04222855473648418
2943087245123311166,2021-07,0.4664805109739089
2943087245123311166,2021-07,0.032737790733391565
2943087245123311166,2021-07,0.041989190990362316
8826489829259520138,2021-07,0.0033615686939078284
8826489829259520138,2021-07,0.0030605037768168613
8826489829259520138,2021-07,0.0034599378713253293
8826489829259520138,2021-07,0.0025528411811180035
8535586342375301953,2021-07,0.011888350025115992
1661240395903230676,2021-07,0.11721534782013082
1661240395903230676,2021-07,0.12278654624279103
1661240395903230676,2021-07,0.10759404249832029
1661240395903230676,2021-07,0.12687284602625487
8049805689946244047,2021-07,0.004898256358232715
1276604410881911401,2021-07,0.03964320596059728
1276604410881911401,2021-07,0.03964320596059728
1276604410881911401,2021-07,0.050589405044237735
1276604410881911401,2021-07,0.050589405044237735
1276604410881911401,2021-07,0.050589405044237735
1276604410881911401,2021-07,0.03964320596059728
1276604410881911401,2021-07,0.04491270614469899
1276604410881911401,2021-07,0.03280142181127007
1276604410881911401,2021-07,0.6458855610247863
1276604410881911401,2021-07,0.05968680796663585
5432443358006556295,2021-07,0.015914215641789697
5432443358006556295,2021-07,0.022619734620125103
8603678028264007695,2021-07,0.013052898050422507
8603678028264007695,2021-07,0.008456425986364676
5511113649464808344,2021-07,0.8897270827905658
5511113649464808344,2021-07,0.3742410840772609
5511113649464808344,2021-07,0.4074168479843465
3263212305228307743,2021-07,0.0026870685503384358
3263212305228307743,2021-07,0.0020641108051136646
3263212305228307743,2021-07,0.0018201289585991199
3263212305228307743,2021-07,0.002255396987267313
170089315547146305,2021-07,0.007323619019656547
170089315547146305,2021-07,0.0068211414330003545
170089315547146305,2021-07,0.013662367870114107
170089315547146305,2021-07,0.006197430142724125
4740535838297269949,2021-07,0.0028191102474855226
4740535838297269949,2021-07,0.003119650825575087
4740535838297269949,2021-07,0.003228491091854599
4740535838297269949,2021-07,0.003382856873167126
4740535838297269949,2021-07,0.00332768375981381
4740535838297269949,2021-07,0.0028990726599641744
7970976988071755401,2021-07,0.10232498784870718
7970976988071755401,2021-07,0.10232498784870718
8287608084245946173,2021-07,0.007215759592389067
8287608084245946173,2021-07,0.0067173603229774255
1423952977138155129,2021-07,0.015389887332023325
1423952977138155129,2021-07,0.014768983859125442
2455576782104041698,2021-07,0.04214574111763706
2455576782104041698,2021-07,0.18311647218581759
6373947691253940364,2021-07,0.03247440151707754
459290606780222306,2021-07,0.002923501400213792
459290606780222306,2021-07,0.0025694569909899307
459290606780222306,2021-07,0.003984757542562075
459290606780222306,2021-07,0.0024864909374483326
459290606780222306,2021-07,0.0023544968304708485
459290606780222306,2021-07,0.0021892964056109917
459290606780222306,2021-07,0.0024782176506614323
4052557282157719526,2021-07,0.013537167426886295
7215093571368368138,2021-07,0.24042230898531355
7215093571368368138,2021-07,0.30941853265021885
7215093571368368138,2021-07,0.3026627383648677
1192891347324061812,2021-07,0.003997590417495768
1192891347324061812,2021-07,0.004704769359088078
1192891347324061812,2021-07,0.008910437618164133
1192891347324061812,2021-07,0.004129696779735137
1192891347324061812,2021-07,0.003527175307741045
3022528659032597047,2021-07,0.04568221293789906
3022528659032597047,2021-07,0.03125881440074057
2763141362035716801,2021-07,0.003964229907295642
2763141362035716801,2021-07,0.003808712304585249
5465001651966355821,2021-07,0.2502890724570345
5465001651966355821,2021-07,0.019578393746282438
3357976326879346012,2021-07,0.4243121127550756
5880041582322293710,2021-07,0.03051310076938403
5880041582322293710,2021-07,0.22302047485719104
5880041582322293710,2021-07,0.02782442976072414
5880041582322293710,2021-07,0.02149938358920969
6927178425683104769,2021-07,0.007564040300134889
6927178425683104769,2021-07,0.008411888308449295
4723919748432185874,2021-07,0.004471396355205033
4723919748432185874,2021-07,0.0037428150276866533
7325545718770538459,2021-07,0.0032720202583368225
7325545718770538459,2021-07,0.003424992119709291
7325545718770538459,2021-07,0.27411084443136324
7325545718770538459,2021-07,0.0031772088440920093
7325545718770538459,2021-07,0.00545067244140569
7325545718770538459,2021-07,0.0034908531842548465
7325545718770538459,2021-07,0.0037061210154798103
5753677550753111444,2021-07,0.0017141373590921197
5753677550753111444,2021-07,0.0015176641697093056
8559143756893267192,2021-07,0.03138828109340914
1292049196559782171,2021-07,0.054134431442064083
4334472256949955221,2021-07,0.010406514513136239
4334472256949955221,2021-07,0.008238252465224798
6367769402148499693,2021-07,0.00630634646110828
6367769402148499693,2021-07,0.006856382671171887
6367769402148499693,2021-07,0.007852183559712901
7816319470107777265,2021-07,0.05180908265393982
7816319470107777265,2021-07,0.05104208762982398
696014079855281037,2021-07,0.030301448518112565
4874157215501489741,2021-07,0.01690749994461178
4874157215501489741,2021-07,0.22568614746868498
4874157215501489741,2021-07,0.017538721090302745
3204108603682323936,2021-07,0.0029995792509157713
3204108603682323936,2021-07,0.0030474022969017114
3204108603682323936,2021-07,0.003017169162595827
3204108603682323936,2021-07,0.0021036544155199643
4202876623878743806,2021-07,0.0049702996425452835
3822753345985951756,2021-07,0.010868542351463902
3822753345985951756,2021-07,0.01021072605993806
4853303856126909724,2021-07,0.9550208707498962
6242636379248496392,2021-07,0.008610142596301044
5799279645678609726,2021-07,0.040152166419379166
4850936440093751199,2021-07,0.00808246014975296
4850936440093751199,2021-07,0.005780279581084585
8552039412779393821,2021-07,0.04423797001341308
8552039412779393821,2021-07,0.047021952770203455
7436628409157313756,2021-07,0.021248800211763095
5855956854975734380,2021-07,0.007166464373717731
8123515208041701633,2021-07,0.020165544050857413
8123515208041701633,2021-07,0.020999424386966614
8123515208041701633,2021-07,0.040760450947868
9156666134024889730,2021-07,0.005362952985383934
9156666134024889730,2021-07,0.005804995346587349
6754039979151386401,2021-07,0.0064914074021808375
4183921942053157552,2021-07,0.031568245370433325
6941381638534728190,2021-07,0.0018392471189170674
6941381638534728190,2021-07,0.0022512960794287234
6941381638534728190,2021-07,0.0020618245015815925
8332840690177201182,2021-07,0.13246445763533776
8332840690177201182,2021-07,0.14780623484590144
8332840690177201182,2021-07,0.14856150230269233
7870373680211625064,2021-07,0.030135719674068237
7870373680211625064,2021-07,0.03336908786130341
2371917341091102894,2021-07,0.031346295693918245
2371917341091102894,2021-07,0.03615810750031721
1945147145527703963,2021-07,0.009871451015015973
1945147145527703963,2021-07,0.00815826566080122
7141263195360679278,2021-07,0.03452750850486187
7141263195360679278,2021-07,0.029223164823575228
7451017400765373278,2021-07,0.009230641814346647
7451017400765373278,2021-07,0.00992613032954924
5931905128207886847,2021-07,0.14115338775607986
4995679129936981612,2021-07,0.259680102349661
1097345589386012260,2021-07,0.006445038137668655
1097345589386012260,2021-07,0.0061045551878488764
2694466161223698243,2021-07,0.9361853481907426
69766362497027920,2021-07,0.19752220373262094
2735662700719640627,2021-07,0.033202191129834836
2308217045093677129,2021-07,0.01816888158301132
4820852183212661131,2021-07,0.682989245087259
4820852183212661131,2021-07,0.0158719679537049
4820852183212661131,2021-07,0.01788709669219381
984915269987074754,2021-07,0.0017419212097973915
670573866376512619,2021-07,0.050275185233491275
670573866376512619,2021-07,0.04951012611840688
2012477868296377155,2021-07,0.013135967997290287
2012477868296377155,2021-07,0.018898193252822437
2012477868296377155,2021-07,0.019292666997168324
2012477868296377155,2021-07,0.019292666997168324
2012477868296377155,2021-07,0.01857713660985785
7707459425750676368,2021-07,0.10879296163413141
7707459425750676368,2021-07,0.12260280655758996
7707459425750676368,2021-07,0.13145851451925025
2092588065958607289,2021-07,0.01149079151359239
2092588065958607289,2021-07,0.016021146041700535
2092588065958607289,2021-07,0.017556044260432137
2092588065958607289,2021-07,0.011888280435841269
2092588065958607289,2021-07,0.023942497052676995
2092588065958607289,2021-07,0.017805055538181666
2092588065958607289,2021-07,0.01874680493179107
2092588065958607289,2021-07,0.008916148360920698
837142477962609471,2021-07,0.015814690788181544
837142477962609471,2021-07,0.017156626280677507
1329553496073467331,2021-07,0.006788201324916644
963687627963462983,2021-07,0.0026581102207904415
963687627963462983,2021-07,0.051080456070236896
963687627963462983,2021-07,0.0026492455352769987
8764962131207592182,2021-07,0.027294469927407413
1617695035450525647,2021-07,0.0018187306511991258
1617695035450525647,2021-07,0.0019021612612438192
1617695035450525647,2021-07,0.0019025409939495684
1617695035450525647,2021-07,0.0018775558077079673
1617695035450525647,2021-07,0.002032323543698604
8596605705893456305,2021-07,0.8005114732798775
8596605705893456305,2021-07,0.7891016976686425
8596605705893456305,2021-07,0.7611161179745454
1088268935649917461,2021-07,0.02399969593147083
1088268935649917461,2021-07,0.0168604577825638
5460280878923715699,2021-07,0.008307805855286256
6969348581033924947,2021-07,0.007811813308174697
6969348581033924947,2021-07,0.013304149577636287
6969348581033924947,2021-07,0.013304149577636287
6969348581033924947,2021-07,0.08270112996535897
6969348581033924947,2021-07,0.01164217106716823
6969348581033924947,2021-07,0.02913848214210609
5758033363847724111,2021-07,0.0018479003748832529
5758033363847724111,2021-07,0.0018479003748832529
3382609338395832683,2021-07,0.2630980131284415
3382609338395832683,2021-07,0.26873016604827094
3750579377644235511,2021-07,0.9409416881035282
2408009918678280470,2021-07,0.05411776530041179
2408009918678280470,2021-07,0.05156550569974595
2408009918678280470,2021-07,0.06022124873866172
2408009918678280470,2021-07,0.05827792858474521
2408009918678280470,2021-07,0.04888000167855577
3543162424793477785,2021-07,0.11175065933101629
3543162424793477785,2021-07,0.020717763728609513
7710364735942975505,2021-07,0.4865200803444694
7710364735942975505,2021-07,0.021117805884453385
683445437387317282,2021-07,0.003242521823603439
683445437387317282,2021-07,0.007125276548537458
683445437387317282,2021-07,0.007082097224621487
683445437387317282,2021-07,0.004278528697817772
683445437387317282,2021-07,0.0031110902997602188
683445437387317282,2021-07,0.001815338735039107
3228830386980584958,2021-07,0.004395533811861823
5078307295214858596,2021-07,0.15513712754048883
5078307295214858596,2021-07,0.022554649164593866
5078307295214858596,2021-07,0.022422559004740092
4641659186059167709,2021-07,0.007799759737763969
5611787644735474299,2021-07,0.002155294355592845
5611787644735474299,2021-07,0.002444758453566277
5611787644735474299,2021-07,0.0023586913582225024
5611787644735474299,2021-07,0.002646429286262121
5611787644735474299,2021-07,0.002646429286262121
5611787644735474299,2021-07,0.002259160961494241
1717812527056208209,2021-07,0.2934554552861167
295375823203017296,2021-07,0.003179267362380277
295375823203017296,2021-07,0.004482222206659822
295375823203017296,2021-07,0.0031224325347472552
295375823203017296,2021-07,0.003684112974561873
5854364934896993687,2021-07,0.017852978592544328
5854364934896993687,2021-07,0.011954056465005617
7231408738455755015,2021-07,0.9684429285663465
7231408738455755015,2021-07,0.9784950284576154
7231408738455755015,2021-07,0.9617066907103242
7231408738455755015,2021-07,0.9683135563205258
2493688222671282470,2021-07,0.010416468787372605
2493688222671282470,2021-07,0.01172984915586433
2493688222671282470,2021-07,0.010360420448400187
3161361581909316305,2021-07,0.010758216480661022
1536087798470875922,2021-07,0.3180829866006815
1536087798470875922,2021-07,0.29956615069261866
1536087798470875922,2021-07,0.22609626629380988
1536087798470875922,2021-07,0.22609626629380988
3915426102465954493,2021-07,0.002454975990312601
3281818438120834833,2021-07,0.0026783104512568706
3281818438120834833,2021-07,0.0021599735836540478
1958660709350677213,2021-07,0.03405470949976426
1958660709350677213,2021-07,0.12143596371239378
1696462947583294958,2021-07,0.012204329953286252
1696462947583294958,2021-07,0.017645802219013133
4675067298171588603,2021-07,0.062128583624367816
4675067298171588603,2021-07,0.06433152491339422
4675067298171588603,2021-07,0.06430157978029727
4675067298171588603,2021-07,0.07239165878344266
8083157716178259762,2021-07,0.004922518679832571
2209806355660046187,2021-07,0.0036394779291526957
8609211777002937758,2021-07,0.003599301136413716
7818340804682162328,2021-07,0.03879737418860565
7818340804682162328,2021-07,0.021328646494545755
9089528044547831569,2021-07,0.7441028566846788
9089528044547831569,2021-07,0.003828897961166089
5795100045494475994,2021-07,0.03883250549859844
5795100045494475994,2021-07,0.04735365456010634
3931892303497206092,2021-07,0.022847725113279607
3931892303497206092,2021-07,0.022847725113279607
3931892303497206092,2021-07,0.01499858506381322
2900002014851776114,2021-07,0.6635159337214227
835441927760881602,2021-07,0.813335583157462
835441927760881602,2021-07,0.4532312579147792
835441927760881602,2021-07,0.48564774870577293
835441927760881602,2021-07,0.5544638350880084
8512214463586144353,2021-07,0.005502213530525155
8512214463586144353,2021-07,0.005241450960910239
8512214463586144353,2021-07,0.5581683866389955
8512214463586144353,2021-07,0.0055055115132149664
8512214463586144353,2021-07,0.003957788860241729
8512214463586144353,2021-07,0.004474320611095818
1253437108265925705,2021-07,0.0033485501165310383
1253437108265925705,2021-07,0.0032857514045561737
1253437108265925705,2021-07,0.0019296790426338098
5503391736465275980,2021-07,0.0120239641627299
2006188298374001315,2021-07,0.02739353058197663
2006188298374001315,2021-07,0.06080018883621248
2006188298374001315,2021-07,0.039917049607340764
3192341047315717823,2021-07,0.01356035897483646
5166128847048245697,2021-07,0.008938753460813183
5166128847048245697,2021-07,0.0054443348871576515
8889055492416898333,2021-07,0.05272357461609917
8889055492416898333,2021-07,0.14829125474378912
8889055492416898333,2021-07,0.06048525169172289
1368430815953333691,2021-07,0.19026414689835677
3248432590399829766,2021-07,0.007805976344490283
3248432590399829766,2021-07,0.005241712058574255
7041489327620930099,2021-07,0.003518412686916449
7041489327620930099,2021-07,0.0021363835048206973
1117184216453911295,2021-07,0.021137782150725246
1117184216453911295,2021-07,0.022682034077928376
1117184216453911295,2021-07,0.026432761767685393
2771214050521171719,2021-07,0.0029286375015428246
2771214050521171719,2021-07,0.0022191643440043706
8503092146854371576,2021-07,0.08557968960147687
8503092146854371576,2021-07,0.001005780419534546
7692335720341018458,2021-07,0.01857406307486281
7692335720341018458,2021-07,0.018860853702822918
93982185886107798,2021-07,0.016579300817819574
93982185886107798,2021-07,0.016579300817819574
93982185886107798,2021-07,0.013637094323556602
7471183491728700531,2021-07,0.5781757744331095
5274777191770957761,2021-07,0.7244763878400746
5274777191770957761,2021-07,0.719106870436091
8609938720215175911,2021-07,0.022696230697601023
8609938720215175911,2021-07,0.018889393254880288
2726314736140152277,2021-07,0.9573643243156468
2726314736140152277,2021-07,0.9606208497916308
175003104385133396,2021-07,0.26152552965620424
175003104385133396,2021-07,0.0036173569852882112
1637960623843047520,2021-07,0.3960157160879884
1637960623843047520,2021-07,0.37233811013578555
1637960623843047520,2021-07,0.4968107325480353
1637960623843047520,2021-07,0.3675727530674349
4043546053926060305,2021-07,0.7596197144415231
4043546053926060305,2021-07,0.7639313389922063
4043546053926060305,2021-07,0.7757418000479039
4043546053926060305,2021-07,0.7983555933816304
4043546053926060305,2021-07,0.7874097019881892
1778014915038250584,2021-07,0.10451235236258942
7347715771145302549,2021-07,0.001873650224289724
7347715771145302549,2021-07,0.001610465774993949
7347715771145302549,2021-07,0.001840174333358036
7347715771145302549,2021-07,0.0017713951971595721
7347715771145302549,2021-07,0.0011344249135589075
1891145854263312840,2021-07,0.5313930581217435
1002362614649347438,2021-07,0.005792864145225897
4166581859919473627,2021-07,0.013854398315143955
4166581859919473627,2021-07,0.009296167580074663
1210783884008131648,2021-07,0.005690383996835667
1210783884008131648,2021-07,0.003900171913925257
1210783884008131648,2021-07,0.007685301855635994
7787306805605072964,2021-07,0.6242866463473487
6724017568171288443,2021-07,0.008279076370874173
6724017568171288443,2021-07,0.006301526511444904
4714214581184951490,2021-07,0.005171813950512588
1553628056929342565,2021-07,0.01369926925469983
7395696797140470088,2021-07,0.0020261274116352445
7395696797140470088,2021-07,0.001751748473802075
7395696797140470088,2021-07,0.001764464419974049
8919892162361650175,2021-07,0.5890908334121836
8313765100460016738,2021-07,0.25888217074704395
8313765100460016738,2021-07,0.4047021367854483
39547025441582855,2021-07,0.8279026888640085
662944582644865942,2021-07,0.022562283735131902
8784237149961904,2021-07,0.005955462759830253
8784237149961904,2021-07,0.007998901883848601
1977574645216036803,2021-07,0.9735971963018606
3713742318997880410,2021-07,0.008381566254289534
3713742318997880410,2021-07,0.014453538333363259
2808145376905474927,2021-07,0.46848778288959
2808145376905474927,2021-07,0.016640900219028313
4566920105008626302,2021-07,0.010172945538105644
4566920105008626302,2021-07,0.00957713270904786
4566920105008626302,2021-07,0.010647749018586533
1106971614386004604,2021-07,0.006952910900642558
2772135008486239291,2021-07,0.03328985165551093
2772135008486239291,2021-07,0.029575610775340818
8505870778358741102,2021-07,0.03921128390618787
8505870778358741102,2021-07,0.017586481260370122
8505870778358741102,2021-07,0.018221846638543798
8505870778358741102,2021-07,0.01849793729459312
8505870778358741102,2021-07,0.019651329390795662
2530707686830644666,2021-07,0.05869697623709768
2530707686830644666,2021-07,0.03274819403024867
2530707686830644666,2021-07,0.02598120140114506
7628167057144760589,2021-07,0.018580513726382412
7628167057144760589,2021-07,0.01574071169195207
6865071386683133124,2021-07,0.07461359646289462
7403979270048469991,2021-07,0.06479753835713259
7403979270048469991,2021-07,0.003017033620893247
4995217181024687397,2021-07,0.00260162352632972
4995217181024687397,2021-07,0.0022095999530474223
2302464746243069589,2021-07,0.01260253250585451
2302464746243069589,2021-07,0.06820531980996655
3338087778895249031,2021-07,0.7758450113415404
5503073374822479037,2021-07,0.023677385971543962
8400764778654490278,2021-07,0.03270142952945839
5200455618694210402,2021-07,0.009392400242898025
3536704882799524586,2021-07,0.051472971802264816
3536704882799524586,2021-07,0.03134706773906853
2535803443850893368,2021-07,0.0697704756914107
5606267905834401873,2021-07,0.002658214601281516
5606267905834401873,2021-07,0.00284793419922988
5606267905834401873,2021-07,0.4647081957064917
5606267905834401873,2021-07,0.002431426431407669
121658372387044248,2021-07,0.007713260101002168
121658372387044248,2021-07,0.007020086831408145
511305041047444825,2021-07,0.037980532657055886
8480109508191086169,2021-07,0.0029935698632888013
2951563549197799278,2021-07,0.0059525405871020814
2951563549197799278,2021-07,0.006116474282368989
2951563549197799278,2021-07,0.0043384412149793695
8343941262792249232,2021-07,0.07001079554873549
8343941262792249232,2021-07,0.06777321271927357
8343941262792249232,2021-07,0.046901442176714
3480297543931395935,2021-07,0.60136055937889
3480297543931395935,2021-07,0.5603463515882933
3480297543931395935,2021-07,0.5356431572031769
3480297543931395935,2021-07,0.5454115732042922
3480297543931395935,2021-07,0.3123183300346514
7920896580423665241,2021-07,0.010807628178729323
2322847438374159400,2021-07,0.0053917521661028985
2322847438374159400,2021-07,0.004168992480879746
8090492548102964782,2021-07,0.13357441011045879
8090492548102964782,2021-07,0.12057012896166765
113538242419211987,2021-07,0.017750681221936914
9099218788416728596,2021-07,0.8825338293455004
6546850858912852316,2021-07,0.5148433203036532
6546850858912852316,2021-07,0.4281091563426113
2382123267535341265,2021-07,0.15124611623201525
2382123267535341265,2021-07,0.15248726808304308
2382123267535341265,2021-07,0.4626086917552847
2382123267535341265,2021-07,0.015095314244517459
2382123267535341265,2021-07,0.012448730901310146
2382123267535341265,2021-07,0.1819654691606771
1951407691087813358,2021-07,0.0050438307507312905
1951407691087813358,2021-07,0.003705224384623078
1951407691087813358,2021-07,0.005417137665124986
8162017568751362437,2021-07,0.09272384194300122
8162017568751362437,2021-07,0.06819984754833118
8162017568751362437,2021-07,0.07310743656975244
2658946240987854807,2021-07,0.0055338016590363
2658946240987854807,2021-07,0.004403093861608972
2658946240987854807,2021-07,0.005634590972450266
1698828605814171242,2021-07,0.006516453318591726
1698828605814171242,2021-07,0.005508160432731988
3027683745465216663,2021-07,0.023040839553828674
3027683745465216663,2021-07,0.06597352527301255
3027683745465216663,2021-07,0.010991951442821498
6448580780254847411,2021-07,0.016664093353065058
6448580780254847411,2021-07,0.010616006544489555
5122095358293179297,2021-07,0.007435099277754381
5122095358293179297,2021-07,0.09287920990795656
5136739522477907100,2021-07,0.010716447703592983
5136739522477907100,2021-07,0.024884627077365832
3258345688897172820,2021-07,0.03019307098065047
3258345688897172820,2021-07,0.1545530831547371
5263285038415073073,2021-07,0.268013537018397
5371387005775513675,2021-07,0.3043465114109235
5371387005775513675,2021-07,0.9577677809621823
5371387005775513675,2021-07,0.9541863532549826
4858887739802767402,2021-07,0.006185216874434171
3812760626052898456,2021-07,0.0029223651004400123
3538481420098344176,2021-07,0.7567092002763174
3731278848600349375,2021-07,0.008124973039879788
2119292203323657032,2021-07,0.005407107883039622
2119292203323657032,2021-07,0.005290698263045458
3382624494518753363,2021-07,0.16745549461624684
3382624494518753363,2021-07,0.8112352774326218
3382624494518753363,2021-07,0.1405675095540137
3382624494518753363,2021-07,0.08432575565452308
1788369195969129749,2021-07,0.011069349452945975
6276792736652545216,2021-07,0.002317521568517383
1272921915900711149,2021-07,0.0036433434068309425
7779268298304613772,2021-07,0.01588594156705309
4414438591613884911,2021-07,0.011231108082556838
4414438591613884911,2021-07,0.010563706193233258
4414438591613884911,2021-07,0.01056505451257053
7120090169052575663,2021-07,0.008910460265842447
7120090169052575663,2021-07,0.005659709739479555
7176848230239877915,2021-07,0.0022338128982512845
7176848230239877915,2021-07,0.0027301679183714175
7176848230239877915,2021-07,0.1782424360908666
191536915328669008,2021-07,0.42003293273723746
1864367736036633256,2021-07,0.17767950298124707
1864367736036633256,2021-07,0.16914836686106924
5409960473983330744,2021-07,0.025028987101741552
4919908458022265747,2021-07,0.011417464646514984
4919908458022265747,2021-07,0.010833774248459242
4018182555897034052,2021-07,0.00652337997913306
4018182555897034052,2021-07,0.00383403145146077
6909701795322574613,2021-07,0.3694412032164901
6145308913889808258,2021-07,0.9370201790947249
6145308913889808258,2021-07,0.13151664043097977
8548612698724688238,2021-07,0.016681459096607704
8828303152301461681,2021-07,0.029454266975371908
8828303152301461681,2021-07,0.030918769066169426
8828303152301461681,2021-07,0.025449983261539008
7182085930008391174,2021-07,0.02742902037907767
7182085930008391174,2021-07,0.02358309340537043
622073912578471754,2021-07,0.5271057980955065
8662923640484889291,2021-07,0.009848139810075316
2778852475840838977,2021-07,0.13257876628421555
6643358471662528195,2021-07,0.0014656250484520773
6643358471662528195,2021-07,0.001524325666918452
2201150681962815877,2021-07,0.012128625289977903
2201150681962815877,2021-07,0.010570776825778725
5893903674205161232,2021-07,0.013060218549773139
5893903674205161232,2021-07,0.011234806200292295
5893903674205161232,2021-07,0.010421991109147646
1357573192598249600,2021-07,0.013472904032117908
1357573192598249600,2021-07,0.018370784939843496
4588313530969303734,2021-07,0.08706837782080558
4588313530969303734,2021-07,0.09216968225783809
4588313530969303734,2021-07,0.10670979107504505
4588313530969303734,2021-07,0.1274920466662478
7171835894416689226,2021-07,0.013812204287990735
4527499691197377217,2021-07,0.0064250136591217435
3668905663669864663,2021-07,0.008468719409950374
3668905663669864663,2021-07,0.014310458210466956
1674864668198542837,2021-07,0.48566570032056194
1674864668198542837,2021-07,0.43698626680004177
1477629972594346481,2021-07,0.0887088867218642
1477629972594346481,2021-07,0.7934259453128222
1477629972594346481,2021-07,0.09817632501229961
5958664040344043635,2021-07,0.01605280210015813
5082813456193598086,2021-07,0.26374192853300127
5082813456193598086,2021-07,0.01024722062249361
5048392903148444335,2021-07,0.07950409664259057
1579681122696922043,2021-07,0.026607197795137084
3415156360538677905,2021-07,0.014885954099118553
3415156360538677905,2021-07,0.024076048799384655
271068078606473697,2021-07,0.003928713887597694
5440313607363845188,2021-07,0.15519123097812876
5440313607363845188,2021-07,0.002856186238121878
1613152204777372951,2021-07,0.01985252620218689
4210463673385510745,2021-07,0.9481523070924391
4210463673385510745,2021-07,0.07224861995815107
1683619849073499603,2021-07,0.011024470152341084
1683619849073499603,2021-07,0.009491054494543747
5358243820364010940,2021-07,0.5650169529932821
5358243820364010940,2021-07,0.025331153168607155
7949169060790541229,2021-07,0.00697565648683074
5791518044186095039,2021-07,0.07869494473152494
5791518044186095039,2021-07,0.0023917888830167007
8724731934863284019,2021-07,0.038165869824559745
8724731934863284019,2021-07,0.037833744663194946
8724731934863284019,2021-07,0.027690227827261573
8724731934863284019,2021-07,0.023248630621356087
1741049493106216406,2021-07,0.9112574144777031
6337915293429442229,2021-07,0.05018209166163578
4635578010631860111,2021-07,0.44787775444574085
6122719618012473549,2021-07,0.0036930421673343553
3118683330911759410,2021-07,0.38398604914082557
3118683330911759410,2021-07,0.4449727893759904
7719481195372677540,2021-07,0.005528743470784542
7719481195372677540,2021-07,0.006295079659182286
8374461419511631785,2021-07,0.038615606335334375
8374461419511631785,2021-07,0.03983928998984872
1678680306005074426,2021-07,0.02815501027048841
1678680306005074426,2021-07,0.01619409018986098
1678680306005074426,2021-07,0.012673147836983997
8487807876567995441,2021-07,0.8398643567836774
8487807876567995441,2021-07,0.018867350102982884
8487807876567995441,2021-07,0.01990051881313835
1467843186411742274,2021-07,0.7566139252397344
3698481516392183789,2021-07,0.014236945362743447
5198904647759787695,2021-07,0.05089721508670359
3275327267689584006,2021-07,0.7280135590565051
3386019519917828299,2021-07,0.013628349782690174
8196449005061156808,2021-07,0.024531415675891267
3283662016127058429,2021-07,0.007759582002307481
3555655653190753786,2021-07,0.686353500334133
7665801401860589626,2021-07,0.011536129898527632
6020593949794792044,2021-07,0.025385411620320243
6020593949794792044,2021-07,0.026686303291388654
6824842959463625344,2021-07,0.37355171293626394
234898976850399181,2021-07,0.014351013447413801
4817816966382229074,2021-07,0.013563969766194684
4817816966382229074,2021-07,0.012680561927908148
4817816966382229074,2021-07,0.012680561927908148
4817816966382229074,2021-07,0.01169375781360681
4817816966382229074,2021-07,0.014123153862319177
3511416927745338332,2021-07,0.0020664255248786863
3511416927745338332,2021-07,0.002342774327637491
3511416927745338332,2021-07,0.0023301414735102106
3511416927745338332,2021-07,0.001802663040474588
3511416927745338332,2021-07,0.0018679547051436518
3511416927745338332,2021-07,0.0020768210098134794
3511416927745338332,2021-07,0.002175810591664995
2335982750277990437,2021-07,0.14858227433030732
4090195792518021727,2021-07,0.017847342099670302
3690886209682028027,2021-07,0.014703709078486655
3690886209682028027,2021-07,0.016208614815837758
3690886209682028027,2021-07,0.01679691083159219
9101617110967101591,2021-07,0.00710906809832971
6681781879793693802,2021-07,0.0059936421372659325
4284129442855564250,2021-07,0.02566243974245756
9052787288251876909,2021-07,0.0025575909677641594
2444743522510084109,2021-07,0.010693803243463276
940214356651040716,2021-07,0.18288819495602457
3045840317107313913,2021-07,0.008399244303444254
7142043104834932013,2021-07,0.01592628815358654
4785355632922927313,2021-07,0.393229511792856
4785355632922927313,2021-07,0.4090203227546752
4956614249204803652,2021-07,0.030750799958823485
4956614249204803652,2021-07,0.5553965740561954
4956614249204803652,2021-07,0.025640865436169058
15070048310374146,2021-07,0.0701315260737864
7200509200540839533,2021-07,0.02633784212919703
7200509200540839533,2021-07,0.012486595970089328
4614484019183480654,2021-07,0.0057758822071176386
7999843484680834128,2021-07,0.3193994558234195
2377020220794016532,2021-07,0.03302400758527969
1273229638516517354,2021-07,0.04870746845679927
5522764880180045081,2021-07,0.02492217664741504
180672270337706285,2021-07,0.770149096353077
180672270337706285,2021-07,0.7797898688496466
180672270337706285,2021-07,0.7797898688496466
2088532321693492263,2021-07,0.020318296508293972
326257359176916767,2021-07,0.0019759802492049054
5901769182336230217,2021-07,0.07062694555680422
5517114603826429870,2021-07,0.03367542608593802
5517114603826429870,2021-07,0.026982503118207157
5517114603826429870,2021-07,0.03367542608593802
5517114603826429870,2021-07,0.026584601509989012
1069093308328204542,2021-07,0.0023783459794544308
1234611356650812259,2021-07,0.11108609299330836
2191990606593345695,2021-07,0.02744678812203426
2191990606593345695,2021-07,0.012066833921823868
5607900901204647807,2021-07,0.06550013770958169
7770458886439606839,2021-07,0.728695543960439
7968118679747232249,2021-07,0.6766537089873357
6810366761249506182,2021-07,0.008261699865960181
4121608857053177761,2021-07,0.8644266971543267
1059336566956767188,2021-07,0.01962587551229859
792560389712312178,2021-07,0.0039273506719288654
792560389712312178,2021-07,0.0027063266285770543
8736788139020105764,2021-07,0.9730120632110002
287529573188507001,2021-07,0.010116055628419841
7330131219998265639,2021-07,0.0019053297367382365
4831988987853936627,2021-07,0.014419978093369923
3279417303675586812,2021-07,0.026327766907425377
7692330898726665144,2021-07,0.01262050809084063
7692330898726665144,2021-07,0.022671931741778308
7828430488099134389,2021-07,0.12174737696652625
5429414161455643517,2021-07,0.6838275457213974
3516294920850464913,2021-07,0.1847806538672817
6617479989097680138,2021-07,0.041691675126013274
7031913170099381454,2021-07,0.22166886901954813
7067471043900250355,2021-07,0.02409098498782721
2380458252615213706,2021-07,0.11335273276843251
3536431875244944563,2021-07,0.05829062811476183
4862285428951244424,2021-07,0.0014802932608117883
3384356870037163810,2021-07,0.027036193282972222
2179772649873197365,2021-07,0.7682704765682224
6594970822995540982,2021-07,0.14429335239174526
1874387298050692165,2021-07,0.005478436620932625
2677901391425651891,2021-07,0.011127959001197334
7246466789138290692,2021-07,0.027849786775957397
5993765508162121762,2021-07,0.037772962261108115
1272921915900711149,2021-07,0.002870667895637871
1272921915900711149,2021-08,0.003791000542057132
2951563549197799278,2021-07,0.020311124356085692
2951563549197799278,2021-07,0.004938881335427155
2951563549197799278,2021-07,0.006238679896836263
2951563549197799278,2021-08,0.0645863939551812
5166128847048245697,2021-07,0.004928324600841921
5166128847048245697,2021-08,0.005470904789523997
4537982850248578883,2021-07,0.007551573247593264
4537982850248578883,2021-07,0.007433208153084022
4537982850248578883,2021-07,0.008223789532908289
4537982850248578883,2021-08,0.010683277784850308
4537982850248578883,2021-08,0.008637039600036183
4537982850248578883,2021-08,0.009423790958110747
5274777191770957761,2021-07,0.7656014304609886
5274777191770957761,2021-08,0.8109366507445197
2988042199057874759,2021-07,0.011867740907221265
2988042199057874759,2021-07,0.007004935726554025
2988042199057874759,2021-07,0.007543309201698352
2988042199057874759,2021-07,0.01014069230698336
2988042199057874759,2021-08,0.011224248853645962
2988042199057874759,2021-08,0.7976045698085323
2988042199057874759,2021-08,0.00868965691591682
4593070249039532001,2021-07,0.003671165466774949
4593070249039532001,2021-07,0.005967045398965635
4593070249039532001,2021-07,0.07532941629693005
4593070249039532001,2021-08,0.00539976494024539
924957821424248698,2021-07,0.003620623652944708
924957821424248698,2021-07,0.0038518653111966625
924957821424248698,2021-07,0.003267844289494659
924957821424248698,2021-07,0.0031031158179715434
924957821424248698,2021-08,0.002045026234675848
924957821424248698,2021-08,0.001888451060193897
924957821424248698,2021-08,0.0021822089869607654
924957821424248698,2021-08,0.0021506066300037196
968199235777440720,2021-07,0.004587502923424579
968199235777440720,2021-07,0.005112014545753364
968199235777440720,2021-07,0.005338139636948052
968199235777440720,2021-07,0.04374309747378617
968199235777440720,2021-07,0.00457715063882181
968199235777440720,2021-08,0.005001794218962891
968199235777440720,2021-08,0.005001794218962891
968199235777440720,2021-08,0.0056374971000368625
968199235777440720,2021-08,0.321296501692759
968199235777440720,2021-08,0.00448847159047108
968199235777440720,2021-08,0.004779555411422051
968199235777440720,2021-08,0.003751644046770582
6330043096034525408,2021-07,0.14321548584898325
6330043096034525408,2021-07,0.0799480572025336
6330043096034525408,2021-08,0.6013188810392341
6330043096034525408,2021-08,0.8499408106158824
1637960623843047520,2021-07,0.3606865941067486
1637960623843047520,2021-07,0.710686053066901
1637960623843047520,2021-07,0.4144672742711973
1637960623843047520,2021-07,0.41003089138204024
1637960623843047520,2021-07,0.37859477068870384
1637960623843047520,2021-07,0.17634841177506702
1637960623843047520,2021-08,0.20794342900491752
1637960623843047520,2021-08,0.22953892809915752
1637960623843047520,2021-08,0.27074916215335343
1637960623843047520,2021-08,0.3007364146681978
1637960623843047520,2021-08,0.8262849921612989
1477629972594346481,2021-07,0.06338085428809456
1477629972594346481,2021-08,0.07735194822622425
1477629972594346481,2021-08,0.8284020684945423
1477629972594346481,2021-08,0.09233189802592652
8733525963966339207,2021-07,0.26631555512691196
8733525963966339207,2021-07,0.9573752356957979
8733525963966339207,2021-07,0.3129053320825703
8733525963966339207,2021-07,0.29084782748429994
8733525963966339207,2021-07,0.26381970873922894
8733525963966339207,2021-07,0.7230092756788092
8733525963966339207,2021-07,0.3188872251523202
8733525963966339207,2021-08,0.3085777680217216
8733525963966339207,2021-08,0.28751608201464907
8733525963966339207,2021-08,0.9521299828418681
8733525963966339207,2021-08,0.25905740906381935
2554972344348383830,2021-07,0.007179228263731827
2771214050521171719,2021-07,0.002469629884191794
2771214050521171719,2021-07,0.002463112985755712
2771214050521171719,2021-07,0.002708065949509352
2771214050521171719,2021-07,0.003596154654595588
2771214050521171719,2021-07,0.002823225431441829
2771214050521171719,2021-08,0.00439552142754183
2771214050521171719,2021-08,0.003719619189067766
2658946240987854807,2021-07,0.005072177871159748
2658946240987854807,2021-07,0.005166146137324358
2658946240987854807,2021-07,0.005566687878403195
2658946240987854807,2021-07,0.007285119283693592
2658946240987854807,2021-08,0.006510471943498835
6547707428090179960,2021-07,0.025509873431188736
6547707428090179960,2021-07,0.03784492297436908
6547707428090179960,2021-07,0.035503067628451006
6547707428090179960,2021-08,0.017773475608750824
8662923640484889291,2021-07,0.010501517849342765
8662923640484889291,2021-07,0.009283417351900837
6582676833651678345,2021-07,0.004097356327985653
6582676833651678345,2021-07,0.004326262324979623
6582676833651678345,2021-08,0.0037223478907228765
6582676833651678345,2021-08,0.0037223478907228765
6582676833651678345,2021-08,0.0034820934048316156
6582676833651678345,2021-08,0.0034934923994094464
6582676833651678345,2021-08,0.00316656463520788
6582676833651678345,2021-08,0.004440377809432291
2532435113844289043,2021-07,0.0023710667931367063
2532435113844289043,2021-07,0.006280926953554514
2532435113844289043,2021-07,0.002546124405854329
2532435113844289043,2021-07,0.0076112284709627595
2532435113844289043,2021-07,0.003153550472176907
2532435113844289043,2021-08,0.009458076142667936
2532435113844289043,2021-08,0.004850199251138969
2532435113844289043,2021-08,0.006500207745587545
2532435113844289043,2021-08,0.002785669722368505
8889055492416898333,2021-07,0.10055531362269203
8889055492416898333,2021-08,0.4206144881597548
8889055492416898333,2021-08,0.03568568321801911
8889055492416898333,2021-08,0.07457274391073394
8889055492416898333,2021-08,0.07207704828781412
1678680306005074426,2021-07,0.016781501654757256
6916556752218696485,2021-07,0.0027908688930242524
6916556752218696485,2021-07,0.003420581418069971
6916556752218696485,2021-07,0.0031432280788445256
6916556752218696485,2021-07,0.0035001379867353652
6916556752218696485,2021-07,0.00356214622840033
6916556752218696485,2021-07,0.0035001379867353652
6916556752218696485,2021-07,0.003758804304029798
6916556752218696485,2021-07,0.004937454930334598
6916556752218696485,2021-07,0.004937454930334598
6916556752218696485,2021-07,0.004982099915659566
6916556752218696485,2021-07,0.004193848296191513
6916556752218696485,2021-07,0.004791622196212431
6916556752218696485,2021-08,0.003090617512260077
6916556752218696485,2021-08,0.0030900927642633427
6916556752218696485,2021-08,0.002805446986658424
6916556752218696485,2021-08,0.003284674976030457
6916556752218696485,2021-08,0.0030900927642633427
6916556752218696485,2021-08,0.003609853796035288
6916556752218696485,2021-08,0.003396073817942255
6916556752218696485,2021-08,0.004100248450198141
6916556752218696485,2021-08,0.004725153283508726
6367769402148499693,2021-07,0.007426767507634518
6367769402148499693,2021-07,0.007706521032098441
6367769402148499693,2021-08,0.009187889795177427
1192891347324061812,2021-07,0.0023012446864927186
1192891347324061812,2021-07,0.002868020825440745
1192891347324061812,2021-07,0.0030262397919695225
1192891347324061812,2021-08,0.0042026963375695605
1192891347324061812,2021-08,0.006352888632098886
524026009392362402,2021-07,0.0077200151856523375
524026009392362402,2021-07,0.010486286475524992
8609938720215175911,2021-07,0.03316735959912326
8609938720215175911,2021-07,0.023385224887396694
8609938720215175911,2021-07,0.022716162886731735
8609938720215175911,2021-08,0.01562347112481626
8609938720215175911,2021-08,0.017709159215611083
8609938720215175911,2021-08,0.014350092442826366
5122095358293179297,2021-07,0.005931775390663571
5122095358293179297,2021-08,0.00844659058790768
5122095358293179297,2021-08,0.005671192506816605
499242942549937267,2021-07,0.22810375748263748
499242942549937267,2021-07,0.22810375748263748
499242942549937267,2021-07,0.13678905349737902
499242942549937267,2021-07,0.17562181597852786
499242942549937267,2021-07,0.17562181597852786
499242942549937267,2021-07,0.2449537613687109
499242942549937267,2021-07,0.2449537613687109
499242942549937267,2021-07,0.046307712818479826
499242942549937267,2021-08,0.0332226380804197
499242942549937267,2021-08,0.18001158450920507
499242942549937267,2021-08,0.028986707231049114
499242942549937267,2021-08,0.07123975866099093
4900073965147412482,2021-07,0.0041381449883540625
1617695035450525647,2021-07,0.0024139395821632433
1617695035450525647,2021-07,0.0019257416405663514
1617695035450525647,2021-07,0.002222742120369516
1617695035450525647,2021-07,0.001890427195529152
1617695035450525647,2021-07,0.001890427195529152
1617695035450525647,2021-07,0.0015367292290547274
1617695035450525647,2021-07,0.0017233895595070072
1617695035450525647,2021-07,0.0018315794653727224
1617695035450525647,2021-07,0.0019273262806086512
1617695035450525647,2021-07,0.0021140883989030747
1617695035450525647,2021-08,0.0021436563260061447
1617695035450525647,2021-08,0.001400583800171028
1617695035450525647,2021-08,0.0013211907602376338
1617695035450525647,2021-08,0.001115544212606829
1617695035450525647,2021-08,0.0010516256773628234
1617695035450525647,2021-08,0.004377633415761283
1617695035450525647,2021-08,0.0012569898033450478
1617695035450525647,2021-08,0.0011432806133033278
1617695035450525647,2021-08,0.0018206986775747126
1617695035450525647,2021-08,0.0011894420692438639
340285351737204923,2021-07,0.039612299376593024
340285351737204923,2021-07,0.04458705985957789
340285351737204923,2021-07,0.044512138886831275
340285351737204923,2021-07,0.043261650885496265
340285351737204923,2021-08,0.028948054681646424
340285351737204923,2021-08,0.03022672969717732
6271697692808086495,2021-07,0.07314968418742805
6271697692808086495,2021-07,0.045119261551936
6271697692808086495,2021-07,0.04852710684120077
6271697692808086495,2021-07,0.06422651322203295
6271697692808086495,2021-07,0.04103743431854805
6271697692808086495,2021-08,0.03826059008096471
6271697692808086495,2021-08,0.027844092328407746
6271697692808086495,2021-08,0.02681929494858266
6271697692808086495,2021-08,0.026993046134355412
49632905576538927,2021-07,0.009724987003075903
1117184216453911295,2021-07,0.02295717382286808
1117184216453911295,2021-07,0.02203452781164229
1117184216453911295,2021-08,0.7161673870178085
1117184216453911295,2021-08,0.7061299520359665
4104959289203999917,2021-07,0.004944830835166013
4104959289203999917,2021-07,0.004012502438461156
2943087245123311166,2021-07,0.015044207120036485
2943087245123311166,2021-07,0.014881977533183172
2943087245123311166,2021-08,0.0744423406417348
2943087245123311166,2021-08,0.03139286243906435
621182491555347581,2021-07,0.004478045076751402
621182491555347581,2021-07,0.004122724674484828
621182491555347581,2021-07,0.005443111425326039
621182491555347581,2021-07,0.00862137844134219
621182491555347581,2021-07,0.008389915060601726
621182491555347581,2021-08,0.009239034418829903
621182491555347581,2021-08,0.009184804787887888
621182491555347581,2021-08,0.47954194300127795
4995217181024687397,2021-07,0.0015534097761928409
4995217181024687397,2021-07,0.0015534097761928409
4995217181024687397,2021-07,0.0018109898433937165
4995217181024687397,2021-08,0.0029589218289507078
4995217181024687397,2021-08,0.0037322579116566123
4995217181024687397,2021-08,0.0025340864074090566
4995217181024687397,2021-08,0.002458220949424028
7458891296671174680,2021-07,0.6320633630787844
7231408738455755015,2021-07,0.968542303865385
7231408738455755015,2021-07,0.9710918131762679
7231408738455755015,2021-07,0.969492526460155
7231408738455755015,2021-08,0.9785608397820788
7231408738455755015,2021-08,0.9689996380475108
8536031856585966123,2021-07,0.0072241350154612785
8536031856585966123,2021-08,0.006438347547468017
7535160686416710323,2021-07,0.016515503327175128
7535160686416710323,2021-07,0.017755764246181513
7535160686416710323,2021-08,0.01218666846285238
7908414709866823255,2021-07,0.008975106656436397
7908414709866823255,2021-07,0.010786345017856351
7908414709866823255,2021-07,0.014072111662378916
7908414709866823255,2021-08,0.015158328407285832
7908414709866823255,2021-08,0.010937510457222854
7289435138601868544,2021-07,0.007192304010598556
7289435138601868544,2021-07,0.006796292610006288
7289435138601868544,2021-08,0.014177276258083097
7289435138601868544,2021-08,0.010403113871933453
6198047969028248384,2021-07,0.004255314759463577
6198047969028248384,2021-08,0.004449592701527829
6198047969028248384,2021-08,0.8030842241805791
3283662016127058429,2021-07,0.00486019147328603
3283662016127058429,2021-08,0.00409417076249297
417157680860985231,2021-07,0.003807764661169076
417157680860985231,2021-07,0.0029214307636960227
417157680860985231,2021-08,0.0025409687471860194
417157680860985231,2021-08,0.001932955173294117
417157680860985231,2021-08,0.0029414101203691645
5301988619224057921,2021-07,0.946873104238027
5301988619224057921,2021-07,0.8061673148654803
5301988619224057921,2021-07,0.8061673148654803
5301988619224057921,2021-07,0.8003111388619542
5301988619224057921,2021-07,0.9615971459091487
5301988619224057921,2021-08,0.9563508081207346
8926565682509268383,2021-07,0.006916991142042959
8926565682509268383,2021-07,0.006648011534565063
8926565682509268383,2021-07,0.007213616038396761
8926565682509268383,2021-07,0.007462205678479457
8926565682509268383,2021-07,0.007790005555826262
8926565682509268383,2021-07,0.00751566761366205
8926565682509268383,2021-07,0.00808854951525442
8926565682509268383,2021-08,0.010848544573371196
8926565682509268383,2021-08,0.008618526966296506
8926565682509268383,2021-08,0.011537730624270817
8926565682509268383,2021-08,0.0106862255632536
7722287846688771887,2021-07,0.00367388187499335
7722287846688771887,2021-08,0.006390142479883893
5993765508162121762,2021-07,0.03496079815395225
5993765508162121762,2021-08,0.029688264110735694
5993765508162121762,2021-08,0.036421428398256815
2033394215069562776,2021-07,0.0374229214132146
2033394215069562776,2021-07,0.04097247692482716
2033394215069562776,2021-07,0.03983685702474627
2033394215069562776,2021-07,0.04875320100115463
6053752047545474051,2021-07,0.020469016643900464
6053752047545474051,2021-07,0.021749759869595976
6053752047545474051,2021-07,0.020101363829938917
6053752047545474051,2021-07,0.019928299341660724
6053752047545474051,2021-07,0.013940564070361537
6053752047545474051,2021-07,0.02171682834297193
6053752047545474051,2021-07,0.019415779639458973
6053752047545474051,2021-07,0.16101657018460105
6053752047545474051,2021-08,0.024063966343175276
6053752047545474051,2021-08,0.015609084906579494
6053752047545474051,2021-08,0.02017691580843091
6053752047545474051,2021-08,0.02005678897159807
6053752047545474051,2021-08,0.019895082931814186
6053752047545474051,2021-08,0.03131253513032868
2302464746243069589,2021-07,0.005732684767804484
2302464746243069589,2021-08,0.008675084430081746
2302464746243069589,2021-08,0.006036535231780663
5577659616907513811,2021-07,0.8978302666359685
5577659616907513811,2021-07,0.9037679192031326
5577659616907513811,2021-07,0.9145337190600399
5577659616907513811,2021-07,0.8852263300653574
5577659616907513811,2021-08,0.9046554658932445
5577659616907513811,2021-08,0.9057693782454097
3970572142453508637,2021-07,0.44791711555157265
3970572142453508637,2021-07,0.4929188331547552
3970572142453508637,2021-08,0.4702779805908885
3970572142453508637,2021-08,0.8200671029069757
234898976850399181,2021-07,0.008907437900581603
234898976850399181,2021-07,0.014093325112990844
234898976850399181,2021-08,0.014753203341164553
511305041047444825,2021-07,0.03572871523147386
511305041047444825,2021-07,0.03584311350734908
2408009918678280470,2021-07,0.09959117890078933
2408009918678280470,2021-07,0.07016175311805596
2408009918678280470,2021-07,0.06873017862492878
2408009918678280470,2021-07,0.07023330550472154
2408009918678280470,2021-07,0.06873017862492878
2408009918678280470,2021-07,0.07197036603631073
2408009918678280470,2021-07,0.06273073520319351
2408009918678280470,2021-08,0.052167317797599436
2408009918678280470,2021-08,0.05097202182763828
2408009918678280470,2021-08,0.053670740334981516
2408009918678280470,2021-08,0.051283603465107144
2408009918678280470,2021-08,0.056332581403211165
2408009918678280470,2021-08,0.09202340556803379
2408009918678280470,2021-08,0.09817756086012419
1891145854263312840,2021-07,0.5879223012694067
1891145854263312840,2021-07,0.12226505653141095
1891145854263312840,2021-08,0.5740475663920372
1891145854263312840,2021-08,0.620408205426964
4187591029730357479,2021-07,0.01610820312167034
1192810733461560329,2021-07,0.0014326607220716573
4347826483121154490,2021-07,0.002102721700785542
4347826483121154490,2021-07,0.002102721700785542
4347826483121154490,2021-07,0.0027099472831697
4347826483121154490,2021-07,0.0020510279275906497
4347826483121154490,2021-07,0.0026771932185261768
4347826483121154490,2021-07,0.0022493748840053097
4347826483121154490,2021-07,0.00296291214674855
4347826483121154490,2021-07,0.0025364878097908546
4347826483121154490,2021-07,0.0019909678922814165
4347826483121154490,2021-07,0.002155330566671489
4347826483121154490,2021-08,0.0029641229837394007
4347826483121154490,2021-08,0.002454735975180262
4347826483121154490,2021-08,0.0025784263955963456
4347826483121154490,2021-08,0.002135179722280185
4347826483121154490,2021-08,0.002046137326663476
4347826483121154490,2021-08,0.0019863660776106504
4347826483121154490,2021-08,0.0020026520556936083
4347826483121154490,2021-08,0.002278932025425803
4347826483121154490,2021-08,0.0029889716810529363
5462970244186515758,2021-07,0.004240645385035235
5462970244186515758,2021-07,0.0037394015662312896
5462970244186515758,2021-07,0.004326002921504883
5462970244186515758,2021-07,0.0043447207077787495
5462970244186515758,2021-07,0.004420709935790046
5462970244186515758,2021-07,0.005495776101269288
5462970244186515758,2021-07,0.004420709935790046
5462970244186515758,2021-08,0.0039020140324236238
5462970244186515758,2021-08,0.004762724649045293
5462970244186515758,2021-08,0.09748421593092883
5462970244186515758,2021-08,0.0047686200627792994
3698481516392183789,2021-07,0.01773131030665806
4365965554261111250,2021-07,0.15588135009523774
4365965554261111250,2021-07,0.14633003566168237
4365965554261111250,2021-07,0.14989254115499395
4365965554261111250,2021-07,0.15298271440387604
4365965554261111250,2021-07,0.17572297319505248
4365965554261111250,2021-07,0.05753679269651373
459290606780222306,2021-07,0.0022286123480334406
459290606780222306,2021-07,0.0027846873609170576
459290606780222306,2021-07,0.002156628144589465
459290606780222306,2021-07,0.002319369210394024
459290606780222306,2021-07,0.002880686333347987
459290606780222306,2021-07,0.002608036818996861
459290606780222306,2021-08,0.0027561866602177636
459290606780222306,2021-08,0.0031586819926679006
459290606780222306,2021-08,0.003056748563119943
459290606780222306,2021-08,0.002462653320399941
459290606780222306,2021-08,0.002462653320399941
459290606780222306,2021-08,0.0027642922352866394
459290606780222306,2021-08,0.0030834199719544323
459290606780222306,2021-08,0.002292130145858375
459290606780222306,2021-08,0.003110804317115971
459290606780222306,2021-08,0.002450138861907989
6061850657256270336,2021-07,0.008579847085089808
6061850657256270336,2021-07,0.009932693095434018
6061850657256270336,2021-07,0.009025019161473266
5714540197488862003,2021-07,0.3414642290096538
5714540197488862003,2021-08,0.9669002912778283
5714540197488862003,2021-08,0.3378000010921708
4679462479444735708,2021-07,0.016630138754412778
4679462479444735708,2021-07,0.019937613579193332
4679462479444735708,2021-07,0.025143857260226905
4679462479444735708,2021-07,0.02128901853509419
4679462479444735708,2021-07,0.02459480139983362
4679462479444735708,2021-07,0.021096773610211117
4679462479444735708,2021-08,0.2344601893093523
4679462479444735708,2021-08,0.022951263403136715
4679462479444735708,2021-08,0.024568463745742876
4679462479444735708,2021-08,0.025624782687686812
4679462479444735708,2021-08,0.020086571834539595
4679462479444735708,2021-08,0.0189051356523727
4723919748432185874,2021-07,0.004609589825609795
4723919748432185874,2021-07,0.006260635927701403
4723919748432185874,2021-07,0.006460149018718679
4723919748432185874,2021-08,0.00552467465302755
4723919748432185874,2021-08,0.00552467465302755
4018182555897034052,2021-07,0.0045203543341167315
4018182555897034052,2021-07,0.006187533210943668
4018182555897034052,2021-08,0.00756133708370842
4018182555897034052,2021-08,0.008707514613224263
4018182555897034052,2021-08,0.011537377109327868
4018182555897034052,2021-08,0.006085297858580445
4018182555897034052,2021-08,0.007495336668436824
4018182555897034052,2021-08,0.006650734543452929
4850936440093751199,2021-07,0.004340804261636204
4850936440093751199,2021-08,0.00504248328720972
4850936440093751199,2021-08,0.004625050659354851
5897410907783139228,2021-07,0.00540876342788251
5897410907783139228,2021-08,0.005924063574296765
5897410907783139228,2021-08,0.007376166334178426
5761480994209806499,2021-07,0.0038453164193942837
5761480994209806499,2021-07,0.0060513414013879455
5761480994209806499,2021-07,0.003681268415741949
5761480994209806499,2021-07,0.004696081153439276
5761480994209806499,2021-07,0.0049532290566576456
5761480994209806499,2021-07,0.0046261103718710315
5761480994209806499,2021-07,0.005060525170061425
5761480994209806499,2021-07,0.005009550998205567
5761480994209806499,2021-07,0.004074166766419974
5761480994209806499,2021-07,0.005041379530739184
5761480994209806499,2021-07,0.005057091674830281
5761480994209806499,2021-08,0.003972553313752834
5761480994209806499,2021-08,0.004422654545339132
5761480994209806499,2021-08,0.004875902819959802
5761480994209806499,2021-08,0.004458327019418953
5761480994209806499,2021-08,0.004995260462456094
5761480994209806499,2021-08,0.0041429470996140316
5761480994209806499,2021-08,0.004856524151359444
5761480994209806499,2021-08,0.004306990565207039
5761480994209806499,2021-08,0.004701416524708584
5761480994209806499,2021-08,0.00449264211137418
5761480994209806499,2021-08,0.0044453202503444015
5761480994209806499,2021-08,0.0044453202503444015
5761480994209806499,2021-08,0.003791931839307616
5761480994209806499,2021-08,0.004421795510509462
5761480994209806499,2021-08,0.004129960130949141
5761480994209806499,2021-08,0.004413630586892434
5761480994209806499,2021-08,0.003524205806824833
5761480994209806499,2021-08,0.003076649419256667
5761480994209806499,2021-08,0.003157974031327799
5893903674205161232,2021-07,0.010277637566512544
5893903674205161232,2021-08,0.017729672150351466
1182975716201409626,2021-07,0.014513232289532203
1182975716201409626,2021-07,0.014967958297369827
1182975716201409626,2021-08,0.019161344632991576
1182975716201409626,2021-08,0.011425848091379675
1182975716201409626,2021-08,0.01945560867536833
1182975716201409626,2021-08,0.016363566910405383
1182975716201409626,2021-08,0.016363566910405383
819552547620904652,2021-07,0.11853521445544093
819552547620904652,2021-07,0.11853521445544093
819552547620904652,2021-07,0.08809279393577935
819552547620904652,2021-07,0.08890316850721812
819552547620904652,2021-08,0.11105338908751199
1366416810235233769,2021-07,0.004510340688079956
1366416810235233769,2021-07,0.005952601289414396
1366416810235233769,2021-08,0.006169589289704493
1661240395903230676,2021-07,0.14417527527093216
1661240395903230676,2021-07,0.14432952478373479
1661240395903230676,2021-07,0.15638418241029978
1661240395903230676,2021-07,0.128980004702821
8041261093764417881,2021-07,0.0031109469853647462
8041261093764417881,2021-07,0.0027176355813424424
8041261093764417881,2021-07,0.0035435239095961
8041261093764417881,2021-08,0.0018574221436509304
8041261093764417881,2021-08,0.0016368731902074878
8041261093764417881,2021-08,0.00170498473604441
8041261093764417881,2021-08,0.00206193828129635
761746217261797478,2021-07,0.00228423423546949
761746217261797478,2021-07,0.002019205794686712
761746217261797478,2021-07,0.0021494319652562233
761746217261797478,2021-08,0.0026892502344802644
761746217261797478,2021-08,0.15074558890695713
761746217261797478,2021-08,0.0025537802588808988
7120090169052575663,2021-07,0.006644191459831554
7120090169052575663,2021-07,0.008546881244496258
7120090169052575663,2021-08,0.00964094760140727
7120090169052575663,2021-08,0.010170632117744141
5735794880899687600,2021-07,0.037108219362933355
5735794880899687600,2021-08,0.015450918764092691
5757271354816214865,2021-07,0.9132955788466248
5757271354816214865,2021-07,0.9113920214400371
5757271354816214865,2021-07,0.9113920214400371
5757271354816214865,2021-07,0.9113920214400371
5757271354816214865,2021-07,0.9113920214400371
5757271354816214865,2021-07,0.9132955788466248
5757271354816214865,2021-07,0.952315187412371
5757271354816214865,2021-07,0.9113920214400371
5757271354816214865,2021-07,0.9113920214400371
5757271354816214865,2021-07,0.9223922804698017
5757271354816214865,2021-07,0.9132955788466248
5757271354816214865,2021-07,0.9132955788466248
5757271354816214865,2021-08,0.9299664268747121
5757271354816214865,2021-08,0.9660550300428813
5757271354816214865,2021-08,0.980086236096074
5757271354816214865,2021-08,0.9574289188622512
5757271354816214865,2021-08,0.9301841708554925
5757271354816214865,2021-08,0.9258214393922415
5757271354816214865,2021-08,0.9299664268747121
5757271354816214865,2021-08,0.9221593361391541
5757271354816214865,2021-08,0.9233228122478919
5757271354816214865,2021-08,0.9214034479643622
5757271354816214865,2021-08,0.9014633921283168
5757271354816214865,2021-08,0.9072065009180286
5757271354816214865,2021-08,0.9042310410674935
5757271354816214865,2021-08,0.9314734662794447
5757271354816214865,2021-08,0.8987085532637662
5757271354816214865,2021-08,0.9126775301361689
5757271354816214865,2021-08,0.9250336676991932
2808145376905474927,2021-07,0.013888197118348215
2808145376905474927,2021-07,0.01299314475940676
2808145376905474927,2021-07,0.014676104076059938
2808145376905474927,2021-08,0.012013540269696962
3279417303675586812,2021-07,0.12998098709884987
3279417303675586812,2021-07,0.15449057895771978
5481711897502154955,2021-07,0.021211891445284455
5481711897502154955,2021-07,0.026363221411547844
5481711897502154955,2021-08,0.027436011341423698
5481711897502154955,2021-08,0.021604593432947294
5481711897502154955,2021-08,0.021604593432947294
2083323809219952960,2021-07,0.00769247003276658
2083323809219952960,2021-07,0.017498958491040773
2083323809219952960,2021-07,0.019199076785435452
2083323809219952960,2021-07,0.008561382277502014
2083323809219952960,2021-07,0.008561382277502014
2083323809219952960,2021-08,0.007689218554107647
2083323809219952960,2021-08,0.025178521793854138
2083323809219952960,2021-08,0.015445919296347584
2083323809219952960,2021-08,0.007650526433609279
2083323809219952960,2021-08,0.008223047448261744
8596605705893456305,2021-07,0.9279116087355334
8596605705893456305,2021-07,0.823894603355555
8596605705893456305,2021-08,0.8755769308488318
2451708306555441014,2021-07,0.009536491715047479
2451708306555441014,2021-07,0.008585760651091444
2451708306555441014,2021-07,0.00784777938131438
2451708306555441014,2021-08,0.004880617481991425
4342146186255136598,2021-07,0.002210009081234078
4342146186255136598,2021-07,0.001971500730486651
4342146186255136598,2021-08,0.0033703547788096638
4342146186255136598,2021-08,0.004013785982102911
4342146186255136598,2021-08,0.07116097307509114
4342146186255136598,2021-08,0.00353443254621957
4342146186255136598,2021-08,0.0031794211681380963
4342146186255136598,2021-08,0.003091410242987326
4342146186255136598,2021-08,0.003290324493100142
4342146186255136598,2021-08,0.0033066107210244578
4342146186255136598,2021-08,0.0030790291197565576
4342146186255136598,2021-08,0.0030203333326183947
7779268298304613772,2021-07,0.004798558433924829
7779268298304613772,2021-07,0.004014948719506802
7779268298304613772,2021-08,0.1825677072989774
7779268298304613772,2021-08,0.0037818408317610466
7779268298304613772,2021-08,0.0032621142173902985
7779268298304613772,2021-08,0.004461097437117355
7779268298304613772,2021-08,0.003807987717412144
7779268298304613772,2021-08,0.003933847857659547
7779268298304613772,2021-08,0.004684462847244387
7779268298304613772,2021-08,0.0035769073329141813
3480297543931395935,2021-07,0.46367024552809216
3480297543931395935,2021-08,0.8475777117171447
8185063234515056194,2021-07,0.002172516280147768
8185063234515056194,2021-07,0.002009638558571071
8185063234515056194,2021-07,0.0020048591781088574
8185063234515056194,2021-08,0.0019208111212562005
8185063234515056194,2021-08,0.0023444947072621593
8185063234515056194,2021-08,0.002555934875504533
8939476669690489534,2021-07,0.032279905161799086
8939476669690489534,2021-07,0.032279905161799086
8939476669690489534,2021-07,0.032279905161799086
8939476669690489534,2021-08,0.08938265242084378
4831939798545673038,2021-07,0.05162778555915876
4831939798545673038,2021-07,0.07091846243375817
4831939798545673038,2021-08,0.04479140000853631
3822753345985951756,2021-07,0.009772563734082605
3822753345985951756,2021-07,0.010402448507033932
3822753345985951756,2021-08,0.019587055790362504
3822753345985951756,2021-08,0.030720033252334085
5794903898038236832,2021-07,0.04819536339272614
5794903898038236832,2021-07,0.04897695225092044
5794903898038236832,2021-07,0.04819536339272614
5794903898038236832,2021-07,0.04897695225092044
5794903898038236832,2021-08,0.0341244098158871
5794903898038236832,2021-08,0.0341244098158871
5794903898038236832,2021-08,0.08331457449338413
5409960473983330744,2021-07,0.02325607381172884
5409960473983330744,2021-08,0.029357835359866344
5611787644735474299,2021-07,0.0020868538595518386
5611787644735474299,2021-07,0.002223980661774351
5611787644735474299,2021-07,0.002405684474191107
5611787644735474299,2021-07,0.0024128088498283633
5611787644735474299,2021-07,0.0024128088498283633
5611787644735474299,2021-07,0.002155294355592845
5611787644735474299,2021-07,0.0021553022955784944
5611787644735474299,2021-07,0.0021295136962713444
5611787644735474299,2021-07,0.0021553022955784944
5611787644735474299,2021-07,0.002155294355592845
5611787644735474299,2021-08,0.020034512747168037
5611787644735474299,2021-08,0.0029417918772534782
5611787644735474299,2021-08,0.002502186305228718
5611787644735474299,2021-08,0.00224403169522726
5611787644735474299,2021-08,0.0043047094459839575
5611787644735474299,2021-08,0.0022981536908457693
5611787644735474299,2021-08,0.002280529845208771
4045739494965095560,2021-07,0.005706031170172203
4045739494965095560,2021-07,0.005492569109386344
4045739494965095560,2021-07,0.006243834915665438
4045739494965095560,2021-07,0.006176202990789543
4045739494965095560,2021-07,0.00695913379450314
4045739494965095560,2021-07,0.0834604506245952
4045739494965095560,2021-07,0.19629856700580556
4045739494965095560,2021-07,0.0069790266231623205
4045739494965095560,2021-08,0.00521948770339208
4045739494965095560,2021-08,0.004886526154450656
4045739494965095560,2021-08,0.005031195855674185
4045739494965095560,2021-08,0.0047284735010518575
4045739494965095560,2021-08,0.004765568959441572
4045739494965095560,2021-08,0.004386938308753327
4045739494965095560,2021-08,0.004464043049119379
4045739494965095560,2021-08,0.004833516428093668
4045739494965095560,2021-08,0.004656966388969307
4045739494965095560,2021-08,0.00403440711602939
4045739494965095560,2021-08,0.003632098348267147
7628167057144760589,2021-07,0.01596647725064444
7628167057144760589,2021-07,0.0196325112954573
7628167057144760589,2021-07,0.016827743023730007
7628167057144760589,2021-08,0.01162186043161662
6030285068945261052,2021-07,0.0017546245723364655
6030285068945261052,2021-08,0.002302541261388164
6030285068945261052,2021-08,0.002821247916092528
6030285068945261052,2021-08,0.0019076056513989438
8828303152301461681,2021-07,0.028581332315730575
8828303152301461681,2021-07,0.027534683172043068
8828303152301461681,2021-08,0.03899212489057433
2929243640075785940,2021-07,0.0021979699960985367
2929243640075785940,2021-07,0.002545719499533143
2929243640075785940,2021-07,0.002952646320675075
2929243640075785940,2021-07,0.0030523643167418924
2929243640075785940,2021-08,0.003335846959899653
3248432590399829766,2021-07,0.0065518424059754065
3248432590399829766,2021-07,0.00603097816840888
3248432590399829766,2021-07,0.007522201141845995
3248432590399829766,2021-08,0.005201671825093863
7613717984547031729,2021-07,0.0043213229900510046
7613717984547031729,2021-08,0.008513479986180706
7613717984547031729,2021-08,0.00610857307334602
7613717984547031729,2021-08,0.0062096423781372485
7613717984547031729,2021-08,0.0062096423781372485
7613717984547031729,2021-08,0.005261268429000285
8570963260597299378,2021-07,0.0025269172161392255
8570963260597299378,2021-07,0.0022440058732057554
8570963260597299378,2021-07,0.0032196005771294176
8570963260597299378,2021-07,0.002363540574109593
8570963260597299378,2021-08,0.0025371079060120486
1953058402621337677,2021-07,0.012797193856010252
1953058402621337677,2021-07,0.011704333339355454
1953058402621337677,2021-07,0.008577694188677732
1953058402621337677,2021-07,0.010910714594815265
1953058402621337677,2021-07,0.010867310341969501
1953058402621337677,2021-08,0.020870376379838664
1953058402621337677,2021-08,0.011471916367903522
1953058402621337677,2021-08,0.010267078965878184
1953058402621337677,2021-08,0.006318906990053262
8911073840712901131,2021-07,0.014622356626926597
9156666134024889730,2021-07,0.00650667464722239
1033361676287635885,2021-07,0.026869894318379918
1033361676287635885,2021-07,0.020395318435486604
1033361676287635885,2021-07,0.02347112999183328
2397171153213063761,2021-07,0.00738084326324157
2397171153213063761,2021-07,0.008686083900464266
2397171153213063761,2021-07,0.007680819774844412
2397171153213063761,2021-08,0.02045157285440088
2397171153213063761,2021-08,0.020482850503692574
2397171153213063761,2021-08,0.010724615771332553
2397171153213063761,2021-08,0.012101256227329039
2397171153213063761,2021-08,0.009910418575150721
2397171153213063761,2021-08,0.019817007972524458
2397171153213063761,2021-08,0.013425306906476793
2397171153213063761,2021-08,0.012891528434124276
3156852928909455203,2021-07,0.018975807304012226
3156852928909455203,2021-07,0.018925144967260193
3156852928909455203,2021-08,0.014987144891468258
3156852928909455203,2021-08,0.015342454385244815
3156852928909455203,2021-08,0.017750281312805524
1507697130807703164,2021-07,0.004766966028062102
1507697130807703164,2021-08,0.005686122805526915
1507697130807703164,2021-08,0.004091969797038983
5799279645678609726,2021-07,0.05456747665027048
8512214463586144353,2021-07,0.002595710789960733
8512214463586144353,2021-08,0.04128857938135872
8213533889694327948,2021-07,0.0028200735916712066
8213533889694327948,2021-07,0.002818423722523646
8213533889694327948,2021-07,0.002818423722523646
8213533889694327948,2021-07,0.0031513092238492843
8213533889694327948,2021-07,0.0028478331888795757
8213533889694327948,2021-07,0.002760145388791956
8213533889694327948,2021-08,0.06684284243056227
8213533889694327948,2021-08,0.003087157649766716
8213533889694327948,2021-08,0.0030253962759563395
2535803443850893368,2021-07,0.06343616586306576
2535803443850893368,2021-08,0.025823774495783613
7770458886439606839,2021-07,0.7302950824197316
7770458886439606839,2021-08,0.7015525889771755
1156053485989336481,2021-07,0.32505176124301854
1156053485989336481,2021-07,0.321398310583026
1156053485989336481,2021-07,0.29682338172889816
1156053485989336481,2021-08,0.2889217585714002
1156053485989336481,2021-08,0.2713452578074226
1156053485989336481,2021-08,0.2868224761395134
1156053485989336481,2021-08,0.2940466587076844
1156053485989336481,2021-08,0.33201671585164155
1156053485989336481,2021-08,0.3355837431146664
1156053485989336481,2021-08,0.33170180049002007
1156053485989336481,2021-08,0.33951822612829824
1156053485989336481,2021-08,0.3389063171893079
1156053485989336481,2021-08,0.33218034741055186
1156053485989336481,2021-08,0.3355837431146664
1156053485989336481,2021-08,0.3244498696806231
1156053485989336481,2021-08,0.3244498696806231
1156053485989336481,2021-08,0.342829322306709
1156053485989336481,2021-08,0.33218034741055186
1156053485989336481,2021-08,0.30932083206797967
1156053485989336481,2021-08,0.3244498696806231
7215093571368368138,2021-07,0.3168729517072687
7215093571368368138,2021-07,0.22230018636383858
7215093571368368138,2021-07,0.2534104940994289
7215093571368368138,2021-07,0.2659987485393526
7215093571368368138,2021-07,0.21168220596700638
7215093571368368138,2021-07,0.21168220596700638
7215093571368368138,2021-07,0.11549270407504948
7215093571368368138,2021-08,0.33190221551193727
7215093571368368138,2021-08,0.29669255407143375
7215093571368368138,2021-08,0.25122545760289616
1711114950158155307,2021-07,0.006819604237385952
6242636379248496392,2021-07,0.005676843587318577
6242636379248496392,2021-07,0.005574145698071761
6242636379248496392,2021-07,0.007282710330584897
6242636379248496392,2021-08,0.00584230258739174
6242636379248496392,2021-08,0.004554518448775226
6242636379248496392,2021-08,0.005803918990891478
274692171162531764,2021-07,0.08351340440113654
274692171162531764,2021-07,0.07811747748758786
274692171162531764,2021-07,0.08792117449083282
274692171162531764,2021-07,0.0891695921982226
274692171162531764,2021-07,0.08322754483626077
274692171162531764,2021-08,0.09731804327345199
274692171162531764,2021-08,0.08682347061942979
274692171162531764,2021-08,0.08682347061942979
274692171162531764,2021-08,0.12546075100332954
274692171162531764,2021-08,0.16345630409028697
3228830386980584958,2021-07,0.008112230852094659
3228830386980584958,2021-07,0.004353941004228456
3228830386980584958,2021-08,0.009771599848292218
3228830386980584958,2021-08,0.007887791152633387
1454789421854453615,2021-07,0.033624607232460045
1454789421854453615,2021-07,0.0328383756302592
1454789421854453615,2021-07,0.0346566961409444
1454789421854453615,2021-07,0.031073436115112103
1454789421854453615,2021-07,0.03787930708781506
1454789421854453615,2021-07,0.02993542791959865
1454789421854453615,2021-08,0.026732702066276048
1454789421854453615,2021-08,0.02519557624565174
1454789421854453615,2021-08,0.02755362321105105
1454789421854453615,2021-08,0.025793263164606946
6545052034269841737,2021-07,0.013598763280021929
6545052034269841737,2021-07,0.020736003715223168
6545052034269841737,2021-07,0.01810829756897295
6545052034269841737,2021-07,0.020655675981762166
6545052034269841737,2021-08,0.019532984420068986
6545052034269841737,2021-08,0.018837334075192905
6545052034269841737,2021-08,0.01638528348577573
6545052034269841737,2021-08,0.0166249215901598
6545052034269841737,2021-08,0.018160667197994716
7457803471605010846,2021-07,0.00350677740227208
7457803471605010846,2021-07,0.003032039364012105
7457803471605010846,2021-07,0.0035527399516218886
7457803471605010846,2021-08,0.002267600508767752
7457803471605010846,2021-08,0.0031047330873001204
7457803471605010846,2021-08,0.002875183525266458
8716163053080758848,2021-07,0.005408807307713813
8716163053080758848,2021-07,0.005913984187823727
8716163053080758848,2021-07,0.009373275262827305
8716163053080758848,2021-07,0.008220965532890208
8716163053080758848,2021-07,0.009030319472847976
8716163053080758848,2021-07,0.007992596706767031
8716163053080758848,2021-08,0.009632359131748862
8716163053080758848,2021-08,0.012369965927137282
8716163053080758848,2021-08,0.01261247050546479
8716163053080758848,2021-08,0.008180485997178629
8716163053080758848,2021-08,0.008897847750125868
8716163053080758848,2021-08,0.00968760511966956
8716163053080758848,2021-08,0.005875343315274991
8107542605807471599,2021-07,0.9676936758359678
8107542605807471599,2021-07,0.9682923982211911
8107542605807471599,2021-08,0.9644914453159756
5176940320835464459,2021-07,0.010068959107958351
5176940320835464459,2021-07,0.012148385726818055
5176940320835464459,2021-07,0.011272765337829598
5176940320835464459,2021-07,0.008539347218310117
5176940320835464459,2021-07,0.013647850468572533
5176940320835464459,2021-07,0.007979096498299242
5176940320835464459,2021-07,0.011907015201509098
5176940320835464459,2021-07,0.00902120750348739
5176940320835464459,2021-07,0.00910610782360678
5176940320835464459,2021-08,0.011710242322900834
5176940320835464459,2021-08,0.026566796316541227
5176940320835464459,2021-08,0.010568985651904875
5176940320835464459,2021-08,0.010454088537166246
5176940320835464459,2021-08,0.007145780605586115
5176940320835464459,2021-08,0.011472595154448874
5303720405946805990,2021-07,0.002630699919949634
5303720405946805990,2021-07,0.0037555160758263977
5303720405946805990,2021-08,0.0019098334239607809
2347028805684088098,2021-07,0.011537930279615406
2347028805684088098,2021-07,0.0015641682682047333
2347028805684088098,2021-07,0.0015975566131676453
2347028805684088098,2021-08,0.0021492378943438603
2347028805684088098,2021-08,0.0024091229903126154
2347028805684088098,2021-08,0.002138196097275915
2347028805684088098,2021-08,0.002034208808688999
2347028805684088098,2021-08,0.0019976680510763694
3118152790263512426,2021-07,0.005983382898806348
3118152790263512426,2021-07,0.006889333509672354
3118152790263512426,2021-07,0.006128855864554049
3118152790263512426,2021-07,0.006977225177486339
3118152790263512426,2021-08,0.005119839155552263
968400235888951633,2021-07,0.0023146625563479446
968400235888951633,2021-08,0.0030641340926378462
968400235888951633,2021-08,0.002395239844941285
3888528635045328222,2021-07,0.11330003702907775
3888528635045328222,2021-07,0.11012026053144772
3888528635045328222,2021-07,0.10523269552405218
3888528635045328222,2021-07,0.09403794357984943
3888528635045328222,2021-07,0.09578299918730201
3888528635045328222,2021-08,0.10546150481431964
3888528635045328222,2021-08,0.8093651866677259
6118873739225005756,2021-07,0.0020735295787399784
6118873739225005756,2021-08,0.002523347691709173
3931892303497206092,2021-07,0.015286977265243945
3931892303497206092,2021-08,0.03284955770712196
3931892303497206092,2021-08,0.02617550767957409
3931892303497206092,2021-08,0.027188183173774076
3931892303497206092,2021-08,0.0217156307825965
3931892303497206092,2021-08,0.0217156307825965
8529899700094903171,2021-07,0.011315617944328145
8529899700094903171,2021-07,0.011476999617720118
8529899700094903171,2021-07,0.012401982606095804
8529899700094903171,2021-07,0.012401982606095804
8529899700094903171,2021-07,0.010768020676754185
8529899700094903171,2021-07,0.012401982606095804
8529899700094903171,2021-07,0.01161368465368201
8529899700094903171,2021-07,0.010768020676754185
8529899700094903171,2021-07,0.013298611187083295
8529899700094903171,2021-07,0.013298611187083295
8529899700094903171,2021-07,0.013298611187083295
8529899700094903171,2021-07,0.011547899684267214
8529899700094903171,2021-07,0.013298611187083295
8529899700094903171,2021-07,0.009304692346073182
8529899700094903171,2021-08,0.011905124499697613
8529899700094903171,2021-08,0.012588936229816992
8529899700094903171,2021-08,0.009731067356951673
8529899700094903171,2021-08,0.014801012293543827
8529899700094903171,2021-08,0.00860491872012817
8529899700094903171,2021-08,0.009596855347501987
8529899700094903171,2021-08,0.012213714792717255
8529899700094903171,2021-08,0.00970375313828342
8529899700094903171,2021-08,0.010505293219756968
8529899700094903171,2021-08,0.008024073446442072
8529899700094903171,2021-08,0.009581319745958255
8529899700094903171,2021-08,0.010505293219756968
8529899700094903171,2021-08,0.008907271828282508
8529899700094903171,2021-08,0.010673451894214469
8529899700094903171,2021-08,0.009734833845400099
8529899700094903171,2021-08,0.009035801077760287
8529899700094903171,2021-08,0.010505217166577195
5786895437851445408,2021-07,0.02141992664946403
5786895437851445408,2021-08,0.03945571384812186
5786895437851445408,2021-08,0.028672609457421748
1616952665234409442,2021-07,0.7937441440288162
1616952665234409442,2021-07,0.19074502367516868
1616952665234409442,2021-07,0.2244998437270351
1616952665234409442,2021-08,0.9001445054737748
1616952665234409442,2021-08,0.17724048948180166
1616952665234409442,2021-08,0.2044254315918431
8173830874846355280,2021-07,0.0036477488773283403
8173830874846355280,2021-07,0.003144172946004589
8173830874846355280,2021-07,0.0032406279119491306
8173830874846355280,2021-07,0.003759593967054771
8173830874846355280,2021-07,0.003755597580036837
8173830874846355280,2021-07,0.003635586336651342
8173830874846355280,2021-07,0.0040608950814384585
8173830874846355280,2021-07,0.0029759645209940125
8173830874846355280,2021-07,0.003037164345756805
8173830874846355280,2021-07,0.004075765702079417
8173830874846355280,2021-07,0.004251876359910823
8173830874846355280,2021-07,0.002812485392106105
8173830874846355280,2021-07,0.0029008464382237853
8173830874846355280,2021-07,0.0032033502202299946
8173830874846355280,2021-08,0.003220976595835481
8173830874846355280,2021-08,0.003379525399802658
8173830874846355280,2021-08,0.003521739986350223
8173830874846355280,2021-08,0.0023185372548429795
8173830874846355280,2021-08,0.002231085016199799
8173830874846355280,2021-08,0.002876859675432729
8173830874846355280,2021-08,0.0028008623278533264
8173830874846355280,2021-08,0.0032430606726588825
8173830874846355280,2021-08,0.003080627767132919
8173830874846355280,2021-08,0.003080627767132919
8173830874846355280,2021-08,0.0022359936769916398
7236776406341522879,2021-07,0.007614829035305595
3382624494518753363,2021-07,0.13091329709514746
3382624494518753363,2021-07,0.13941790388603997
3382624494518753363,2021-07,0.14995642799486505
3382624494518753363,2021-07,0.16579419489628375
3382624494518753363,2021-08,0.13507185413074752
3382624494518753363,2021-08,0.11862268000510255
3382624494518753363,2021-08,0.6796086383033948
1003144834589372198,2021-07,0.005049037883101605
1003144834589372198,2021-07,0.005472937249741472
1003144834589372198,2021-07,0.005322752936923503
1003144834589372198,2021-08,0.004312141013135865
1003144834589372198,2021-08,0.0050856802165214965
1003144834589372198,2021-08,0.003663547766623114
1003144834589372198,2021-08,0.004398093297365566
1003144834589372198,2021-08,0.004597225002570841
4043546053926060305,2021-07,0.8209749703320405
4043546053926060305,2021-07,0.6955754500737941
4043546053926060305,2021-08,0.8531758944060549
4043546053926060305,2021-08,0.7565365694438572
4043546053926060305,2021-08,0.7515030796422462
4043546053926060305,2021-08,0.7501448802013788
4043546053926060305,2021-08,0.7342437974841178
4043546053926060305,2021-08,0.7501759043716054
4043546053926060305,2021-08,0.7348084076684472
4043546053926060305,2021-08,0.783302996712752
4043546053926060305,2021-08,0.7622676951021833
4043546053926060305,2021-08,0.7617726327931932
2335982750277990437,2021-07,0.14183322128883155
2335982750277990437,2021-07,0.16160620663512676
2335982750277990437,2021-07,0.1368276946973938
2335982750277990437,2021-08,0.14611605920867846
7485107528960607346,2021-07,0.013864204927937926
7485107528960607346,2021-07,0.01564325659768759
7485107528960607346,2021-07,0.012696474803912373
7485107528960607346,2021-08,0.013614983394868775
465309249432033993,2021-07,0.017362876064248148
465309249432033993,2021-08,0.02731590745663795
465309249432033993,2021-08,0.02731590745663795
4995679129936981612,2021-07,0.26326366196551415
4995679129936981612,2021-07,0.2143736103173115
4995679129936981612,2021-07,0.23537116584721723
4995679129936981612,2021-08,0.23925470975364846
3137879241768961145,2021-07,0.0031332572355949498
3137879241768961145,2021-07,0.004042068611130364
3137879241768961145,2021-07,0.004068477659863947
3137879241768961145,2021-08,0.0022943697324307832
3137879241768961145,2021-08,0.002605993124289992
3137879241768961145,2021-08,0.0022995920163344334
8090492548102964782,2021-07,0.16024026394714302
5055200744384119654,2021-07,0.023445556983885996
660382477567765256,2021-07,0.004583319053230348
660382477567765256,2021-07,0.006244411626330115
660382477567765256,2021-07,0.006175159428329244
660382477567765256,2021-08,0.028110660296360106
660382477567765256,2021-08,0.02555904199477139
4166581859919473627,2021-07,0.012353188998406909
4166581859919473627,2021-07,0.015356700138614236
4166581859919473627,2021-07,0.016755373908664058
864510931144626280,2021-07,0.005442169197020644
864510931144626280,2021-08,0.5842828828475742
864510931144626280,2021-08,0.007845419542694099
4235078665660987689,2021-07,0.007620210266625715
4235078665660987689,2021-07,0.007730943368874665
187117706370645370,2021-07,0.044482106166350656
187117706370645370,2021-07,0.01917580906673874
187117706370645370,2021-08,0.034424801250325376
7930925883736021864,2021-07,0.0031675279353856624
7930925883736021864,2021-07,0.003211873041558584
7930925883736021864,2021-07,0.0037093312778589517
7930925883736021864,2021-07,0.004040364064947078
7930925883736021864,2021-07,0.0038467261250462476
7930925883736021864,2021-07,0.004344836785110952
7930925883736021864,2021-07,0.004248567088544763
7930925883736021864,2021-08,0.004103588494052267
7930925883736021864,2021-08,0.003920566475940611
7930925883736021864,2021-08,0.004249829730056596
7930925883736021864,2021-08,0.17754149714232098
7930925883736021864,2021-08,0.0038366648370910202
7930925883736021864,2021-08,0.003936171532064072
7930925883736021864,2021-08,0.004151658814649095
7930925883736021864,2021-08,0.0029726899526760194
7930925883736021864,2021-08,0.0032326534677375052
7930925883736021864,2021-08,0.0030839031835451186
7930925883736021864,2021-08,0.0030928987739238605
8004521604421988528,2021-07,0.06883823006560397
8004521604421988528,2021-07,0.07119513526270115
8004521604421988528,2021-07,0.09010978705441432
8004521604421988528,2021-07,0.11137760598393141
8004521604421988528,2021-07,0.10534210665841096
8004521604421988528,2021-08,0.09993310536958247
1276604410881911401,2021-07,0.041464437331738144
1276604410881911401,2021-07,0.056587229743031826
1276604410881911401,2021-07,0.041464437331738144
1276604410881911401,2021-07,0.030354173142374836
1276604410881911401,2021-07,0.03249479457082451
1276604410881911401,2021-08,0.07991227498214606
1276604410881911401,2021-08,0.06241454168022352
1276604410881911401,2021-08,0.07991227498214606
1276604410881911401,2021-08,0.06017687831011941
1276604410881911401,2021-08,0.06017687831011941
1276604410881911401,2021-08,0.0682746300046924
1276604410881911401,2021-08,0.0682746300046924
1276604410881911401,2021-08,0.06457560060991377
1276604410881911401,2021-08,0.0682746300046924
1958660709350677213,2021-07,0.25865592164525253
1958660709350677213,2021-08,0.2907681458431897
1958660709350677213,2021-08,0.23641979857646134
9052787288251876909,2021-07,0.0041617080503675245
1002362614649347438,2021-07,0.07223421363567344
1002362614649347438,2021-07,0.08330039557239823
1002362614649347438,2021-08,0.14316899134282357
1002362614649347438,2021-08,0.11503854866958818
3093415403379897112,2021-07,0.008190479706677998
3536431875244944563,2021-07,0.07148074266980704
3536431875244944563,2021-08,0.08215584461969593
2493688222671282470,2021-07,0.010285750031273693
2493688222671282470,2021-08,0.028855598225523367
5263285038415073073,2021-07,0.31580259079945266
5263285038415073073,2021-07,0.24257205201409276
5263285038415073073,2021-07,0.2586632135592429
7436628409157313756,2021-07,0.02876076980099029
7436628409157313756,2021-07,0.03143321949263273
7436628409157313756,2021-08,0.018622075919576722
7436628409157313756,2021-08,0.021482095201456892
7436628409157313756,2021-08,0.018530654142859503
4071158585850879204,2021-07,0.020302214208571243
2634859679238614382,2021-07,0.002089738574571402
2634859679238614382,2021-07,0.0028366712035853866
2634859679238614382,2021-07,0.0025913243075581104
2634859679238614382,2021-08,0.09356014114242613
2634859679238614382,2021-08,0.00349089838981202
2634859679238614382,2021-08,0.0031371839121777955
2634859679238614382,2021-08,0.003258324141485349
2634859679238614382,2021-08,0.0032565416501151145
8505870778358741102,2021-07,0.02131284453933806
8505870778358741102,2021-07,0.020312993066983795
8505870778358741102,2021-08,0.032358942109250464
3997247264680905799,2021-07,0.005102180730184482
3997247264680905799,2021-07,0.005429982640522569
3997247264680905799,2021-08,0.00822796501385409
3997247264680905799,2021-08,0.008177534668052043
510795635145114083,2021-07,0.029393447773542292
510795635145114083,2021-07,0.0272936724567131
510795635145114083,2021-08,0.05745779648681176
510795635145114083,2021-08,0.05498244863363208
510795635145114083,2021-08,0.05827962308287839
510795635145114083,2021-08,0.05827962308287839
6546850858912852316,2021-07,0.5655132273690564
6546850858912852316,2021-07,0.5070726285376863
6546850858912852316,2021-07,0.5371381213646578
2768068015169423097,2021-07,0.05760707334208672
2768068015169423097,2021-07,0.056798939466993485
2768068015169423097,2021-08,0.0250825508027124
7949169060790541229,2021-07,0.004272668187435045
7949169060790541229,2021-07,0.007014999243968558
7949169060790541229,2021-08,0.0072964061783391395
7949169060790541229,2021-08,0.005292910709004473
6964108750473070287,2021-07,0.014529728934442435
6964108750473070287,2021-07,0.006130958807087578
6964108750473070287,2021-07,0.011522560115847704
6964108750473070287,2021-07,0.006130958807087578
6964108750473070287,2021-07,0.009647452427327707
6964108750473070287,2021-07,0.005737522364056801
6964108750473070287,2021-07,0.01195677923223591
6964108750473070287,2021-07,0.010930213248898422
6964108750473070287,2021-07,0.006080837870407947
6964108750473070287,2021-07,0.006313992942506286
6964108750473070287,2021-07,0.006313992942506286
6964108750473070287,2021-07,0.005822057066379858
6964108750473070287,2021-07,0.0088746917835309
6964108750473070287,2021-07,0.005822057066379858
6964108750473070287,2021-08,0.005528282171759371
6964108750473070287,2021-08,0.004794864822985594
6964108750473070287,2021-08,0.006840810275340079
6964108750473070287,2021-08,0.007884693863995013
6964108750473070287,2021-08,0.011668667898596559
6964108750473070287,2021-08,0.0104006596471279
6964108750473070287,2021-08,0.007024958935490679
6964108750473070287,2021-08,0.0104006596471279
6964108750473070287,2021-08,0.006094199636936361
6964108750473070287,2021-08,0.007024958935490679
6964108750473070287,2021-08,0.010135179511117857
6964108750473070287,2021-08,0.005670053900729172
6964108750473070287,2021-08,0.006098871744772922
6964108750473070287,2021-08,0.10796194186880528
6964108750473070287,2021-08,0.009642886256055425
6964108750473070287,2021-08,0.005235274057032542
6964108750473070287,2021-08,0.005235274057032542
6964108750473070287,2021-08,0.009642886256055425
6964108750473070287,2021-08,0.005235274057032542
6964108750473070287,2021-08,0.005235274057032542
6964108750473070287,2021-08,0.009642886256055425
6964108750473070287,2021-08,0.005235274057032542
6964108750473070287,2021-08,0.006035647379537482
6964108750473070287,2021-08,0.007568760667710602
6964108750473070287,2021-08,0.007422763175252877
6964108750473070287,2021-08,0.006901507548061068
6964108750473070287,2021-08,0.012694031782063988
6964108750473070287,2021-08,0.012694031782063988
6964108750473070287,2021-08,0.006289861416752081
6964108750473070287,2021-08,0.007250285898102764
6964108750473070287,2021-08,0.006289861416752081
3218226066162129945,2021-07,0.12393028404514898
3218226066162129945,2021-08,0.1126727505302657
3218226066162129945,2021-08,0.1015375687017868
3218226066162129945,2021-08,0.10514220477560424
3218226066162129945,2021-08,0.11992623545277933
3218226066162129945,2021-08,0.772279841234647
3218226066162129945,2021-08,0.09850167145997316
4527499691197377217,2021-07,0.0052273283440161
4527499691197377217,2021-07,0.008931297505796085
4527499691197377217,2021-08,0.12226152856400102
4532469127306079736,2021-07,0.0026701384340651856
4532469127306079736,2021-07,0.0025506298953496776
1129657311668961746,2021-07,0.10534927070212177
1129657311668961746,2021-07,0.20518948971034753
1129657311668961746,2021-08,0.08719218512364413
1129657311668961746,2021-08,0.18086141106731762
3977861004707764824,2021-07,0.10459256558142487
3977861004707764824,2021-07,0.05682714785835618
3977861004707764824,2021-07,0.06134479723850938
3977861004707764824,2021-07,0.05806382005096416
3977861004707764824,2021-07,0.049807088902865074
3977861004707764824,2021-07,0.05399318383512372
3977861004707764824,2021-07,0.05399318383512372
3977861004707764824,2021-08,0.05826623709894775
3977861004707764824,2021-08,0.05088276265927691
3977861004707764824,2021-08,0.04224145197819704
3977861004707764824,2021-08,0.04339332662282723
3977861004707764824,2021-08,0.0526938328493566
3977861004707764824,2021-08,0.05027065028508372
8480109508191086169,2021-07,0.0024991466417101987
8480109508191086169,2021-08,0.003265832170140298
8480109508191086169,2021-08,0.0022611702088252508
6795467882769787169,2021-07,0.005299663961786734
6795467882769787169,2021-07,0.006679022019305855
6795467882769787169,2021-08,0.0233878990968768
2191990606593345695,2021-07,0.019426705259803542
2191990606593345695,2021-07,0.015156754265478606
2191990606593345695,2021-07,0.021088261540853175
2191990606593345695,2021-08,0.04439169381104551
6759864637454708017,2021-07,0.09526791181835993
6759864637454708017,2021-07,0.0820285011443962
6759864637454708017,2021-08,0.12443343830866782
6759864637454708017,2021-08,0.17402414790541934
6759864637454708017,2021-08,0.17123560268785828
6759864637454708017,2021-08,0.12790324971347702
6759864637454708017,2021-08,0.09590643867317043
5440313607363845188,2021-07,0.0028015294112666875
5440313607363845188,2021-08,0.002305026441457828
5304536516981778801,2021-07,0.008439664445665981
5304536516981778801,2021-07,0.004161448229470998
5304536516981778801,2021-07,0.0036479629415749073
5304536516981778801,2021-08,0.003750448991587965
5304536516981778801,2021-08,0.0031065836934243488
5304536516981778801,2021-08,0.002360160042368671
5304536516981778801,2021-08,0.0024845063457380957
5304536516981778801,2021-08,0.0026888848442170265
5304536516981778801,2021-08,0.0022319932951112313
665854826624598350,2021-07,0.025393063090420435
665854826624598350,2021-07,0.01715529878293608
665854826624598350,2021-07,0.01490840386547808
665854826624598350,2021-08,0.019345444084171107
665854826624598350,2021-08,0.018970130746613866
665854826624598350,2021-08,0.011986979631771925
665854826624598350,2021-08,0.012188678948911251
4935929591787890253,2021-07,0.008091175909863635
4935929591787890253,2021-07,0.008374154501826289
4935929591787890253,2021-08,0.002187619025862228
670573866376512619,2021-07,0.05667408746084336
670573866376512619,2021-07,0.04774878221281073
3668905663669864663,2021-07,0.013472604159122964
3668905663669864663,2021-08,0.011368160785658821
3668905663669864663,2021-08,0.5521202811220767
3668905663669864663,2021-08,0.017515017455118735
4862285428951244424,2021-07,0.002075787603723674
4862285428951244424,2021-07,0.001983998953265236
4862285428951244424,2021-07,0.0012847485748541019
4862285428951244424,2021-08,0.0013762403101525238
5528372913947954503,2021-07,0.1091220518632223
5528372913947954503,2021-07,0.11929186705088099
5528372913947954503,2021-08,0.07635546489828365
5528372913947954503,2021-08,0.17211279653835038
1118514612547157551,2021-07,0.061739690905013675
1118514612547157551,2021-07,0.04566907472525735
1118514612547157551,2021-07,0.19248465117048855
1118514612547157551,2021-08,0.03251541257242401
1118514612547157551,2021-08,0.03746219130626687
2903869860445366876,2021-07,0.011388346734797782
2903869860445366876,2021-08,0.009893235433178693
2903869860445366876,2021-08,0.006976138112674165
410843023337872279,2021-07,0.011509455860011886
410843023337872279,2021-07,0.010615488295329597
3281617395243454427,2021-07,0.05149080784860997
3281617395243454427,2021-07,0.053802211538071895
3281617395243454427,2021-08,0.02803306396543774
2128970218770090704,2021-07,0.00834322869611598
2128970218770090704,2021-07,0.00975627566927626
2128970218770090704,2021-07,0.009294265749813138
2128970218770090704,2021-08,0.010166948713473565
2128970218770090704,2021-08,0.00926394633587914
2128970218770090704,2021-08,0.00919145575682384
2128970218770090704,2021-08,0.06931310950262345
2307201111381758912,2021-07,0.026320162034273845
2307201111381758912,2021-08,0.017912782718938466
3408536439470975134,2021-07,0.0019665313332122565
3408536439470975134,2021-07,0.0019940271275491364
3408536439470975134,2021-07,0.0023076327410748434
3408536439470975134,2021-07,0.0023942958937342414
3408536439470975134,2021-08,0.0033886328698554315
3408536439470975134,2021-08,0.0029709069617694117
3408536439470975134,2021-08,0.0028551428438383965
3408536439470975134,2021-08,0.003040886426413954
2106875407768047316,2021-07,0.008457336531514143
2106875407768047316,2021-07,0.010200350278839901
2106875407768047316,2021-07,0.011218484156704588
2106875407768047316,2021-07,0.007802177784461231
7067471043900250355,2021-07,0.026174053953697415
7067471043900250355,2021-07,0.024149008313282976
7067471043900250355,2021-08,0.020979564361876216
7067471043900250355,2021-08,0.015065832586947547
6535356415509860671,2021-07,0.1270673885137274
4095739077267179172,2021-07,0.06642491529622027
4095739077267179172,2021-07,0.06911860257957102
180672270337706285,2021-07,0.7660548556835228
180672270337706285,2021-07,0.7769062833399398
180672270337706285,2021-07,0.7268542397864036
180672270337706285,2021-07,0.7629992526846721
180672270337706285,2021-08,0.6619781938217013
180672270337706285,2021-08,0.7509248123252004
180672270337706285,2021-08,0.7889144364076673
1977574645216036803,2021-07,0.7912387414653441
1977574645216036803,2021-08,0.7839906444363429
1977574645216036803,2021-08,0.9735971963018606
7707459425750676368,2021-07,0.9585472334545592
7707459425750676368,2021-08,0.10577097836762493
226405871752897670,2021-07,0.004643883872890855
226405871752897670,2021-08,0.0047395223318261025
226405871752897670,2021-08,0.00270009469885727
5503073374822479037,2021-07,0.025420237595565897
5503073374822479037,2021-07,0.03349774917733797
5503073374822479037,2021-08,0.040281276760956636
5503073374822479037,2021-08,0.03850758858851214
5503073374822479037,2021-08,0.03877340591877515
3161361581909316305,2021-07,0.01111742220414959
652740132671309295,2021-07,0.05863193865287481
652740132671309295,2021-07,0.08833297431130248
5503391736465275980,2021-07,0.022622976789598223
5503391736465275980,2021-07,0.0301124341288429
5503391736465275980,2021-08,0.011450617342979377
5503391736465275980,2021-08,0.011566498598815866
8895896724713458749,2021-07,0.008747518993495849
8895896724713458749,2021-07,0.008445176332617427
8895896724713458749,2021-07,0.008810254969084956
8895896724713458749,2021-08,0.008073449865698946
8895896724713458749,2021-08,0.006516156929433366
9184785003280841216,2021-07,0.007952211923103955
9184785003280841216,2021-07,0.008710175313747404
9184785003280841216,2021-08,0.006903280956364611
9184785003280841216,2021-08,0.006436365007442732
1210783884008131648,2021-07,0.003406617682572767
1210783884008131648,2021-07,0.006456556304431508
1210783884008131648,2021-07,0.003355454211450248
345447888460137901,2021-07,0.04010321872480523
6368582840625614207,2021-07,0.0034081093868189643
6368582840625614207,2021-08,0.0033038907583673688
1044568737046072781,2021-07,0.01824707602498797
5864443060004179363,2021-07,0.002704159124115097
5864443060004179363,2021-07,0.0027468951211519557
5864443060004179363,2021-07,0.003584493300843322
5864443060004179363,2021-08,0.005423882099397526
5864443060004179363,2021-08,0.004496371144640322
5864443060004179363,2021-08,0.004424490587209662
5864443060004179363,2021-08,0.004730848490887591
5864443060004179363,2021-08,0.004674131046637378
5864443060004179363,2021-08,0.004985379770449362
2214132103234633622,2021-07,0.012442795240959283
2214132103234633622,2021-07,0.010423946777481147
2214132103234633622,2021-08,0.005562018676731274
2214132103234633622,2021-08,0.005562018676731274
2214132103234633622,2021-08,0.005657729230869329
2214132103234633622,2021-08,0.005979668249113948
2214132103234633622,2021-08,0.008668815663381194
5369576709077493659,2021-07,0.011111108206906278
5369576709077493659,2021-07,0.011225151434949147
5369576709077493659,2021-07,0.01344941211553375
5369576709077493659,2021-07,0.10893048305148033
3634047863995720708,2021-07,0.005443739867570733
3634047863995720708,2021-08,0.005030329271677568
3634047863995720708,2021-08,0.005084846845677248
792560389712312178,2021-07,0.0027439227924721307
792560389712312178,2021-07,0.003932780258581265
792560389712312178,2021-08,0.33041139887655635
792560389712312178,2021-08,0.004491054468035056
792560389712312178,2021-08,0.004487606018125327
4717717003637613480,2021-07,0.00899877112637096
4717717003637613480,2021-07,0.010356559667033673
4717717003637613480,2021-08,0.006265486411080559
4717717003637613480,2021-08,0.004762662832347336
4717717003637613480,2021-08,0.0039507979008558455
1104269683367198574,2021-07,0.006321921482910122
1104269683367198574,2021-07,0.006572082103349843
1104269683367198574,2021-08,0.008719444104602268
7870373680211625064,2021-07,0.014405769406289076
7870373680211625064,2021-07,0.03176473039745122
7870373680211625064,2021-07,0.04238245198108059
7870373680211625064,2021-08,0.09943424310576367
7870373680211625064,2021-08,0.10003152405634455
7870373680211625064,2021-08,0.10003152405634455
7870373680211625064,2021-08,0.10615507228731712
7038761645302069945,2021-07,0.10118973303749804
7038761645302069945,2021-08,0.028098135530599897
5888474320320735000,2021-07,0.948432656449447
5888474320320735000,2021-08,0.9479661948214779
5888474320320735000,2021-08,0.9493229711795665
5888474320320735000,2021-08,0.9471091172265791
4414438591613884911,2021-07,0.00610207188742685
4414438591613884911,2021-08,0.009437613681134773
4414438591613884911,2021-08,0.00788968271724662
4414438591613884911,2021-08,0.006395583878664575
4950871361132426979,2021-07,0.04961528876160918
4950871361132426979,2021-08,0.02193950581160787
6462952350255736003,2021-07,0.005526325652608538
6462952350255736003,2021-07,0.010011337091227068
4061297388883391410,2021-07,0.009098277563048691
4061297388883391410,2021-08,0.007709659520559616
4061297388883391410,2021-08,0.007063049722391314
4061297388883391410,2021-08,0.008456605049227028
4061297388883391410,2021-08,0.007133077551324346
5522764880180045081,2021-07,0.01882184184157867
5522764880180045081,2021-07,0.026121447632876944
5522764880180045081,2021-08,0.032728835143184656
5522764880180045081,2021-08,0.02026351012641649
5522764880180045081,2021-08,0.02772402279657981
5522764880180045081,2021-08,0.022188033628656314
8609211777002937758,2021-07,0.0027086825270311752
8609211777002937758,2021-08,0.003147957967017477
2694466161223698243,2021-07,0.9325070739110702
2694466161223698243,2021-07,0.952381063066638
8350724667410677464,2021-07,0.155166461784568
8350724667410677464,2021-07,0.16879978047128566
8350724667410677464,2021-07,0.1518459961802474
8350724667410677464,2021-07,0.18145453961731936
8350724667410677464,2021-08,0.8957720082657883
1088521227159442264,2021-07,0.010076692924973422
1088521227159442264,2021-07,0.005989896614590655
1088521227159442264,2021-07,0.012187957185933792
1088521227159442264,2021-08,0.013278317920272927
1088521227159442264,2021-08,0.0055292135209635135
7895753719321668294,2021-07,0.003491928312530841
7895753719321668294,2021-07,0.004525986798826379
7895753719321668294,2021-08,0.008004321810385089
7895753719321668294,2021-08,0.008510023783371895
4641659186059167709,2021-07,0.023184455851883723
4641659186059167709,2021-07,0.034907281393027664
2819054834565698513,2021-07,0.008646279422061014
2819054834565698513,2021-07,0.008646279422061014
2819054834565698513,2021-08,0.014902990605274422
3591324331706630867,2021-07,0.16763972029715096
3591324331706630867,2021-07,0.10486816108963988
3591324331706630867,2021-08,0.10392284202023974
3591324331706630867,2021-08,0.041151330873853524
3591324331706630867,2021-08,0.02319976143623097
2493305884832539159,2021-07,0.02337789716522796
2493305884832539159,2021-07,0.022557370439078947
2493305884832539159,2021-08,0.028005549440949698
4972567100282306577,2021-07,0.014016036446930197
4972567100282306577,2021-07,0.014016036446930197
4972567100282306577,2021-07,0.012954688743839725
4972567100282306577,2021-08,0.007558217259336504
940214356651040716,2021-07,0.18666395435310765
940214356651040716,2021-07,0.2806217851371
6349142675790687765,2021-07,0.4705266996474152
6349142675790687765,2021-08,0.4313927828733508
6349142675790687765,2021-08,0.44565159704257323
6349142675790687765,2021-08,0.4711577138208006
6349142675790687765,2021-08,0.46496945727385824
6352592240901579272,2021-07,0.0104075632342241
4858887739802767402,2021-07,0.00506380398090448
4858887739802767402,2021-07,0.0052042274834191325
4858887739802767402,2021-07,0.0053703183431520075
4858887739802767402,2021-08,0.0029854833541704635
503021894071666233,2021-07,0.1319551805114225
503021894071666233,2021-08,0.07214852600978208
503021894071666233,2021-08,0.1092340062051727
503021894071666233,2021-08,0.1033700347112862
4465150716052427320,2021-07,0.0830358805480927
4465150716052427320,2021-07,0.010350184422752975
2645324649046215594,2021-07,0.009680085144718915
2645324649046215594,2021-07,0.00990360510337821
2645324649046215594,2021-07,0.03589722658390575
2645324649046215594,2021-07,0.011442396345139222
2645324649046215594,2021-08,0.012049846146869277
2645324649046215594,2021-08,0.011263754950202974
5042877476420217533,2021-07,0.006903292526943407
5042877476420217533,2021-08,0.013089540691125114
5042877476420217533,2021-08,0.012646681091220455
8400764778654490278,2021-07,0.03201308693103591
8400764778654490278,2021-07,0.0486508874461109
8400764778654490278,2021-08,0.08426405516567405
3285246914299291124,2021-07,0.007180622771852598
3285246914299291124,2021-07,0.008442817407708369
3285246914299291124,2021-07,0.008171595942804456
3285246914299291124,2021-08,0.006745591054510991
3285246914299291124,2021-08,0.005606555410596875
3285246914299291124,2021-08,0.006684660603070193
3285246914299291124,2021-08,0.005121474318392436
4170463992215954403,2021-07,0.0027879783732025587
4170463992215954403,2021-08,0.022640494429079467
1536087798470875922,2021-07,0.2265459011400615
1536087798470875922,2021-07,0.2274653477559861
1536087798470875922,2021-07,0.21989228564282426
1536087798470875922,2021-08,0.18865540243839218
1536087798470875922,2021-08,0.17706132337590086
1536087798470875922,2021-08,0.2647159888558506
1536087798470875922,2021-08,0.18571900488571147
1536087798470875922,2021-08,0.19840455767726725
1536087798470875922,2021-08,0.2517714331237099
1536087798470875922,2021-08,0.15533734880084155
4675067298171588603,2021-07,0.07867419423252557
4675067298171588603,2021-07,0.06278668627344221
4675067298171588603,2021-07,0.058154226979309075
4675067298171588603,2021-08,0.05880220403534238
4675067298171588603,2021-08,0.07643536859913538
2346482557594782345,2021-07,0.015161711723233771
2346482557594782345,2021-07,0.023944229256546986
2346482557594782345,2021-08,0.01187277284634837
5058298901476893676,2021-07,0.011372603987634072
5058298901476893676,2021-07,0.008669940764209991
5058298901476893676,2021-07,0.008669940764209991
5058298901476893676,2021-08,0.009761965142764508
6217788509719675691,2021-07,0.003464050547554589
6217788509719675691,2021-07,0.0031563080409813945
6217788509719675691,2021-07,0.006996043163306293
6217788509719675691,2021-07,0.005399420329289333
6217788509719675691,2021-08,0.00511964127159711
6217788509719675691,2021-08,0.012485377426124357
4795152981525833467,2021-07,0.0095075109656716
4795152981525833467,2021-07,0.01394058225047431
4795152981525833467,2021-08,0.13546073145916376
4795152981525833467,2021-08,0.006684230292626532
4785355632922927313,2021-07,0.3120747258336991
4785355632922927313,2021-07,0.3196385557943776
4785355632922927313,2021-07,0.36478733556370874
4785355632922927313,2021-08,0.2943490931376858
4785355632922927313,2021-08,0.29137745972915235
4785355632922927313,2021-08,0.29199667981127697
7268895973869107930,2021-07,0.004315557002455507
7268895973869107930,2021-07,0.005081977601034135
7710364735942975505,2021-07,0.025430176615325692
7710364735942975505,2021-08,0.008264312808494616
7710364735942975505,2021-08,0.0076549861112067425
3095408468798675621,2021-07,0.017640023305346992
3095408468798675621,2021-08,0.0028868435424639887
7177785309735471560,2021-07,0.0030194645669627397
7177785309735471560,2021-07,0.0034587906714841497
7177785309735471560,2021-07,0.003747340660673549
7177785309735471560,2021-08,0.0023779377757499006
8510653215962746781,2021-07,0.0172028823179714
5358243820364010940,2021-07,0.016360729130483417
5358243820364010940,2021-08,0.01665792723843037
5358243820364010940,2021-08,0.01800611740218795
5358243820364010940,2021-08,0.015528398421212822
5358243820364010940,2021-08,0.014530939844913538
6927178425683104769,2021-07,0.004249553458475489
6927178425683104769,2021-07,0.00510982822111621
6927178425683104769,2021-08,0.005922619594899678
6927178425683104769,2021-08,0.0038635903430512997
1269153452773908541,2021-07,0.006792744634236579
1269153452773908541,2021-08,0.006370657792199944
2006188298374001315,2021-07,0.06166760588207996
7325545718770538459,2021-07,0.0030145053731038206
7325545718770538459,2021-07,0.0028392951397363687
7325545718770538459,2021-07,0.003098966319489865
7325545718770538459,2021-07,0.003098966319489865
7325545718770538459,2021-07,0.0036157739770215497
7325545718770538459,2021-07,0.0036157739770215497
7325545718770538459,2021-07,0.0034776422845069223
7325545718770538459,2021-07,0.003565279296182447
7325545718770538459,2021-07,0.0033581645979592544
7325545718770538459,2021-07,0.0049861912109697756
7325545718770538459,2021-08,0.0075393686898739265
7325545718770538459,2021-08,0.0058917229907649435
7325545718770538459,2021-08,0.004396515263118283
7325545718770538459,2021-08,0.004154816581552718
7325545718770538459,2021-08,0.004396515263118283
7325545718770538459,2021-08,0.0068122974957636655
7325545718770538459,2021-08,0.005176688876065921
8464809590757561185,2021-07,0.01218369612402273
8464809590757561185,2021-07,0.01604606941553251
8464809590757561185,2021-08,0.013993480746079458
8464809590757561185,2021-08,0.017374262948823067
8464809590757561185,2021-08,0.01580439473391641
8748106677402909629,2021-07,0.03273107968624036
312543480920432545,2021-07,0.0023660927204695527
312543480920432545,2021-07,0.0024085482359558707
312543480920432545,2021-07,0.0028381036052684983
312543480920432545,2021-08,0.0028733973124441957
312543480920432545,2021-08,0.0029422505312723386
1059336566956767188,2021-07,0.022149255915141587
6186737197674630993,2021-07,0.009565994237479893
6186737197674630993,2021-08,0.011342401962010105
6186737197674630993,2021-08,0.3009043099266052
6186737197674630993,2021-08,0.005993243828295377
5606267905834401873,2021-07,0.0027807421443801226
5606267905834401873,2021-08,0.002718874531098622
5606267905834401873,2021-08,0.002978480593756245
5606267905834401873,2021-08,0.0018118348538820773
1097345589386012260,2021-07,0.005128321879540429
1097345589386012260,2021-08,0.00676808114692437
2763141362035716801,2021-07,0.00339916744494487
3022528659032597047,2021-07,0.024713135895424974
3022528659032597047,2021-07,0.02936742707337932
3022528659032597047,2021-08,0.685022287058554
3022528659032597047,2021-08,0.038888607217337244
3022528659032597047,2021-08,0.030014971267460833
8015571584405428572,2021-07,0.013883648528962914
8015571584405428572,2021-08,0.24784152895296868
8015571584405428572,2021-08,0.015198189519456602
8015571584405428572,2021-08,0.030341607260645505
6721448955097663572,2021-07,0.011819797085505478
6721448955097663572,2021-07,0.008564254033330932
6721448955097663572,2021-07,0.009034563362196478
6721448955097663572,2021-07,0.01222737837361809
6721448955097663572,2021-07,0.011852494030262797
6721448955097663572,2021-08,0.017120751981663115
6721448955097663572,2021-08,0.01269860641914173
6721448955097663572,2021-08,0.015345902978788527
6721448955097663572,2021-08,0.012061030283305015
6721448955097663572,2021-08,0.009048137062220544
6721448955097663572,2021-08,0.0145341658827976
3960251564708868781,2021-07,0.020907364483668967
3960251564708868781,2021-07,0.01788478423572843
3960251564708868781,2021-08,0.047769329292286236
3960251564708868781,2021-08,0.047769329292286236
3960251564708868781,2021-08,0.027574285014850188
2022367282554149730,2021-07,0.008990531372604483
2022367282554149730,2021-07,0.008416356717265398
2022367282554149730,2021-07,0.009749490466760187
2022367282554149730,2021-07,0.010811748449783951
2022367282554149730,2021-07,0.011069160862711907
2022367282554149730,2021-08,0.010647892537155217
2022367282554149730,2021-08,0.009096997926405156
2022367282554149730,2021-08,0.009218221648032073
2022367282554149730,2021-08,0.009096997926405156
2022367282554149730,2021-08,0.47918922114555024
2022367282554149730,2021-08,0.007276746603706589
2466177460692220853,2021-07,0.004892082182447328
2466177460692220853,2021-08,0.0022688134372979138
2466177460692220853,2021-08,0.0016255065143948603
7397206777205091443,2021-07,0.021642972965222357
5613825020130267729,2021-07,0.00405965659006017
5613825020130267729,2021-07,0.005271485784275263
5613825020130267729,2021-07,0.004659102743304047
5613825020130267729,2021-08,0.004857555887644581
5613825020130267729,2021-08,0.003372967355374452
5726178124659661019,2021-07,0.005649763871621986
5726178124659661019,2021-07,0.005744485295885784
5726178124659661019,2021-07,0.005099392178430169
5726178124659661019,2021-08,0.0026215533587866167
5726178124659661019,2021-08,0.002643806465978194
5726178124659661019,2021-08,0.0028835076782094634
5726178124659661019,2021-08,0.0030168368004482916
5726178124659661019,2021-08,0.002505495203856371
5726178124659661019,2021-08,0.00450016353701998
5726178124659661019,2021-08,0.004540911716181403
835441927760881602,2021-07,0.5056487102444978
835441927760881602,2021-08,0.4532312579147792
835441927760881602,2021-08,0.4532312579147792
1329553496073467331,2021-07,0.008358252887927365
1329553496073467331,2021-08,0.007162107951667813
5860276371789140450,2021-07,0.0888620221680426
5860276371789140450,2021-08,0.023777736828284997
5860276371789140450,2021-08,0.03220186807470036
5810778736737569699,2021-07,0.009293414129501553
5810778736737569699,2021-08,0.010510003588807144
5810778736737569699,2021-08,0.5162094303957064
7468724002190465812,2021-07,0.023346546486997456
7468724002190465812,2021-08,0.013949139769922524
2455576782104041698,2021-07,0.03109241001270556
2455576782104041698,2021-07,0.028073585167250222
2455576782104041698,2021-08,0.0458661747333121
2455576782104041698,2021-08,0.0372176155025113
2455576782104041698,2021-08,0.026529101552365385
4863405965754103821,2021-07,0.19880021703345196
4863405965754103821,2021-07,0.10703046078557515
4863405965754103821,2021-07,0.12996920436032755
4863405965754103821,2021-08,0.05115225303494205
4863405965754103821,2021-08,0.05115225303494205
4863405965754103821,2021-08,0.06115199933953416
4863405965754103821,2021-08,0.03686057979888815
4863405965754103821,2021-08,0.04470327976433606
4863405965754103821,2021-08,0.05002210011050664
4863405965754103821,2021-08,0.05263330565445305
4863405965754103821,2021-08,0.0718678010287716
4863405965754103821,2021-08,0.04875542651783978
2983174282784691273,2021-07,0.008700394380979654
2983174282784691273,2021-07,0.01158006878147058
2983174282784691273,2021-08,0.009736378260020552
2983174282784691273,2021-08,0.009331631999370671
6969348581033924947,2021-07,0.033928265100289574
6969348581033924947,2021-07,0.03589621024191663
6969348581033924947,2021-07,0.04132299758672421
6969348581033924947,2021-07,0.039075415106211965
6969348581033924947,2021-07,0.042837869860142055
6969348581033924947,2021-08,0.07397537128027978
6969348581033924947,2021-08,0.015596437140044593
6969348581033924947,2021-08,0.014503580529550954
6969348581033924947,2021-08,0.01967177303639566
8603678028264007695,2021-07,0.012821371515023399
8603678028264007695,2021-08,0.00910053026010928
8603678028264007695,2021-08,0.013193847145157634
1088268935649917461,2021-07,0.02282145680843607
1088268935649917461,2021-08,0.8290730760416946
1088268935649917461,2021-08,0.033002278810652375
1717812527056208209,2021-07,0.2810738072978029
1717812527056208209,2021-07,0.2810738072978029
682352428813668634,2021-07,0.003775224970712711
682352428813668634,2021-07,0.0033057184774570487
682352428813668634,2021-07,0.0036596533511268083
682352428813668634,2021-08,0.0031496178415727975
682352428813668634,2021-08,0.004492542645437957
682352428813668634,2021-08,0.004492542645437957
6643358471662528195,2021-07,0.0015566297467536194
6643358471662528195,2021-08,0.13766447022180175
6643358471662528195,2021-08,0.001326763282327222
1343530446996409207,2021-07,0.00692120518576507
1343530446996409207,2021-08,0.016435731827742116
1343530446996409207,2021-08,0.00531123798510056
3750579377644235511,2021-07,0.1063042304080636
3750579377644235511,2021-07,0.1281822645203396
3750579377644235511,2021-07,0.07810373465826276
3750579377644235511,2021-08,0.0989078267580093
3832944730982767714,2021-07,0.06996225735036336
3832944730982767714,2021-07,0.05526094452350018
6448580780254847411,2021-07,0.014516971530868719
6448580780254847411,2021-07,0.015890452215034285
4853303856126909724,2021-07,0.9554993581245397
7712263029835111826,2021-07,0.49116096890904487
8901696535927078963,2021-07,0.004724602384991612
8901696535927078963,2021-07,0.005715860711543687
8901696535927078963,2021-07,0.005059579785260189
8901696535927078963,2021-08,0.005987339043671953
8901696535927078963,2021-08,0.007098628360054032
8901696535927078963,2021-08,0.006208998044159533
8901696535927078963,2021-08,0.005109689614536306
8901696535927078963,2021-08,0.005714963621332927
3095686599956852697,2021-07,0.012217583853469265
3095686599956852697,2021-07,0.009205588275963348
3095686599956852697,2021-07,0.010799542783707974
3095686599956852697,2021-08,0.008214671725149674
3095686599956852697,2021-08,0.00853783509909486
3095686599956852697,2021-08,0.007540789347680848
5880041582322293710,2021-07,0.03059356161447393
5880041582322293710,2021-07,0.02727257456274312
5880041582322293710,2021-07,0.022320714817991846
5880041582322293710,2021-08,0.018021803829735904
5880041582322293710,2021-08,0.012984494814277648
5880041582322293710,2021-08,0.01637189209659834
5880041582322293710,2021-08,0.011786740731198394
5880041582322293710,2021-08,0.012502441189509442
8918635099296971351,2021-07,0.09529862010879663
8918635099296971351,2021-08,0.07523552288920735
7347715771145302549,2021-07,0.0017438697715386198
7347715771145302549,2021-07,0.0018925632003957999
7347715771145302549,2021-08,0.0014290352734044405
7347715771145302549,2021-08,0.001485066713572821
8196449005061156808,2021-07,0.0230139665492958
8196449005061156808,2021-08,0.008268436750799035
7910340581026492945,2021-07,0.0049808996695102185
7910340581026492945,2021-07,0.0034288128744448276
7910340581026492945,2021-07,0.004780160973308424
7910340581026492945,2021-08,0.004821748017621037
7910340581026492945,2021-08,0.005093521203334978
7910340581026492945,2021-08,0.004582695536361881
7910340581026492945,2021-08,0.004105987848500464
7910340581026492945,2021-08,0.0043303959054412314
4588313530969303734,2021-07,0.13175938824949282
4588313530969303734,2021-07,0.13376975801750404
4588313530969303734,2021-08,0.08402990996126644
4588313530969303734,2021-08,0.10746043884115036
8229446069655666941,2021-07,0.07009806667065993
8229446069655666941,2021-07,0.9784625184829977
8229446069655666941,2021-07,0.07420783898368008
8229446069655666941,2021-07,0.08007219815825393
1299146298565441811,2021-07,0.02620360691376186
1299146298565441811,2021-07,0.02556840313507859
1299146298565441811,2021-08,0.025033782240937365
2119292203323657032,2021-07,0.0036446869345426363
2119292203323657032,2021-08,0.011847753672829489
4740535838297269949,2021-07,0.0026772430423026364
4740535838297269949,2021-07,0.003709880203077691
4740535838297269949,2021-08,0.002889806911658626
8198518259946944874,2021-07,0.9663109547085615
4327694790333781288,2021-07,0.0012722800419073756
4327694790333781288,2021-07,0.0012590308202034836
4327694790333781288,2021-08,0.047591814636210164
4327694790333781288,2021-08,0.0013465471980889307
4327694790333781288,2021-08,0.0014295170176750807
324916756972236008,2021-07,0.013427109100673152
324916756972236008,2021-08,0.0162749838167143
324916756972236008,2021-08,0.014547960221692914
324916756972236008,2021-08,0.016246579446143227
324916756972236008,2021-08,0.028126393695731593
1788369195969129749,2021-07,0.007077742138624637
1788369195969129749,2021-08,0.008697692937008467
6284433051333854194,2021-07,0.0029660833246289175
6284433051333854194,2021-08,0.0032712158998051436
6284433051333854194,2021-08,0.0029404020602654722
472772897496154354,2021-07,0.013072183749762894
472772897496154354,2021-08,0.01811429089790765
472772897496154354,2021-08,0.01038091290919543
472772897496154354,2021-08,0.01233077302702067
5108407319813072955,2021-07,0.022074841933360127
5108407319813072955,2021-07,0.041311270505955275
1253437108265925705,2021-07,0.0024912306558829657
1253437108265925705,2021-07,0.0021738332413417842
1253437108265925705,2021-07,0.003127627892061677
1253437108265925705,2021-08,0.0465639172783969
2209806355660046187,2021-07,0.0034381881809063286
2209806355660046187,2021-08,0.006265665031661136
1767360303789815418,2021-07,0.011356649986642505
8080988579391900405,2021-07,0.007758117565283066
8080988579391900405,2021-07,0.007174685016292034
8080988579391900405,2021-08,0.010526249391859048
8080988579391900405,2021-08,0.0124868655438781
8348574220426911086,2021-07,0.0073473369281479425
8348574220426911086,2021-07,0.010642960502498886
8348574220426911086,2021-07,0.016575980603420574
8348574220426911086,2021-08,0.009449788107082467
8348574220426911086,2021-08,0.009730333413099737
8348574220426911086,2021-08,0.009767863122355913
8348574220426911086,2021-08,0.009572977463589233
6547872039250784411,2021-07,0.9400224633133898
6547872039250784411,2021-08,0.9319688997221681
1543875954928694094,2021-07,0.0040674916045976015
1543875954928694094,2021-07,0.003976468979574079
8576047157867370630,2021-07,0.11527791024480379
8576047157867370630,2021-08,0.08828602686397055
3357976326879346012,2021-07,0.34743494513846396
3357976326879346012,2021-08,0.26364563005757025
903093877129717133,2021-07,0.0020469925742892504
903093877129717133,2021-07,0.003185638809054415
903093877129717133,2021-07,0.0026298635687197394
903093877129717133,2021-08,0.043860893484947185
8536980239903840341,2021-07,0.01301079964320937
5875663709136533612,2021-07,0.014865854247028435
6238903426443761049,2021-07,0.032041324620846405
6238903426443761049,2021-07,0.04912837547513107
6238903426443761049,2021-08,0.09787575256048942
6238903426443761049,2021-08,0.45875199471633527
6238903426443761049,2021-08,0.07700457160585915
6238903426443761049,2021-08,0.040877969269285386
3660744270380078352,2021-07,0.022987008203621408
3660744270380078352,2021-08,0.012026742004589837
2377020220794016532,2021-07,0.02583428352357008
2377020220794016532,2021-07,0.03159176290869621
2377020220794016532,2021-08,0.019546469539650838
8287608084245946173,2021-07,0.0065944955297294605
8287608084245946173,2021-07,0.18415392864319377
8287608084245946173,2021-08,0.005976617394062446
8287608084245946173,2021-08,0.0048886997733501355
8287608084245946173,2021-08,0.004430034478793906
8287608084245946173,2021-08,0.0057881626771706255
8287608084245946173,2021-08,0.004441279581693141
8287608084245946173,2021-08,0.0035635557536505243
8287608084245946173,2021-08,0.004399746916403811
8287608084245946173,2021-08,0.004091673069743083
8287608084245946173,2021-08,0.004682077530518382
6950439982480713649,2021-07,0.1109850753029794
6950439982480713649,2021-08,0.27782308050948945
5067621068959932809,2021-07,0.034676574849605436
5067621068959932809,2021-07,0.03824455105645721
5067621068959932809,2021-07,0.053728948091899896
5067621068959932809,2021-08,0.04477422908403813
5067621068959932809,2021-08,0.03188968056776805
5067621068959932809,2021-08,0.018660169539196712
5067621068959932809,2021-08,0.016918798040698107
5067621068959932809,2021-08,0.01896027325042668
5067621068959932809,2021-08,0.019537116755350522
5067621068959932809,2021-08,0.01376949698850808
8195468623809753777,2021-07,0.006667904138666217
8195468623809753777,2021-07,0.0025055564592751426
8195468623809753777,2021-07,0.0030789243236509643
8195468623809753777,2021-07,0.006649802027168197
8195468623809753777,2021-08,0.003567348285743611
8195468623809753777,2021-08,0.00469347018854709
8195468623809753777,2021-08,0.00467673058574805
3632378524835692731,2021-07,0.0015239686218933293
3632378524835692731,2021-08,0.002190182983166864
4980232475645447238,2021-07,0.009470849237029764
4980232475645447238,2021-07,0.009866143635323215
3829967475074118757,2021-07,0.8114714480124486
3829967475074118757,2021-07,0.7748676517752169
3829967475074118757,2021-08,0.5751723380534541
3829967475074118757,2021-08,0.8725285035459235
3829967475074118757,2021-08,0.6828570916010461
3829967475074118757,2021-08,0.6776635137371033
2371917341091102894,2021-07,0.029782919850942367
2371917341091102894,2021-07,0.06760065012907704
3571198145319411787,2021-07,0.017298127601908984
8503092146854371576,2021-07,0.001132852342702757
8503092146854371576,2021-08,0.0014610213977689704
1036256411320325774,2021-07,0.007730159305248025
1036256411320325774,2021-08,0.003965922526626691
1036256411320325774,2021-08,0.002844433653418013
1036256411320325774,2021-08,0.006738602296334651
8123515208041701633,2021-07,0.04006143083138269
8123515208041701633,2021-08,0.9301464089496086
8123515208041701633,2021-08,0.01998598641762374
8123515208041701633,2021-08,0.017212718060433566
5958664040344043635,2021-07,0.015032712091978671
5958664040344043635,2021-07,0.0233898252849631
5958664040344043635,2021-08,0.015528015287449744
8785648114090695180,2021-07,0.014784492480663311
7595945751692012281,2021-07,0.004698983176192459
7595945751692012281,2021-08,0.13859668437547018
7595945751692012281,2021-08,0.009335790438358776
7041489327620930099,2021-07,0.0030117255501829763
7041489327620930099,2021-08,0.0035488369261585
7787306805605072964,2021-07,0.7102404425388882
7787306805605072964,2021-08,0.6804483824088827
6885171468891031140,2021-07,0.02597715848477077
6885171468891031140,2021-08,0.012077865529398733
6885171468891031140,2021-08,0.012077865529398733
1357573192598249600,2021-07,0.01056725627918357
1357573192598249600,2021-07,0.010148333239581421
1357573192598249600,2021-08,0.011035383537907366
1357573192598249600,2021-08,0.011164321317912165
1357573192598249600,2021-08,0.02059357810209796
1357573192598249600,2021-08,0.012475308166769311
1357573192598249600,2021-08,0.01210278010606162
2032592272238235730,2021-07,0.020683944564973925
2032592272238235730,2021-08,0.02148080421032753
2032592272238235730,2021-08,0.012744087793314984
2032592272238235730,2021-08,0.013494474391455687
4210463673385510745,2021-07,0.06670467100845973
4210463673385510745,2021-07,0.08258065152373582
4210463673385510745,2021-07,0.07172138761404433
4210463673385510745,2021-08,0.12383755142877992
4210463673385510745,2021-08,0.17037042210449277
4210463673385510745,2021-08,0.139847137641059
3204108603682323936,2021-07,0.002567889269727318
3204108603682323936,2021-08,0.0028652558354010514
3204108603682323936,2021-08,0.0028202831372673826
3204108603682323936,2021-08,0.003146924419482015
9127318190908282126,2021-07,0.005865797669251797
9127318190908282126,2021-08,0.004294727508557036
9127318190908282126,2021-08,0.003434670459446887
4817816966382229074,2021-07,0.02779047245694822
4817816966382229074,2021-08,0.01686839449667325
7451017400765373278,2021-07,0.008219595107536752
7451017400765373278,2021-08,0.009749189316813293
7451017400765373278,2021-08,0.006882930742798893
7451017400765373278,2021-08,0.12886066463097054
7451017400765373278,2021-08,0.0066547671490261385
7451017400765373278,2021-08,0.011624938928337273
4524147234488547993,2021-07,0.005666972986997028
4524147234488547993,2021-07,0.006340154844509821
4524147234488547993,2021-08,0.004533086042651467
4524147234488547993,2021-08,0.005952184293499465
191536915328669008,2021-07,0.5507701070423128
3025708129948185495,2021-07,0.006772140829177698
5856610998569876318,2021-07,0.003194904314135374
5856610998569876318,2021-07,0.003412249279810295
5856610998569876318,2021-08,0.002888705808364196
2467590416042313927,2021-07,0.002544384762624986
2467590416042313927,2021-08,0.0031493058403950537
6055129522348042687,2021-07,0.047199814233191445
8548612698724688238,2021-07,0.01779103192918226
8548612698724688238,2021-08,0.720903801644785
7395696797140470088,2021-07,0.002004389343653442
7395696797140470088,2021-08,0.0020689596833185163
4724876423989598202,2021-07,0.012157683226388077
4724876423989598202,2021-07,0.01863641050833749
4724876423989598202,2021-08,0.027891913293010197
4724876423989598202,2021-08,0.029463808285256902
4724876423989598202,2021-08,0.027044341241195882
6662531979151878793,2021-07,0.005521700706320519
2380458252615213706,2021-07,0.1363678560472675
2380458252615213706,2021-08,0.10819292456632977
6784879562354696650,2021-07,0.011560472860260204
8535586342375301953,2021-07,0.0137494377295167
8535586342375301953,2021-07,0.018612962418305838
8535586342375301953,2021-08,0.17970499756970065
8535586342375301953,2021-08,0.009794572606566545
3263212305228307743,2021-07,0.0024800134517454263
3263212305228307743,2021-07,0.002319752080235405
3263212305228307743,2021-07,0.0025561225640175584
3263212305228307743,2021-08,0.0022797318605326197
5999145415800242177,2021-07,0.013833682892387495
5999145415800242177,2021-08,0.02124034735907782
5999145415800242177,2021-08,0.025792421146291197
6012031176108922616,2021-07,0.009921046031915303
6012031176108922616,2021-08,0.3388315126037043
3279078057358159966,2021-07,0.01850550132897889
3279078057358159966,2021-08,0.02159475596323163
3807130563335796378,2021-07,0.06877714473110154
3807130563335796378,2021-08,0.11646961439725453
121658372387044248,2021-07,0.009223720906468643
121658372387044248,2021-08,0.013568908934348785
121658372387044248,2021-08,0.010915098059401029
121658372387044248,2021-08,0.010180039822394658
4614484019183480654,2021-07,0.005468245969497936
4614484019183480654,2021-08,0.0045494721411784384
4614484019183480654,2021-08,0.0045706620624454365
4614484019183480654,2021-08,0.004808932741598192
5753677550753111444,2021-07,0.0010627762002794266
5753677550753111444,2021-07,0.0013502087690830454
5753677550753111444,2021-08,0.0011252723938877318
5753677550753111444,2021-08,0.0012308457785422727
1683619849073499603,2021-07,0.007394748993217285
1683619849073499603,2021-08,0.00823586920485704
2530707686830644666,2021-07,0.042654646475043724
2530707686830644666,2021-07,0.035979948828090705
2530707686830644666,2021-07,0.009979486338301424
2530707686830644666,2021-08,0.024052610731562632
7085295800541340563,2021-07,0.01311070327700863
7085295800541340563,2021-07,0.010661868812557769
7085295800541340563,2021-08,0.11318217495857749
7085295800541340563,2021-08,0.01140024056253292
7085295800541340563,2021-08,0.017931431160933663
7367321179169390502,2021-07,0.1185363049087801
5635781225931111684,2021-07,0.01882330741867185
5635781225931111684,2021-07,0.012482324286606854
5635781225931111684,2021-08,0.011737400887894751
4537268360654655629,2021-07,0.20626022255497273
4537268360654655629,2021-08,0.20160918597142163
4993499380140734678,2021-07,0.0030199834818928992
6394935036014530592,2021-07,0.05815315536896974
6394935036014530592,2021-07,0.059698456639832746
6394935036014530592,2021-07,0.054650664707730126
6394935036014530592,2021-08,0.031005908809126757
717981637594591016,2021-07,0.0017975249947184326
717981637594591016,2021-08,0.0019024594976843584
717981637594591016,2021-08,0.0018796307226268201
5048392903148444335,2021-07,0.05202294519443945
5048392903148444335,2021-07,0.05603403643599071
5048392903148444335,2021-08,0.04599881196662531
6521201759558790083,2021-07,0.007579497668178524
5162636608292907782,2021-07,0.47304402261420625
5162636608292907782,2021-08,0.42697713876799553
5162636608292907782,2021-08,0.482011198303027
5162636608292907782,2021-08,0.9614878572084993
5162636608292907782,2021-08,0.5275021513752108
8909740532547211288,2021-07,0.0059566447471797405
8909740532547211288,2021-07,0.0056747595656298395
8909740532547211288,2021-08,0.004317037468158016
8909740532547211288,2021-08,0.004317037468158016
8909740532547211288,2021-08,0.0034027703075079426
8909740532547211288,2021-08,0.003026347960145049
411246418132008456,2021-07,0.2811348869645918
86110062990790869,2021-07,0.05586353681455942
86110062990790869,2021-08,0.05796778790242121
86110062990790869,2021-08,0.05841461990960888
8162017568751362437,2021-07,0.1669213144721029
314309872114206760,2021-07,0.04124045107571079
314309872114206760,2021-07,0.051372531989159094
314309872114206760,2021-08,0.03941552247732076
314309872114206760,2021-08,0.03941552247732076
314309872114206760,2021-08,0.034120988858285774
314309872114206760,2021-08,0.034689720750580015
3631603567749349715,2021-07,0.011927378712886287
3631603567749349715,2021-08,0.005217147523280675
93982185886107798,2021-07,0.014509565316520394
93982185886107798,2021-08,0.009292474538917425
93982185886107798,2021-08,0.009652544485423128
8487807876567995441,2021-07,0.02774271986484657
8487807876567995441,2021-07,0.024169085355758114
8487807876567995441,2021-08,0.04445562358572555
3355881107559250653,2021-07,0.004973330241614388
3355881107559250653,2021-07,0.005758396389118519
3355881107559250653,2021-07,0.005592259965138104
3355881107559250653,2021-07,0.005415548499590819
3355881107559250653,2021-07,0.005758396389118519
3355881107559250653,2021-07,0.005906409643168682
3355881107559250653,2021-07,0.005906409643168682
3355881107559250653,2021-07,0.005244673702630768
3355881107559250653,2021-08,0.00508249541897137
3355881107559250653,2021-08,0.005404372934223254
3355881107559250653,2021-08,0.00508249541897137
3355881107559250653,2021-08,0.005609631891171142
3355881107559250653,2021-08,0.005609631891171142
3355881107559250653,2021-08,0.005609631891171142
7492389223353246125,2021-07,0.28297421206441215
1078687383992817574,2021-07,0.3048647259548406
1078687383992817574,2021-08,0.4291378637365114
1078687383992817574,2021-08,0.5572553583299042
1078687383992817574,2021-08,0.5440080001646876
1078687383992817574,2021-08,0.5440080001646876
1078687383992817574,2021-08,0.3005138219836399
1078687383992817574,2021-08,0.4511948099379915
5383359512938607117,2021-07,0.057230250109656974
8724731934863284019,2021-07,0.06410203900235788
8724731934863284019,2021-07,0.043983084313804315
8724731934863284019,2021-08,0.04545716201765877
7269781193318890653,2021-07,0.009977396756223432
7269781193318890653,2021-07,0.00968284588822698
7269781193318890653,2021-08,0.007132164185823736
4769364850030443969,2021-07,0.0325691155044332
4769364850030443969,2021-08,0.5613652522082561
4769364850030443969,2021-08,0.029237179747032604
7686361238195690925,2021-07,0.0049591780120336664
7686361238195690925,2021-07,0.023031428932422885
7686361238195690925,2021-07,0.004768749086035534
7686361238195690925,2021-08,0.00698370864479866
7686361238195690925,2021-08,0.0067514605027040745
7686361238195690925,2021-08,0.008048103191935923
2092588065958607289,2021-07,0.01608005142822139
2092588065958607289,2021-07,0.017216695998239245
2092588065958607289,2021-07,0.01842233277901191
2092588065958607289,2021-08,0.016148629243201942
2092588065958607289,2021-08,0.016736119150179567
2092588065958607289,2021-08,0.016736119150179567
2092588065958607289,2021-08,0.18075342639827746
2092588065958607289,2021-08,0.015999979031781342
2092588065958607289,2021-08,0.018133688106468933
2092588065958607289,2021-08,0.02819509918475431
2092588065958607289,2021-08,0.016183353097440546
2092588065958607289,2021-08,0.025326569766201838
2092588065958607289,2021-08,0.014904998023907037
2092588065958607289,2021-08,0.017933452319857615
2092588065958607289,2021-08,0.027358053500339395
5726884001073147293,2021-07,0.036087321757815045
7398738404146260251,2021-07,0.0033101775224643765
7182085930008391174,2021-07,0.019723038475360156
7182085930008391174,2021-08,0.021062843970850658
7182085930008391174,2021-08,0.017296539135672778
1611146298923153842,2021-07,0.18251494257223003
1611146298923153842,2021-07,0.21454015010879537
1611146298923153842,2021-07,0.1824275430752542
1611146298923153842,2021-08,0.08623328188313555
1611146298923153842,2021-08,0.1591844151187151
1553628056929342565,2021-07,0.015163014352310395
1553628056929342565,2021-07,0.014222124622242191
1553628056929342565,2021-07,0.03496177089245622
1553628056929342565,2021-08,0.21819637853984336
1553628056929342565,2021-08,0.013144729512969551
1553628056929342565,2021-08,0.01335731387097101
4432551314797496562,2021-07,0.8611849466769486
8385636129786687263,2021-07,0.024981934672227202
8385636129786687263,2021-08,0.0066337022473704375
1874387298050692165,2021-07,0.019948485156074842
4850722092974676955,2021-07,0.0090816406714566
4850722092974676955,2021-08,0.009679861446235923
4334472256949955221,2021-07,0.008962442156014333
4334472256949955221,2021-08,0.02523026521247033
4334472256949955221,2021-08,0.011292364668852261
5306165689101138983,2021-07,0.013726025496433368
3140918607946425426,2021-07,0.004421948362644298
3140918607946425426,2021-07,0.005854808711180153
3140918607946425426,2021-08,0.0056276975412409055
3140918607946425426,2021-08,0.00409534450602447
3140918607946425426,2021-08,0.004303956067126503
3140918607946425426,2021-08,0.0048466145969076535
3382609338395832683,2021-07,0.24660135604385805
3382609338395832683,2021-07,0.2874318861852984
3382609338395832683,2021-08,0.22264595211588792
3382609338395832683,2021-08,0.13942108976642223
9108733472015251498,2021-07,0.003992384333809746
7963861799566207637,2021-07,0.0014400129061613715
7963861799566207637,2021-07,0.0013494844708767469
7963861799566207637,2021-08,0.001409260564576135
3183208564139585182,2021-07,0.9071157706456021
963687627963462983,2021-07,0.0032238745539959813
963687627963462983,2021-08,0.0030726295879748974
963687627963462983,2021-08,0.0028270330137756127
4530631557358349711,2021-07,0.006069009456836983
4530631557358349711,2021-07,0.005993490642027956
4530631557358349711,2021-08,0.0053381148002526226
4530631557358349711,2021-08,0.005645368859589548
4489904752023469353,2021-07,0.1457032274348169
4489904752023469353,2021-08,0.057414947461485163
4489904752023469353,2021-08,0.04040767958251434
8248484932270772248,2021-07,0.056676011065721954
8248484932270772248,2021-08,0.03873584731541094
2333404192508932057,2021-07,0.013896474891950061
2333404192508932057,2021-07,0.017058596211609357
2333404192508932057,2021-08,0.006081678528267
8784237149961904,2021-07,0.007642281027889191
8784237149961904,2021-08,0.010077611943782675
8784237149961904,2021-08,0.00776237847519276
8784237149961904,2021-08,0.005674928863182719
7992317448197179816,2021-07,0.025255512340036975
7992317448197179816,2021-08,0.015292069903391334
7992317448197179816,2021-08,0.008374318010934316
6276792736652545216,2021-07,0.0038089406316357283
6276792736652545216,2021-08,0.002612090777688726
6276792736652545216,2021-08,0.002300029840094955
6204723742351094322,2021-07,0.005160184632090685
6204723742351094322,2021-08,0.13586435317247691
705648002974742140,2021-07,0.09552715030111117
705648002974742140,2021-08,0.0752213952772782
798425422240919854,2021-07,0.0029397097075407525
798425422240919854,2021-07,0.00319307823197622
798425422240919854,2021-08,0.003282358646084694
798425422240919854,2021-08,0.0030139202691171004
798425422240919854,2021-08,0.0032032533970917246
5432443358006556295,2021-07,0.025328992409849833
5432443358006556295,2021-08,0.01584279102391416
5432443358006556295,2021-08,0.029592921920040156
4395946187332973749,2021-07,0.007852284042214906
4395946187332973749,2021-08,0.004210022296938044
5752688018135006198,2021-07,0.007468588372442195
5752688018135006198,2021-08,0.004642974794729458
5752688018135006198,2021-08,0.004158316633292227
6633838062940819075,2021-07,0.006233211208063491
6633838062940819075,2021-07,0.006354385227465333
6633838062940819075,2021-07,0.005608930794390042
6633838062940819075,2021-08,0.0051897425683708484
2598475569074240783,2021-07,0.0381624889519936
7750874287225529604,2021-07,0.0035114220342606878
7750874287225529604,2021-08,0.0049212770420948935
7750874287225529604,2021-08,0.004674584244231289
7750874287225529604,2021-08,0.0030580219455919157
4635578010631860111,2021-07,0.012404817387530527
4820852183212661131,2021-07,0.015462158789903941
4820852183212661131,2021-08,0.014620836698407302
5078307295214858596,2021-07,0.029198485378123
8559143756893267192,2021-07,0.055540560725839384
3511416927745338332,2021-07,0.0024577908787234695
3511416927745338332,2021-08,0.0029959516587489865
5607900901204647807,2021-07,0.06826634180290304
7664272163315705419,2021-07,0.015939323954908876
7664272163315705419,2021-08,0.006158348844832058
2088532321693492263,2021-07,0.01812963512402769
2088532321693492263,2021-08,0.8054030582450007
2088532321693492263,2021-08,0.011352159547139968
6858769421191999702,2021-07,0.011737663526771601
6858769421191999702,2021-08,0.009169603027271756
6858769421191999702,2021-08,0.007438402008102578
1692423451726508456,2021-07,0.08713939216153485
8255085612985072878,2021-07,0.0033137758363796957
8255085612985072878,2021-07,0.0037594412501756685
8255085612985072878,2021-08,0.0018406092547807863
7176848230239877915,2021-07,0.003483767419247322
7176848230239877915,2021-08,0.0042760334014404185
7176848230239877915,2021-08,0.0037351935005559317
5855956854975734380,2021-07,0.010262513942090176
5855956854975734380,2021-08,0.0049961850168876425
1998941557906036376,2021-07,0.0125677604156971
1998941557906036376,2021-08,0.011313922879274916
7816319470107777265,2021-07,0.047620937147133835
295375823203017296,2021-07,0.004169180208799513
6828316696355015040,2021-07,0.016144497900122266
6828316696355015040,2021-08,0.010484828167711924
8252215766413781202,2021-07,0.012690030739285943
8252215766413781202,2021-08,0.017787668164375207
3970610368027129821,2021-07,0.007184327095401181
3970610368027129821,2021-08,0.004857372899599249
7141263195360679278,2021-07,0.036542581698178006
7141263195360679278,2021-08,0.4194580439319888
7141263195360679278,2021-08,0.023987887844779787
2003221759676247813,2021-07,0.006093672656323036
2003221759676247813,2021-08,0.0027320956557520615
2735662700719640627,2021-07,0.033939587557384646
4052557282157719526,2021-07,0.024403823227077726
4052557282157719526,2021-08,0.018015596315920885
4052557282157719526,2021-08,0.013184747384322846
3258345688897172820,2021-07,0.06515529223459339
7462607259426026440,2021-07,0.054125305517866915
7462607259426026440,2021-08,0.021463506286498273
4556737702757145073,2021-07,0.006755270986727134
4556737702757145073,2021-08,0.007370318188155755
4556737702757145073,2021-08,0.007259727326022242
6926309382371178621,2021-07,0.007403893888809526
8961924617442201922,2021-07,0.002411445487811897
8961924617442201922,2021-08,0.0024754362991616426
8961924617442201922,2021-08,0.006181643989953201
8961924617442201922,2021-08,0.11632743745038208
8961924617442201922,2021-08,0.002585799562338199
8552039412779393821,2021-07,0.04449233572058894
8552039412779393821,2021-08,0.031243716554296898
8552039412779393821,2021-08,0.0357050774713598
622073912578471754,2021-07,0.44649944482799486
1613152204777372951,2021-07,0.016411746791313978
6164364689409425900,2021-07,0.021236488446617893
6091519986999196884,2021-07,0.010064524843394419
6091519986999196884,2021-08,0.010595986450703684
6091519986999196884,2021-08,0.006248249159212821
8374461419511631785,2021-07,0.026544801644170675
8374461419511631785,2021-08,0.024250288211377816
3421433989501830226,2021-07,0.06585450546062163
3713742318997880410,2021-07,0.009217092908183752
3713742318997880410,2021-07,0.008554322906762633
3713742318997880410,2021-08,0.010258223549184766
3713742318997880410,2021-08,0.007531555848994021
1368430815953333691,2021-07,0.14246327200239103
4183921942053157552,2021-07,0.03381842061894663
4183921942053157552,2021-08,0.01694082591275877
4183921942053157552,2021-08,0.017397303194446514
4183921942053157552,2021-08,0.030870193664674566
2900002014851776114,2021-07,0.44647556289004897
1778014915038250584,2021-07,0.11199875034501144
1778014915038250584,2021-07,0.10640244183030208
1778014915038250584,2021-08,0.06749129072877202
1420529738304793615,2021-07,0.12472343044344708
7818340804682162328,2021-07,0.10392774080105609
4661684997487171886,2021-07,0.022577408175231607
4661684997487171886,2021-07,0.04092090423648687
4661684997487171886,2021-08,0.02563486422208418
4661684997487171886,2021-08,0.029370999189524676
4661684997487171886,2021-08,0.02676995212918188
4661684997487171886,2021-08,0.024262011481596985
4661684997487171886,2021-08,0.01584554132520251
851897122328714307,2021-07,0.004228971122768058
851897122328714307,2021-07,0.003942014304139433
851897122328714307,2021-08,0.0030690461173706524
851897122328714307,2021-08,0.0023618882045746492
257162352336759783,2021-07,0.007043860767672822
257162352336759783,2021-08,0.008819016563138488
5371387005775513675,2021-07,0.30068429727650503
5371387005775513675,2021-08,0.3115618760266822
5371387005775513675,2021-08,0.2681395097350267
662944582644865942,2021-07,0.02829327259742134
662944582644865942,2021-08,0.027582654345019546
662944582644865942,2021-08,0.04094439184189119
662944582644865942,2021-08,0.019937655495075497
1696462947583294958,2021-07,0.02381450610405314
1696462947583294958,2021-08,0.00928343533172745
6817075905797098547,2021-07,0.019340294998718248
6817075905797098547,2021-08,0.025463057882816286
6817075905797098547,2021-08,0.03378508134807058
6817075905797098547,2021-08,0.08710902398336161
6817075905797098547,2021-08,0.03448279502554442
6817075905797098547,2021-08,0.05560672641698012
2201150681962815877,2021-07,0.013951399770555551
7637066986811047950,2021-07,0.06468477437230871
7637066986811047950,2021-08,0.024507025511024315
4571290108043699959,2021-07,0.0019621025094023075
4571290108043699959,2021-08,0.0018108514492037294
5562543665139612149,2021-07,0.032808029910224634
2814790209436551216,2021-07,0.03206512284492787
2814790209436551216,2021-08,0.02412783463308871
2814790209436551216,2021-08,0.02405987548939968
8646472172649019955,2021-07,0.3803617115524063
8646472172649019955,2021-08,0.558310790869242
4919908458022265747,2021-07,0.008847048018253464
4919908458022265747,2021-08,0.012416328989293157
8049805689946244047,2021-07,0.005675767371528891
8049805689946244047,2021-08,0.007288024190585983
8049805689946244047,2021-08,0.006634162197147843
8049805689946244047,2021-08,0.006159931048704811
1292049196559782171,2021-07,0.004701006435112401
1292049196559782171,2021-08,0.0034499844668273603
1292049196559782171,2021-08,0.0036236920375053872
1292049196559782171,2021-08,0.0029922205641495685
1292049196559782171,2021-08,0.0029922205641495685
7810985951121711480,2021-07,0.025456233901605754
7810985951121711480,2021-08,0.018017254954025463
6098833389547425063,2021-07,0.034981173785640356
6098833389547425063,2021-08,0.011218141771283729
8376902089871279815,2021-07,0.00574771051591992
8013668117699219722,2021-07,0.14909323147479336
8013668117699219722,2021-08,0.03470021467302315
6471448246085839373,2021-07,0.004504936055550807
6471448246085839373,2021-08,0.0041376275812534755
1308019675417057675,2021-07,0.008855816587172868
1308019675417057675,2021-07,0.008855816587172868
1308019675417057675,2021-08,0.004764782436403039
1235244772550233980,2021-07,0.003747533956855245
1235244772550233980,2021-08,0.0056562577776826176
1235244772550233980,2021-08,0.004440834300168685
5477900120643078645,2021-07,0.029407797089534313
5477900120643078645,2021-08,0.025178034186218
5477900120643078645,2021-08,0.021154039886020395
5477900120643078645,2021-08,0.014505459813399672
6796564304742670823,2021-07,0.24667293974894947
3538481420098344176,2021-07,0.7360452029520096
3538481420098344176,2021-08,0.7907433487306321
7444686668183702737,2021-07,0.00286406134452435
7444686668183702737,2021-08,0.05484496647037664
7444686668183702737,2021-08,0.0018973787143887711
3192341047315717823,2021-07,0.013707780313990258
3192341047315717823,2021-08,0.013453638325218233
2179772649873197365,2021-07,0.8655729013600111
7442192566700924647,2021-07,0.002748657993379978
6134696632487351445,2021-07,0.0032256033657645186
6134696632487351445,2021-08,0.004039714606373132
8874257794774679816,2021-07,0.012613442199926456
2382123267535341265,2021-08,0.014309547699341901
2382123267535341265,2021-08,0.008983524035163892
2382123267535341265,2021-08,0.00777789877096636
2382123267535341265,2021-08,0.006333649397895432
3275327267689584006,2021-08,0.7582112513468049
3275327267689584006,2021-08,0.7090020569215936
3275327267689584006,2021-08,0.6712809101925388
6216982347344525048,2021-08,0.013011668543171885
6216982347344525048,2021-08,0.013408178188130943
2780030912070252968,2021-08,0.1348418177658669
8245393384938410770,2021-08,0.004509527357874429
7920896580423665241,2021-08,0.017033321502650297
7920896580423665241,2021-08,0.008701497060973373
7920896580423665241,2021-08,0.008565978191250385
1430896989654626045,2021-08,0.004845715786759035
1430896989654626045,2021-08,0.00530408318375995
9099218788416728596,2021-08,0.8908173676090834
9099218788416728596,2021-08,0.8471934287772267
5795100045494475994,2021-08,0.03566470769021818
5795100045494475994,2021-08,0.03910083863820519
8915958534285799867,2021-08,0.22159003881228134
7403979270048469991,2021-08,0.0021326546622830343
7403979270048469991,2021-08,0.0022151003794256955
7590999900861381526,2021-08,0.005875786040020824
8843432852270832388,2021-08,0.006903220192585469
5029701292539093910,2021-08,0.03687109811966437
5029701292539093910,2021-08,0.030539756068274696
2290083177086946553,2021-08,0.017950430323897787
2290083177086946553,2021-08,0.010860901750389873
2290083177086946553,2021-08,0.011849082719525544
1414132620714431952,2021-08,0.42929327210808466
3036967290595689189,2021-08,0.00649714326973775
2870813069335519467,2021-08,0.12642450133954453
7751080728852739823,2021-08,0.024274354269075107
7751080728852739823,2021-08,0.015993416883983518
4762256864594914240,2021-08,0.026740778043633402
4762256864594914240,2021-08,0.015391045940222082
3386019519917828299,2021-08,0.008169946564556422
3386019519917828299,2021-08,0.008478460164486907
6532139198609901627,2021-08,0.007656414145992881
6532139198609901627,2021-08,0.00875005217552322
8067924767167570288,2021-08,0.08747373845526786
8067924767167570288,2021-08,0.11490649249801455
8067924767167570288,2021-08,0.10320144031016729
1945147145527703963,2021-08,0.009476532001653529
1945147145527703963,2021-08,0.009476532001653529
1945147145527703963,2021-08,0.008968175127905403
3333870869270823799,2021-08,0.04162569758226243
2250817603281429928,2021-08,0.0029446273269402587
2250817603281429928,2021-08,0.0024063847773377464
9038299527164672091,2021-08,0.10285886347295685
8715120689636420963,2021-08,0.005214230470168335
984915269987074754,2021-08,0.003123955045219459
984915269987074754,2021-08,0.003186584977737446
984915269987074754,2021-08,0.0029772296650357848
2012477868296377155,2021-08,0.013217403778015436
2012477868296377155,2021-08,0.01180719881824594
2012477868296377155,2021-08,0.01180719881824594
2012477868296377155,2021-08,0.01718460058765759
6100972975033180377,2021-08,0.005609349260699535
8511588642284189303,2021-08,0.16722964987390587
8511588642284189303,2021-08,0.1820597769123382
8511588642284189303,2021-08,0.18484984390982787
7206599058451025691,2021-08,0.016110031311419876
7206599058451025691,2021-08,0.01859710686844073
4392369075438855735,2021-08,0.09396190408444509
4392369075438855735,2021-08,0.08926807484531267
4392369075438855735,2021-08,0.09470794418114183
3447213159487287154,2021-08,0.2413419430752627
3447213159487287154,2021-08,0.3481670047263687
3447213159487287154,2021-08,0.525716034033743
1579681122696922043,2021-08,0.014807102419383648
1579681122696922043,2021-08,0.012425692144297116
2687720147676132707,2021-08,0.011189450165708409
2687720147676132707,2021-08,0.011785769382666074
683445437387317282,2021-08,0.006169787942701181
683445437387317282,2021-08,0.0021182641741485575
3903290047715748290,2021-08,0.7961534637018394
7970976988071755401,2021-08,0.06934481992485965
7970976988071755401,2021-08,0.9097555879351813
7970976988071755401,2021-08,0.078967221581597
8083157716178259762,2021-08,0.0045642288588471375
8083157716178259762,2021-08,0.002768695493360947
8083157716178259762,2021-08,0.0024485529611192746
8343941262792249232,2021-08,0.04062489726598607
8343941262792249232,2021-08,0.02341677784636558
8343941262792249232,2021-08,0.02341677784636558
5225029212547588718,2021-08,0.006491734827288834
170089315547146305,2021-08,0.01459027312748501
170089315547146305,2021-08,0.0060987691335151265
170089315547146305,2021-08,0.7828250977572848
170089315547146305,2021-08,0.005798960387568462
3724562776372632620,2021-08,0.03904994496149587
1000372849175668062,2021-08,0.05065701358453036
1000372849175668062,2021-08,0.03318329237695997
5200455618694210402,2021-08,0.012019995432980306
2619109825960703851,2021-08,0.04640856562411195
6337915293429442229,2021-08,0.06749760493607043
1951407691087813358,2021-08,0.005044868354971106
1951407691087813358,2021-08,0.00810732916654735
1951407691087813358,2021-08,0.004219077252096766
7471183491728700531,2021-08,0.4887736053890912
7471183491728700531,2021-08,0.4378689070167449
7330131219998265639,2021-08,0.002342134241696065
5465001651966355821,2021-08,0.011824043529945108
5465001651966355821,2021-08,0.011380270183599021
5465001651966355821,2021-08,0.011404509764992432
5883155883105348987,2021-08,0.017678394053406172
4090195792518021727,2021-08,0.05128603401799911
4090195792518021727,2021-08,0.03227053870264453
4090195792518021727,2021-08,0.030224299000838582
18719614953021044,2021-08,0.16870642296386712
1533755281771668509,2021-08,0.0030953772023166125
837142477962609471,2021-08,0.01753370464696323
6456490958004500912,2021-08,0.2751349311336576
5460280878923715699,2021-08,0.015614962532305779
5460280878923715699,2021-08,0.7467641349157355
1757249986361236700,2021-08,0.01658603530890062
6909701795322574613,2021-08,0.5878380913407093
1115703227712697214,2021-08,0.017729358538889222
107343823625119033,2021-08,0.020363269899632226
107343823625119033,2021-08,0.24483967685888894
107343823625119033,2021-08,0.019444420584799713
107343823625119033,2021-08,0.007725268525611646
4956614249204803652,2021-08,0.03713934916599828
4956614249204803652,2021-08,0.028413161634914582
4008627434689715639,2021-08,0.22792004120960527
4008627434689715639,2021-08,0.31231233063396263
4008627434689715639,2021-08,0.49915125463160415
4008627434689715639,2021-08,0.5028587523245639
4008627434689715639,2021-08,0.17317815756457014
2772135008486239291,2021-08,0.4541131209089408
5558533999208199371,2021-08,0.5310452535842767
4130617254899676131,2021-08,0.6222223057971824
4130617254899676131,2021-08,0.05668542994014834
3543162424793477785,2021-08,0.046352976578443054
3543162424793477785,2021-08,0.018013065338703813
4512887927067894301,2021-08,0.5531271497765279
1044946691507317745,2021-08,0.031775180507950314
7031913170099381454,2021-08,0.03153702657614224
2407532237672094312,2021-08,0.7651058050129529
2407532237672094312,2021-08,0.008307980645225742
5687511145009775604,2021-08,0.9619418520957858
696014079855281037,2021-08,0.02104776975311894
1708019696828098378,2021-08,0.8481268275084262
1708019696828098378,2021-08,0.8443009811889306
9206030810342980458,2021-08,0.3095506644466415
9206030810342980458,2021-08,0.0042195394864896546
2778852475840838977,2021-08,0.08288228436501138
1106971614386004604,2021-08,0.6288117775264193
3045840317107313913,2021-08,0.007996143890193038
3045840317107313913,2021-08,0.006898503411045328
6754039979151386401,2021-08,0.006318133165186326
6754039979151386401,2021-08,0.011119591224532422
6754039979151386401,2021-08,0.00466045809928145
8004409125524742779,2021-08,0.006314667986988764
8004409125524742779,2021-08,0.006377492624339326
8004409125524742779,2021-08,0.004900465665015928
1741049493106216406,2021-08,0.9081329629217044
4335865859049992260,2021-08,0.00627478590505798
4335865859049992260,2021-08,0.007316322661459208
4335865859049992260,2021-08,0.012515794433879023
8623308321032624474,2021-08,0.8923600232517254
8623308321032624474,2021-08,0.14007655450303208
3516294920850464913,2021-08,0.19085590837130326
1052398277967427422,2021-08,0.6825100934413992
1334091158016312155,2021-08,0.04680419392986195
6486277549325701534,2021-08,0.012918311240799939
6486277549325701534,2021-08,0.010672866925728101
6486277549325701534,2021-08,0.00913506933781382
1423952977138155129,2021-08,0.01714587179481088
1423952977138155129,2021-08,0.013014705051167254
1956406515279457110,2021-08,0.14587546733436507
1956406515279457110,2021-08,0.06596957154768059
1956406515279457110,2021-08,0.07516689983728736
7142043104834932013,2021-08,0.013632007471879249
7142043104834932013,2021-08,0.013061182425396875
2785178201607654410,2021-08,0.16287952557168195
3472934456083131714,2021-08,0.003983782019173949
3472934456083131714,2021-08,0.006235588336044313
5487870288449327165,2021-08,0.07044433893196707
6528158819463595826,2021-08,0.0028285097010253327
8163895533020293251,2021-08,0.8695988584195733
8163895533020293251,2021-08,0.9130863971037956
4660230701075746534,2021-08,0.7193279067542829
4660230701075746534,2021-08,0.574021147220157
6842075380768862290,2021-08,0.015456547145342649
7911162482760986289,2021-08,0.4698291970051016
8729164666041467296,2021-08,0.03713966732796322
521351744568531135,2021-08,0.017466029659065664
1166653268490470189,2021-08,0.013522586866288499
1166653268490470189,2021-08,0.010932417790188612
7076661330300123587,2021-08,0.006843141810141463
531805620371082364,2021-08,0.0506473677292176
4165983075385227812,2021-08,0.011023023902204426
4165983075385227812,2021-08,0.020868022665639308
4165983075385227812,2021-08,0.011693941175306114
665505091521986356,2021-08,0.0029113940099082564
1687017009357941608,2021-08,0.35305391782048456
2773493808492482979,2021-08,0.0044681251907516375
4662079815415471798,2021-08,0.4423455896931119
5574997762710520717,2021-08,0.010969840232666192
1207306324957395736,2021-08,0.6804752368252401
3915426102465954493,2021-08,0.0030476781973154763
1093053069479288753,2021-08,0.035038334533337955
4569866309119931805,2021-08,0.004816327793913804
4351694415353093046,2021-08,0.41093284450470113
5255460548789019114,2021-08,0.006867883327378738
8826489829259520138,2021-08,0.0028782072763629644
3592461881055047578,2021-08,0.05438206079158916
6987942592445950913,2021-08,0.0040262757433264995
1467843186411742274,2021-08,0.01644963248587968
1467843186411742274,2021-08,0.010814819954980568
39547025441582855,2021-08,0.009607908539930847
39547025441582855,2021-08,0.009829000036405414
873223039957991123,2021-08,0.016681060633642525
7671566034617837932,2021-08,0.011751326758587168
7671566034617837932,2021-08,0.007086829890949916
7671566034617837932,2021-08,0.006812967297708147
5689766561863956319,2021-08,0.02127705772488383
7260748352873493818,2021-08,0.03749299742237469
4284129442855564250,2021-08,0.012284094354060788
1069093308328204542,2021-08,0.003185796802226092
326257359176916767,2021-08,0.0018781096214645695
6615694774618628402,2021-08,0.09018933736078852
6615694774618628402,2021-08,0.11892654380580285
7524505197759784814,2021-08,0.13873825414239224
6598561842700412652,2021-08,0.8334062279805667
6598561842700412652,2021-08,0.7597894139172419
6598561842700412652,2021-08,0.8455577408610359
6598561842700412652,2021-08,0.7915371265958866
69766362497027920,2021-08,0.18614427269907194
6865071386683133124,2021-08,0.024342545982147988
6865071386683133124,2021-08,0.02696520741075744
6020593949794792044,2021-08,0.033093615843816246
1698828605814171242,2021-08,0.004227672992723127
1698828605814171242,2021-08,0.006022565577996528
8707474618041058293,2021-08,0.11010797879405089
6731795019313479942,2021-08,0.0020504829009380422
6941381638534728190,2021-08,0.002036364948390941
5854364934896993687,2021-08,0.011201676251360787
2678966409665050034,2021-08,0.00877010054320318
8706851346184249504,2021-08,0.0026120283484864096
988707525807573448,2021-08,0.01612023650021145
8736788139020105764,2021-08,0.8164069176973614
7061868716439556791,2021-08,0.9585290463282972
4677213860368191144,2021-08,0.031834935896774476
4677213860368191144,2021-08,0.03549803842987875
8463871205935856285,2021-08,0.014458695811982074
8463871205935856285,2021-08,0.01508201494420593
7944852965555666513,2021-08,0.007610302766066763
3361278050140871809,2021-08,0.2918051003120898
5373371196946859811,2021-08,0.010494015662130502
5373371196946859811,2021-08,0.01059536799472269
2386535178006664233,2021-08,0.8254400587681765
2308217045093677129,2021-08,0.012451324794475013
4831988987853936627,2021-08,0.01101146843332073
8292458529987016717,2021-08,0.012091275070122205
8292458529987016717,2021-08,0.013280088793561072
2805743565496207618,2021-08,0.019135124640726666
6968106554514688300,2021-08,0.003764261202954852
8994944800097997361,2021-08,0.014043024638126197
8994944800097997361,2021-08,0.017745124723400722
8994944800097997361,2021-08,0.017745124723400722
4874157215501489741,2021-08,0.009536351817456799
6636325081217917184,2021-08,0.7404802099857292
5540361570968095722,2021-08,0.004984931674754077
7848910047105468475,2021-08,0.40548857445788583
8449503736717242889,2021-08,0.5592936639446331
7708030042671632236,2021-08,0.004278260042761842
7708030042671632236,2021-08,0.004716675975413024
8859064595603380512,2021-08,0.011489545370334052
5082813456193598086,2021-08,0.003937504936417415
6704528044328834201,2021-08,0.020844642305869684
2499050168966442376,2021-08,0.035842202183315665
7138126049219817285,2021-08,0.10359648992393193
9142266044170177362,2021-08,0.09961335276084246
2508429106201166689,2021-08,0.0035978788145776355
7719481195372677540,2021-08,0.0026567585099962084
8398000036517692656,2021-08,0.8808468930912755
1285245417998627607,2021-08,0.818886079807704
1997130697107291654,2021-08,0.08710099713339849
6724017568171288443,2021-08,0.005856762722594558
5136739522477907100,2021-08,0.03623126523583136
3148228961195376491,2021-08,0.17652143469865555
1827463638348028912,2021-08,0.016375364808196024
6213213514675778388,2021-08,0.007123329173272882
1396078312562623766,2021-08,0.1894563845235912
2092588065958607289,2021-08,0.01612035678895024
2092588065958607289,2021-08,0.0193636011098849
2092588065958607289,2021-08,0.0252059367269526
2092588065958607289,2021-08,0.026629981750699323
2092588065958607289,2021-09,0.022328384284177924
2092588065958607289,2021-09,0.01797862899335274
2092588065958607289,2021-09,0.0178951111358769
2092588065958607289,2021-09,0.022070330399831226
2092588065958607289,2021-09,0.023818161756791148
2092588065958607289,2021-09,0.023818161756791148
2092588065958607289,2021-09,0.014250492154505976
8004409125524742779,2021-08,0.0054281499887298065
8004409125524742779,2021-09,0.00200660037120196
8004409125524742779,2021-09,0.0022142564623931706
8004409125524742779,2021-09,0.005003467422447554
1308019675417057675,2021-08,0.0053501656468685705
1308019675417057675,2021-08,0.008357674157986494
1308019675417057675,2021-09,0.15421288538645123
1308019675417057675,2021-09,0.006479672347048227
1687017009357941608,2021-08,0.28177492173725693
5220206408301580591,2021-08,0.26261310277862754
1088268935649917461,2021-08,0.07698333698817224
1088268935649917461,2021-08,0.05815990840195016
683445437387317282,2021-08,0.003911593328535382
683445437387317282,2021-08,0.0018535609805808999
683445437387317282,2021-09,0.0022737853295529856
3447213159487287154,2021-08,0.3176482797038408
2499050168966442376,2021-08,0.17563435203185904
2499050168966442376,2021-09,0.28808132969351424
8529899700094903171,2021-08,0.009924715274362084
8529899700094903171,2021-08,0.008312125503502913
8529899700094903171,2021-08,0.009924715274362084
8529899700094903171,2021-08,0.010757714114276761
8529899700094903171,2021-08,0.012851340236736104
8529899700094903171,2021-08,0.009292965465487836
8529899700094903171,2021-08,0.010186242997426055
8529899700094903171,2021-08,0.010186242997426055
8529899700094903171,2021-08,0.010186242997426055
8529899700094903171,2021-08,0.011167894386310624
8529899700094903171,2021-08,0.017109202597947716
8529899700094903171,2021-08,0.010186242997426055
8529899700094903171,2021-08,0.009877453606584187
8529899700094903171,2021-08,0.013074745662756035
8529899700094903171,2021-08,0.010186242997426055
8529899700094903171,2021-08,0.011167894386310624
8529899700094903171,2021-08,0.011976383812903427
8529899700094903171,2021-08,0.013552653640466199
8529899700094903171,2021-09,0.010473162210705387
8529899700094903171,2021-09,0.008699649842191038
8529899700094903171,2021-09,0.009255837950222714
8529899700094903171,2021-09,0.00642726333812864
8529899700094903171,2021-09,0.006785303476103046
8529899700094903171,2021-09,0.006036292805419799
8529899700094903171,2021-09,0.007214625027357704
8529899700094903171,2021-09,0.008364936184101722
8529899700094903171,2021-09,0.00727937520716761
8529899700094903171,2021-09,0.007775789279770729
8529899700094903171,2021-09,0.006161409197860385
7221446976321358973,2021-08,0.01577534493932943
7221446976321358973,2021-09,0.005111760952801735
7221446976321358973,2021-09,0.0025303061292408996
6594970822995540982,2021-08,0.7769041444996044
6594970822995540982,2021-09,0.19063665801570984
1156053485989336481,2021-08,0.3252612263731138
1156053485989336481,2021-08,0.3484103864811633
1156053485989336481,2021-08,0.326289721172377
1156053485989336481,2021-08,0.32855466105117953
1156053485989336481,2021-08,0.3340423596549664
1156053485989336481,2021-08,0.2911413824612488
1156053485989336481,2021-08,0.28591673800138884
1156053485989336481,2021-08,0.2911413824612488
1156053485989336481,2021-08,0.2737349689830017
1156053485989336481,2021-08,0.2911413824612488
1156053485989336481,2021-08,0.2911413824612488
1156053485989336481,2021-08,0.2911413824612488
1156053485989336481,2021-08,0.2906962220727777
1156053485989336481,2021-08,0.2906962220727777
1156053485989336481,2021-08,0.30164261071776527
1156053485989336481,2021-08,0.2803237219600979
1156053485989336481,2021-08,0.30164261071776527
1156053485989336481,2021-08,0.32969784954492815
1156053485989336481,2021-08,0.283859776471335
1156053485989336481,2021-08,0.2943096102887928
1156053485989336481,2021-08,0.32853635413450705
1156053485989336481,2021-08,0.2943096102887928
1156053485989336481,2021-08,0.3294844434168838
1156053485989336481,2021-08,0.3198588814645489
1156053485989336481,2021-08,0.3198588814645489
1156053485989336481,2021-08,0.3014657210213846
1156053485989336481,2021-08,0.2823370503384369
1156053485989336481,2021-08,0.2894941173777813
1156053485989336481,2021-08,0.2894941173777813
1156053485989336481,2021-08,0.2926518201229737
1156053485989336481,2021-08,0.29996107244408177
1156053485989336481,2021-08,0.27573566018241286
1156053485989336481,2021-08,0.28600586033483905
1156053485989336481,2021-09,0.2362620430635861
1156053485989336481,2021-09,0.2771657215905369
1156053485989336481,2021-09,0.25659594808542147
1156053485989336481,2021-09,0.2766191245978051
1156053485989336481,2021-09,0.22207821401026193
1156053485989336481,2021-09,0.20444044211560986
1156053485989336481,2021-09,0.22207821401026193
1156053485989336481,2021-09,0.20981150481403063
1156053485989336481,2021-09,0.20342709220973768
1156053485989336481,2021-09,0.9571231587209993
1156053485989336481,2021-09,0.23089981274062935
1156053485989336481,2021-09,0.23089981274062935
1156053485989336481,2021-09,0.2291986283483287
1156053485989336481,2021-09,0.9571231587209993
1156053485989336481,2021-09,0.9571231587209993
1156053485989336481,2021-09,0.25166395888476567
1156053485989336481,2021-09,0.23089981274062935
1156053485989336481,2021-09,0.9241707438316797
1156053485989336481,2021-09,0.29334777001955087
1156053485989336481,2021-09,0.2969803175733351
1156053485989336481,2021-09,0.2811136820476994
1156053485989336481,2021-09,0.2811136820476994
1156053485989336481,2021-09,0.28601698454189795
1156053485989336481,2021-09,0.271049750910695
1156053485989336481,2021-09,0.2902419727408417
1156053485989336481,2021-09,0.2969803175733351
1156053485989336481,2021-09,0.2960663757307336
1156053485989336481,2021-09,0.2969803175733351
1156053485989336481,2021-09,0.2775985755737363
1156053485989336481,2021-09,0.2811136820476994
8926565682509268383,2021-08,0.008841322097856414
8926565682509268383,2021-08,0.008841322097856414
8926565682509268383,2021-08,0.007436624654310673
8926565682509268383,2021-08,0.00908908043885485
8926565682509268383,2021-08,0.009189446188830988
8926565682509268383,2021-08,0.00963553977940216
8926565682509268383,2021-08,0.010317026293047366
8926565682509268383,2021-09,0.00967889210103994
8926565682509268383,2021-09,0.010860828946346787
8926565682509268383,2021-09,0.011262199070678106
8926565682509268383,2021-09,0.011321210053176805
8926565682509268383,2021-09,0.010399520088483695
8926565682509268383,2021-09,0.009849211737943517
8926565682509268383,2021-09,0.00849559801716348
8926565682509268383,2021-09,0.008053007738306556
8926565682509268383,2021-09,0.8702895328320541
8926565682509268383,2021-09,0.01603079154117602
8926565682509268383,2021-09,0.007352067107695856
5517114603826429870,2021-08,0.06691326989324485
5517114603826429870,2021-08,0.06514467959011996
1118514612547157551,2021-08,0.03872437794761232
1118514612547157551,2021-08,0.025166902021410337
1118514612547157551,2021-09,0.028341018041541655
1118514612547157551,2021-09,0.024529056434433785
5108407319813072955,2021-08,0.04240354042355989
5108407319813072955,2021-08,0.01742339094725941
5108407319813072955,2021-08,0.013790404547654627
5108407319813072955,2021-09,0.038001801498653356
5481711897502154955,2021-08,0.019620044572286197
5481711897502154955,2021-08,0.020224233909626757
5481711897502154955,2021-08,0.018360616911543046
5481711897502154955,2021-09,0.018118827570855405
5481711897502154955,2021-09,0.020193966748484008
5481711897502154955,2021-09,0.008678344459392284
5880041582322293710,2021-08,0.012089803639896734
5880041582322293710,2021-08,0.010193192809550769
5880041582322293710,2021-08,0.011850632211775349
5880041582322293710,2021-08,0.013330812178805803
5880041582322293710,2021-08,0.012568295275595576
5880041582322293710,2021-08,0.009499344983540017
5880041582322293710,2021-08,0.008953997551571249
5880041582322293710,2021-08,0.008839285339030055
5880041582322293710,2021-09,0.02578521947895525
5880041582322293710,2021-09,0.02756046904287725
5880041582322293710,2021-09,0.031342905341682305
4862285428951244424,2021-08,0.0013609480421090674
4862285428951244424,2021-08,0.0012501396902973145
4862285428951244424,2021-08,0.0012261788533958287
4862285428951244424,2021-08,0.0014173775249431899
4862285428951244424,2021-09,0.0012933705280979194
4862285428951244424,2021-09,0.001191859879006059
4850722092974676955,2021-08,0.03711838450027657
4850722092974676955,2021-08,0.007425663470176311
4850722092974676955,2021-09,0.00436905649440428
8163895533020293251,2021-08,0.9397857656385067
8163895533020293251,2021-08,0.9388485578339657
8163895533020293251,2021-08,0.934298874754748
8163895533020293251,2021-08,0.9170853187433958
8163895533020293251,2021-08,0.9065970203938865
8163895533020293251,2021-08,0.8947715840710794
8163895533020293251,2021-08,0.9011801432518345
8163895533020293251,2021-09,0.8811400199879637
8163895533020293251,2021-09,0.9408265042443322
8163895533020293251,2021-09,0.926423161339886
5761480994209806499,2021-08,0.0034834095204365053
5761480994209806499,2021-08,0.0039561274291861626
5761480994209806499,2021-08,0.003085720854037502
5761480994209806499,2021-08,0.0030948551498109584
5761480994209806499,2021-08,0.003812359712502145
5761480994209806499,2021-08,0.003812359712502145
5761480994209806499,2021-08,0.004590063764700583
5761480994209806499,2021-08,0.004590063764700583
5761480994209806499,2021-08,0.0038425265106341827
5761480994209806499,2021-08,0.004812897535842621
5761480994209806499,2021-08,0.004754747338112976
5761480994209806499,2021-08,0.004812897535842621
5761480994209806499,2021-08,0.003968391499659316
5761480994209806499,2021-08,0.003901050445294471
5761480994209806499,2021-08,0.005807434551156735
5761480994209806499,2021-08,0.004133836361138618
5761480994209806499,2021-08,0.005807434551156735
5761480994209806499,2021-08,0.003767265482923391
5761480994209806499,2021-08,0.004504816808631813
5761480994209806499,2021-09,0.004060968147344309
5761480994209806499,2021-09,0.004396579483768618
5761480994209806499,2021-09,0.005482326500587996
5761480994209806499,2021-09,0.003671594740208679
5761480994209806499,2021-09,0.415367968703402
5761480994209806499,2021-09,0.003671594740208679
5761480994209806499,2021-09,0.004055758379904898
5761480994209806499,2021-09,0.004166077867047055
5761480994209806499,2021-09,0.00391248838129639
5761480994209806499,2021-09,0.004155781209834668
5761480994209806499,2021-09,0.004298923005232812
5761480994209806499,2021-09,0.00388025217134456
5761480994209806499,2021-09,0.00397113998787735
5761480994209806499,2021-09,0.004105132292486971
5761480994209806499,2021-09,0.0038008870935450157
5761480994209806499,2021-09,0.06878928670027076
5761480994209806499,2021-09,0.003404827160614128
5761480994209806499,2021-09,0.003791251323353683
5761480994209806499,2021-09,0.0037875283755173287
5761480994209806499,2021-09,0.0035163872237526247
5761480994209806499,2021-09,0.0035198445952899513
5761480994209806499,2021-09,0.003585067976148375
5761480994209806499,2021-09,0.003581546769132631
4935929591787890253,2021-08,0.002753680496548902
4935929591787890253,2021-08,0.005143513540868759
4935929591787890253,2021-08,0.004405979439689562
4935929591787890253,2021-09,0.005052524330654495
4935929591787890253,2021-09,0.003680282528686446
4935929591787890253,2021-09,0.0035861152377439608
5522764880180045081,2021-08,0.02035156295330485
5522764880180045081,2021-08,0.018559542489181916
5522764880180045081,2021-08,0.026214903758604607
5522764880180045081,2021-09,0.041469404212279314
8409181491723988567,2021-08,0.014345190813146239
8409181491723988567,2021-08,0.01311298405375074
8409181491723988567,2021-08,0.00916456676297376
8409181491723988567,2021-09,0.004063985668483062
6582676833651678345,2021-08,0.00503878273781592
6582676833651678345,2021-08,0.004446073923293046
6582676833651678345,2021-08,0.004891497847083173
6582676833651678345,2021-09,0.004190684351756919
6582676833651678345,2021-09,0.003923678129510386
6582676833651678345,2021-09,0.0046121406098365
6582676833651678345,2021-09,0.003975387262413065
6582676833651678345,2021-09,0.0033385976070487533
6582676833651678345,2021-09,0.004361030142230231
8487807876567995441,2021-08,0.03873089053560701
8487807876567995441,2021-08,0.03177833958457968
8487807876567995441,2021-09,0.01334616112787596
8487807876567995441,2021-09,0.017201386849765764
8733525963966339207,2021-08,0.29854003990357425
8733525963966339207,2021-08,0.317692748848515
8733525963966339207,2021-08,0.33100271191453084
8733525963966339207,2021-09,0.3025603009269603
8733525963966339207,2021-09,0.2143900022739497
4045739494965095560,2021-08,0.0034740223926389546
4045739494965095560,2021-08,0.004416092903118904
4045739494965095560,2021-08,0.006419731052779408
4045739494965095560,2021-08,0.0056446927212153285
4045739494965095560,2021-08,0.005763125603625984
4045739494965095560,2021-09,0.006026429424254912
4045739494965095560,2021-09,0.007220561596833324
4045739494965095560,2021-09,0.007220561596833324
4045739494965095560,2021-09,0.008557553309351651
4045739494965095560,2021-09,0.007697657257309197
4045739494965095560,2021-09,0.00847838736479579
4045739494965095560,2021-09,0.006630836211500381
4045739494965095560,2021-09,0.007069781713638344
4045739494965095560,2021-09,0.006995587360836424
4045739494965095560,2021-09,0.006880351333992047
1613152204777372951,2021-08,0.014838245374360806
1613152204777372951,2021-08,0.01632530145800156
8826489829259520138,2021-08,0.0021968351661705425
8826489829259520138,2021-08,0.003906984891180457
8826489829259520138,2021-08,0.0039360973829960285
8826489829259520138,2021-09,0.002913221561654596
8826489829259520138,2021-09,0.0022398928281287147
3382624494518753363,2021-08,0.13288349009000702
3382624494518753363,2021-09,0.10821459509104137
8564920972266217847,2021-08,0.01197852650942846
8564920972266217847,2021-09,0.008252572275806103
5794903898038236832,2021-08,0.06287303856795776
5794903898038236832,2021-08,0.07832664453385609
5794903898038236832,2021-09,0.08743137948287617
3118152790263512426,2021-08,0.004421885969863014
3118152790263512426,2021-08,0.005088083562542463
3118152790263512426,2021-08,0.005559302260676784
3118152790263512426,2021-08,0.005800211939603279
3118152790263512426,2021-08,0.005426420942766993
3118152790263512426,2021-09,0.004345260663423596
3118152790263512426,2021-09,0.0052085166921413874
8348574220426911086,2021-08,0.011625909046444893
8348574220426911086,2021-08,0.016059494103235174
8348574220426911086,2021-08,0.014615555324990844
8348574220426911086,2021-09,0.01484114310318861
8464809590757561185,2021-08,0.010325079137492834
8464809590757561185,2021-08,0.010408364033158188
8464809590757561185,2021-08,0.009215945202414838
8464809590757561185,2021-08,0.009215945202414838
8464809590757561185,2021-08,0.015357811291204254
8464809590757561185,2021-09,0.032469193427463544
7707459425750676368,2021-08,0.06027523976612713
7707459425750676368,2021-08,0.9461480907396563
7707459425750676368,2021-09,0.21003383235781475
2025898153078562640,2021-08,0.026019350931032033
2025898153078562640,2021-08,0.021698566359612433
7910340581026492945,2021-08,0.00397052846155171
7910340581026492945,2021-08,0.004041623786405945
7910340581026492945,2021-08,0.004366449540904059
7910340581026492945,2021-08,0.004959769014382831
7910340581026492945,2021-09,0.31058045674654305
7910340581026492945,2021-09,0.004014025346675511
7910340581026492945,2021-09,0.003940945649431284
8505870778358741102,2021-08,0.24393260286138632
8505870778358741102,2021-08,0.031570223883642196
8505870778358741102,2021-09,0.18548201485478943
8505870778358741102,2021-09,0.02459202146668699
6145308913889808258,2021-08,0.20768496031494366
9184785003280841216,2021-08,0.006771408681025918
9184785003280841216,2021-08,0.006157067262143804
9184785003280841216,2021-08,0.005864770421230421
9184785003280841216,2021-08,0.006806819750508102
9184785003280841216,2021-08,0.005864770421230421
9184785003280841216,2021-08,0.0070635943774234496
9184785003280841216,2021-09,0.008756094979965792
9184785003280841216,2021-09,0.007046866146016853
7177785309735471560,2021-08,0.0020739385603053833
7177785309735471560,2021-08,0.002364664331092206
7177785309735471560,2021-08,0.00329948482672471
7177785309735471560,2021-09,0.0024968571859197448
7177785309735471560,2021-09,0.2770196350371789
7177785309735471560,2021-09,0.0017818326699346795
7177785309735471560,2021-09,0.0016477953165624298
7177785309735471560,2021-09,0.002216908304555762
8835646476961190471,2021-08,0.08797480345174619
8835646476961190471,2021-08,0.09317055494309173
8835646476961190471,2021-09,0.05101023379905665
6061850657256270336,2021-08,0.00854593416069636
6061850657256270336,2021-08,0.008521912958077154
6061850657256270336,2021-09,0.009381018202283271
6061850657256270336,2021-09,0.008773562864806756
6061850657256270336,2021-09,0.08476350165349392
4679462479444735708,2021-08,0.017815370958802833
4679462479444735708,2021-08,0.018413862702651725
4679462479444735708,2021-08,0.017815370958802833
4679462479444735708,2021-08,0.01984065938027333
4679462479444735708,2021-08,0.020505768436907525
4679462479444735708,2021-08,0.021857875567294627
4679462479444735708,2021-08,0.022650700431342406
4679462479444735708,2021-09,0.02343569123545386
4679462479444735708,2021-09,0.024799354479203856
4679462479444735708,2021-09,0.027896964373097872
4679462479444735708,2021-09,0.019817269122497025
7818340804682162328,2021-08,0.042114349595575605
7818340804682162328,2021-08,0.05085503774271471
7818340804682162328,2021-09,0.7631021011237836
7818340804682162328,2021-09,0.03856210629386871
7818340804682162328,2021-09,0.023457850295358292
5757271354816214865,2021-08,0.9247135708153967
5757271354816214865,2021-08,0.9266866549213594
5757271354816214865,2021-09,0.9407225331515814
8784237149961904,2021-08,0.007031884707340994
8784237149961904,2021-08,0.0073027996747342975
8784237149961904,2021-08,0.006684263399591573
8784237149961904,2021-08,0.007633152999131647
8784237149961904,2021-08,0.007102487558444568
8784237149961904,2021-09,0.008007536263053183
8784237149961904,2021-09,0.00586101394366877
4414438591613884911,2021-08,0.006621167118352827
4414438591613884911,2021-08,0.006163547423505165
4414438591613884911,2021-08,0.007725737006483611
4414438591613884911,2021-09,0.011576330921752673
4414438591613884911,2021-09,0.008845824309447223
3970610368027129821,2021-08,0.004060598445108762
3970610368027129821,2021-09,0.00455574752439247
3829967475074118757,2021-08,0.6776635137371033
3829967475074118757,2021-08,0.65951226831642
3829967475074118757,2021-08,0.6695732112655783
3829967475074118757,2021-08,0.6438245456502688
3829967475074118757,2021-08,0.6455820215557909
3829967475074118757,2021-08,0.6345515887117268
3829967475074118757,2021-09,0.8413286792970674
8889055492416898333,2021-08,0.05725947942325668
8889055492416898333,2021-08,0.04159112313233431
8889055492416898333,2021-09,0.07073913174698986
8889055492416898333,2021-09,0.8235656508684229
8889055492416898333,2021-09,0.08144272494754792
7436628409157313756,2021-08,0.026844782754566518
7436628409157313756,2021-08,0.023857781021096855
7436628409157313756,2021-09,0.058995053975860176
7436628409157313756,2021-09,0.03849493474781243
2191990606593345695,2021-08,0.033893984678721664
2191990606593345695,2021-08,0.02699261254953052
2191990606593345695,2021-08,0.03521767158718247
3408536439470975134,2021-08,0.002575500541170287
3408536439470975134,2021-08,0.0026495515098843097
3408536439470975134,2021-08,0.002682521559293637
3408536439470975134,2021-08,0.0038623825752941853
3408536439470975134,2021-08,0.004136102784874176
3408536439470975134,2021-09,0.0020871848577353985
3408536439470975134,2021-09,0.0021153381976380657
3408536439470975134,2021-09,0.0021114282251862506
3408536439470975134,2021-09,0.0021973731082143466
3408536439470975134,2021-09,0.0023226508529148437
3408536439470975134,2021-09,0.0019831884574680004
3408536439470975134,2021-09,0.002052322009103943
3408536439470975134,2021-09,0.002052322009103943
3408536439470975134,2021-09,0.001992775658320502
170089315547146305,2021-08,0.013718798957699273
170089315547146305,2021-08,0.26868207080718864
170089315547146305,2021-08,0.00635623943969979
170089315547146305,2021-08,0.005984687899001275
170089315547146305,2021-08,0.015688954897875324
170089315547146305,2021-08,0.007028935481923992
170089315547146305,2021-08,0.007028935481923992
170089315547146305,2021-08,0.014142974432158109
170089315547146305,2021-09,0.0049639048769360055
170089315547146305,2021-09,0.010531589147885104
3161361581909316305,2021-08,0.01771437230970783
8535586342375301953,2021-08,0.013553434571021719
8535586342375301953,2021-08,0.01648715777280561
8535586342375301953,2021-08,0.010310858306199239
8535586342375301953,2021-09,0.004934963938507289
8939476669690489534,2021-08,0.07456294330512343
8939476669690489534,2021-08,0.07456294330512343
8939476669690489534,2021-08,0.07456294330512343
8939476669690489534,2021-09,0.029707496793878144
7457803471605010846,2021-08,0.0026310305739707454
7457803471605010846,2021-08,0.0033782512623061604
7457803471605010846,2021-08,0.0033532418339458528
7457803471605010846,2021-09,0.0023727299492632644
3192341047315717823,2021-08,0.010581217816700503
3192341047315717823,2021-08,0.011802100981325862
3263212305228307743,2021-08,0.002851414157770694
3263212305228307743,2021-08,0.002564337220334305
3263212305228307743,2021-08,0.003922889956600134
3263212305228307743,2021-08,0.00264810338641479
3263212305228307743,2021-08,0.002716385566888663
3263212305228307743,2021-08,0.002716385566888663
3263212305228307743,2021-08,0.0025907412575939086
3263212305228307743,2021-09,0.0027949863640844737
3263212305228307743,2021-09,0.0028791030330932487
4050525344257805036,2021-08,0.17340386253241705
1292049196559782171,2021-08,0.0029236688922145595
1292049196559782171,2021-08,0.0037430367258392914
1292049196559782171,2021-08,0.0037430367258392914
1292049196559782171,2021-09,0.004114464638576166
4956614249204803652,2021-08,0.8428686547790654
4956614249204803652,2021-08,0.034025856587107155
4956614249204803652,2021-08,0.03559783033330085
4956614249204803652,2021-08,0.0373239723399393
4956614249204803652,2021-09,0.07800180793152817
4956614249204803652,2021-09,0.07800180793152817
4956614249204803652,2021-09,0.0667940275513722
5465001651966355821,2021-08,0.007580130757252971
5465001651966355821,2021-08,0.006427901791016003
5465001651966355821,2021-08,0.010177419586611473
5465001651966355821,2021-09,0.007738557806667812
4723919748432185874,2021-08,0.006480835393362501
4723919748432185874,2021-08,0.008038745094175901
4723919748432185874,2021-08,0.008392032659698883
4723919748432185874,2021-08,0.012243998061305897
4723919748432185874,2021-09,0.0037768708656564145
4723919748432185874,2021-09,0.0033231708533684695
4723919748432185874,2021-09,0.003802749621834565
4723919748432185874,2021-09,0.00480679753986468
8173830874846355280,2021-08,0.002528832632320441
8173830874846355280,2021-08,0.002275980621779234
8173830874846355280,2021-08,0.0023193827503238712
8173830874846355280,2021-08,0.0023193827503238712
8173830874846355280,2021-08,0.0022714845108967444
8173830874846355280,2021-08,0.0024020786310520515
8173830874846355280,2021-08,0.0033833098054187306
8173830874846355280,2021-08,0.002476619720513862
8173830874846355280,2021-08,0.003579919512849883
8173830874846355280,2021-08,0.0026782269222008375
8173830874846355280,2021-08,0.0033840557245636027
8173830874846355280,2021-08,0.002382020858068129
8173830874846355280,2021-09,0.003034087778355031
8173830874846355280,2021-09,0.002606836230511519
8173830874846355280,2021-09,0.002606836230511519
8173830874846355280,2021-09,0.0022879906515176156
8173830874846355280,2021-09,0.0022879906515176156
8173830874846355280,2021-09,0.0021801083397778045
8173830874846355280,2021-09,0.002689871433912968
8173830874846355280,2021-09,0.00258518888865786
8173830874846355280,2021-09,0.002202697841255514
8173830874846355280,2021-09,0.00258518888865786
4489904752023469353,2021-08,0.051556456268608775
4489904752023469353,2021-08,0.08196809693146521
4489904752023469353,2021-09,0.08076070365405393
4489904752023469353,2021-09,0.06132623245938714
1658487213084590146,2021-08,0.6832399084901088
2290083177086946553,2021-08,0.015541730289273813
2290083177086946553,2021-08,0.014598693194189853
2290083177086946553,2021-09,0.03633544364755442
2290083177086946553,2021-09,0.029999970000695108
1253437108265925705,2021-08,0.0017087258792606987
1253437108265925705,2021-09,0.0025283443706664165
5122095358293179297,2021-08,0.7668840632074267
5122095358293179297,2021-08,0.5168324128703334
5122095358293179297,2021-08,0.5198351262498002
5122095358293179297,2021-08,0.0051812697223416375
5122095358293179297,2021-08,0.010068100818657923
7708030042671632236,2021-08,0.005141249189034809
8376902089871279815,2021-08,0.006058597366041872
8376902089871279815,2021-09,0.01079621583236672
8376902089871279815,2021-09,0.011202432514383163
8343941262792249232,2021-08,0.02534946817540598
8343941262792249232,2021-08,0.028592451906224305
8343941262792249232,2021-08,0.034172439235623325
8343941262792249232,2021-09,0.39917392810060537
8343941262792249232,2021-09,0.03819939447160793
4717717003637613480,2021-08,0.006263378813793352
4717717003637613480,2021-08,0.005944262680459386
4717717003637613480,2021-08,0.0067989928370309006
4717717003637613480,2021-08,0.009020184676106819
4717717003637613480,2021-09,0.005707229414520288
2408009918678280470,2021-08,0.12555178092681907
2408009918678280470,2021-08,0.058390452777949776
2408009918678280470,2021-09,0.07398347224656848
2408009918678280470,2021-09,0.3656532804912974
2408009918678280470,2021-09,0.07831863953092184
2408009918678280470,2021-09,0.07485662444946403
2408009918678280470,2021-09,0.07598937646079934
2408009918678280470,2021-09,0.07105802505260218
2408009918678280470,2021-09,0.06319510920220091
2408009918678280470,2021-09,0.06813029483315637
2408009918678280470,2021-09,0.09114031670836079
6276792736652545216,2021-08,0.0018231878897380486
6276792736652545216,2021-09,0.002743247435791691
6276792736652545216,2021-09,0.0016817752934377933
6276792736652545216,2021-09,0.0016817752934377933
6276792736652545216,2021-09,0.0016457445569967952
3750579377644235511,2021-08,0.11371892559194445
3750579377644235511,2021-08,0.6417103664349062
69766362497027920,2021-08,0.15041067576812628
69766362497027920,2021-09,0.1832168545004519
69766362497027920,2021-09,0.16798029458019037
69766362497027920,2021-09,0.14703082667617143
7325545718770538459,2021-08,0.0039230854893796616
7325545718770538459,2021-08,0.0038153235630948704
7325545718770538459,2021-08,0.0038153235630948704
7325545718770538459,2021-08,0.0053147922343386505
7325545718770538459,2021-08,0.005163873873290423
7325545718770538459,2021-08,0.005343304929195992
7325545718770538459,2021-08,0.004441077992105776
7325545718770538459,2021-08,0.011700780102407552
7325545718770538459,2021-09,0.003002275226071851
7325545718770538459,2021-09,0.0028306001454440227
7325545718770538459,2021-09,0.002840271113507503
7325545718770538459,2021-09,0.0028306001454440227
7325545718770538459,2021-09,0.0028306001454440227
7325545718770538459,2021-09,0.002659512698038095
7325545718770538459,2021-09,0.0028856443708941107
7325545718770538459,2021-09,0.0032021010438291007
7325545718770538459,2021-09,0.00342144095257638
7325545718770538459,2021-09,0.0033494883955081383
7325545718770538459,2021-09,0.0033609262108566305
7325545718770538459,2021-09,0.00323946678731585
3997247264680905799,2021-08,0.005759307440811576
3997247264680905799,2021-08,0.007834514397361884
3997247264680905799,2021-08,0.008127362342074148
3997247264680905799,2021-08,0.006850700127868751
3997247264680905799,2021-09,0.006539616613044001
3997247264680905799,2021-09,0.0050929815505924595
3997247264680905799,2021-09,0.005694222584745189
7710364735942975505,2021-08,0.015957122170074296
7710364735942975505,2021-08,0.009941657636491788
7710364735942975505,2021-09,0.00566583175512809
6100972975033180377,2021-08,0.0036115426249971024
6100972975033180377,2021-09,0.004667428280971663
1276604410881911401,2021-08,0.05927296333614428
1276604410881911401,2021-08,0.06755403762049321
1276604410881911401,2021-08,0.05927296333614428
1276604410881911401,2021-08,0.05078331826920166
1276604410881911401,2021-08,0.05563979921403486
1276604410881911401,2021-08,0.05078331826920166
1276604410881911401,2021-08,0.04859188882722658
1276604410881911401,2021-08,0.05078331826920166
1276604410881911401,2021-08,0.05078331826920166
1276604410881911401,2021-08,0.05563979921403486
1276604410881911401,2021-08,0.05563979921403486
1276604410881911401,2021-08,0.04859188882722658
1276604410881911401,2021-09,0.0340946074623286
1276604410881911401,2021-09,0.03965940705405294
1276604410881911401,2021-09,0.05060984380537494
1276604410881911401,2021-09,0.05060984380537494
1276604410881911401,2021-09,0.03965940705405294
1276604410881911401,2021-09,0.045605244619075974
1276604410881911401,2021-09,0.031120888714365462
4661684997487171886,2021-08,0.01469687574522239
4661684997487171886,2021-08,0.014061307705773863
4661684997487171886,2021-09,0.02151964485492218
4661684997487171886,2021-09,0.02291594715356207
4661684997487171886,2021-09,0.03321595531448312
4661684997487171886,2021-09,0.01816074622956792
7590999900861381526,2021-08,0.004012884755459261
7590999900861381526,2021-09,0.007033166649242526
819552547620904652,2021-08,0.14721589644572033
819552547620904652,2021-08,0.13825927283209938
819552547620904652,2021-08,0.10086214941783424
819552547620904652,2021-08,0.10902619296098466
3156852928909455203,2021-08,0.014299095638508888
3156852928909455203,2021-08,0.01629685002101203
3156852928909455203,2021-09,0.014884511082118492
2598475569074240783,2021-08,0.035876996957125436
6030285068945261052,2021-08,0.0014048917650638867
6030285068945261052,2021-08,0.0013704710470711539
6030285068945261052,2021-08,0.0013324096298296835
6030285068945261052,2021-08,0.001698940678474415
6030285068945261052,2021-09,0.0020605471751481935
6030285068945261052,2021-09,0.002062243626301999
6030285068945261052,2021-09,0.001521524799348154
8843432852270832388,2021-08,0.006965733383215783
8843432852270832388,2021-09,0.00568189359686451
1033361676287635885,2021-08,0.02408178968360931
1033361676287635885,2021-08,0.022052655593056535
1033361676287635885,2021-08,0.0242325848347778
1033361676287635885,2021-09,0.026112435588432698
1033361676287635885,2021-09,0.024970514464437935
1956406515279457110,2021-08,0.06794516791838487
1956406515279457110,2021-08,0.07164015137860436
1956406515279457110,2021-08,0.06435839467860517
1956406515279457110,2021-08,0.07164015137860436
1956406515279457110,2021-09,0.07919898752546092
1956406515279457110,2021-09,0.07919898752546092
1956406515279457110,2021-09,0.08166452122268952
4795152981525833467,2021-08,0.0112539990817545
4795152981525833467,2021-08,0.010873346870709342
4795152981525833467,2021-08,0.008960208443772317
4795152981525833467,2021-08,0.011176341733414584
4795152981525833467,2021-09,0.009475581162946398
4795152981525833467,2021-09,0.011062355160485933
4795152981525833467,2021-09,0.014754275063316792
314309872114206760,2021-08,0.024015323298046322
314309872114206760,2021-08,0.024015323298046322
314309872114206760,2021-08,0.03657415934082316
314309872114206760,2021-08,0.035586432756504305
314309872114206760,2021-09,0.03273507680709352
314309872114206760,2021-09,0.03858194309540559
314309872114206760,2021-09,0.03858194309540559
314309872114206760,2021-09,0.029555117807452957
314309872114206760,2021-09,0.029555117807452957
2407532237672094312,2021-08,0.007722813909098737
2407532237672094312,2021-08,0.00971832272115815
792560389712312178,2021-08,0.0023849311838401543
792560389712312178,2021-08,0.002326002554535797
792560389712312178,2021-09,0.0043451532043693696
792560389712312178,2021-09,0.004584353256996931
6238903426443761049,2021-08,0.027278621181005113
6238903426443761049,2021-08,0.04997179875910299
6238903426443761049,2021-08,0.06526901897544717
6238903426443761049,2021-08,0.06157088187836677
6238903426443761049,2021-08,0.04841584140876764
6238903426443761049,2021-09,0.3976856215553927
6238903426443761049,2021-09,0.04219816452994565
6238903426443761049,2021-09,0.029437331488575122
6238903426443761049,2021-09,0.05869360083938968
531805620371082364,2021-08,0.034818313864955944
531805620371082364,2021-09,0.6799807190702228
2771214050521171719,2021-08,0.0029468469684366195
2771214050521171719,2021-08,0.002855122997274578
2771214050521171719,2021-09,0.0024831445949994044
4995217181024687397,2021-08,0.0030760467497428353
4995217181024687397,2021-08,0.00255659897723607
4995217181024687397,2021-09,0.002490813832643583
4995217181024687397,2021-09,0.002810457729729677
4995217181024687397,2021-09,0.0027094712589767465
4995217181024687397,2021-09,0.00201002210351324
4995217181024687397,2021-09,0.0024458495832312675
8107542605807471599,2021-08,0.9651473761654165
8107542605807471599,2021-09,0.9660740215750899
7908414709866823255,2021-08,0.009494214814724868
7908414709866823255,2021-08,0.026407741761632183
7908414709866823255,2021-08,0.014801936462735516
7908414709866823255,2021-08,0.015546478143696798
7908414709866823255,2021-08,0.015546478143696798
7908414709866823255,2021-08,0.012786855501598101
7908414709866823255,2021-09,0.014167320906394972
7908414709866823255,2021-09,0.01758405271091337
7908414709866823255,2021-09,0.020164911174227685
6349142675790687765,2021-08,0.43163364790184683
6349142675790687765,2021-08,0.43803384009726076
6349142675790687765,2021-08,0.437893691505834
6349142675790687765,2021-08,0.44431414331790503
6349142675790687765,2021-08,0.8980049075109707
6349142675790687765,2021-08,0.437893691505834
6349142675790687765,2021-08,0.43431769530407255
6349142675790687765,2021-09,0.39328246224576247
6349142675790687765,2021-09,0.39159234779326924
7911162482760986289,2021-08,0.5102631688936585
7911162482760986289,2021-09,0.4147826192125663
6817075905797098547,2021-08,0.03570109806231029
6817075905797098547,2021-08,0.052638713544316824
6471448246085839373,2021-08,0.005018134851965409
6471448246085839373,2021-08,0.004042140779174769
6471448246085839373,2021-08,0.004893112044507541
6471448246085839373,2021-09,0.0037887551061371507
4863405965754103821,2021-08,0.06064315995212233
4863405965754103821,2021-08,0.10698665674334475
4863405965754103821,2021-09,0.05808028006877132
4863405965754103821,2021-09,0.09701849387451172
2022367282554149730,2021-08,0.007952991944117069
2022367282554149730,2021-08,0.007393404077811567
2022367282554149730,2021-08,0.007223146610231638
2022367282554149730,2021-08,0.00829495169617448
2022367282554149730,2021-08,0.008941135797485813
2022367282554149730,2021-09,0.006653231642297876
2022367282554149730,2021-09,0.0064098650319685275
5067621068959932809,2021-08,0.018532624935376725
5067621068959932809,2021-08,0.016344943237608003
5067621068959932809,2021-08,0.027338152125107373
5067621068959932809,2021-09,0.01920980552246993
5067621068959932809,2021-09,0.017698897110232373
5067621068959932809,2021-09,0.017698897110232373
5067621068959932809,2021-09,0.03350852062526085
5067621068959932809,2021-09,0.017618373818873764
5067621068959932809,2021-09,0.01712249967172702
8123515208041701633,2021-08,0.037150385001218526
8123515208041701633,2021-08,0.04312817762008561
8123515208041701633,2021-08,0.03706345065129112
5974858472822751652,2021-08,0.011112338024201336
5974858472822751652,2021-09,0.0049791063345740235
5974858472822751652,2021-09,0.006514298709809655
6715993871935527857,2021-08,0.05627956263337472
6715993871935527857,2021-08,0.058922293675559685
1553628056929342565,2021-08,0.012896842781764471
1553628056929342565,2021-08,0.01106145409416032
1553628056929342565,2021-09,0.08565721672192898
7403979270048469991,2021-08,0.001862718234537033
7403979270048469991,2021-08,0.0018866782170087106
7403979270048469991,2021-09,0.002198478962826623
7403979270048469991,2021-09,0.0020095499755010946
7403979270048469991,2021-09,0.0019101923869741307
2083323809219952960,2021-08,0.0111771229655277
2083323809219952960,2021-08,0.01008960554513086
2083323809219952960,2021-08,0.010766033276055088
2083323809219952960,2021-08,0.011196481204848147
2083323809219952960,2021-08,0.013559044687970053
2083323809219952960,2021-08,0.010134230346584994
2083323809219952960,2021-09,0.018890754496659102
2083323809219952960,2021-09,0.019825119201993063
2083323809219952960,2021-09,0.01966025268835089
2083323809219952960,2021-09,0.031944653414174545
2083323809219952960,2021-09,0.031944653414174545
4166581859919473627,2021-08,0.019136345587325014
4166581859919473627,2021-08,0.024866115652108826
4166581859919473627,2021-08,0.02349111649911536
4166581859919473627,2021-08,0.01875240907055499
7215093571368368138,2021-08,0.2576132671629021
7215093571368368138,2021-08,0.2688134159539307
7215093571368368138,2021-08,0.27032294565174164
7215093571368368138,2021-08,0.21761576511110403
7215093571368368138,2021-09,0.2724126277604088
7215093571368368138,2021-09,0.2674660723622137
7215093571368368138,2021-09,0.38436735367190317
7215093571368368138,2021-09,0.374543873958476
7957786135641291906,2021-08,0.7832422264022149
7957786135641291906,2021-08,0.7384683125380744
4008627434689715639,2021-08,0.2681110115783463
4008627434689715639,2021-08,0.3350857085634787
4008627434689715639,2021-08,0.23246657407096005
4008627434689715639,2021-09,0.3230113687112358
4008627434689715639,2021-09,0.17564830187785996
4008627434689715639,2021-09,0.1471731095840884
4008627434689715639,2021-09,0.3331049408636851
4008627434689715639,2021-09,0.15841377926079603
1003144834589372198,2021-08,0.004151838466985808
1003144834589372198,2021-08,0.004942222776160626
1003144834589372198,2021-08,0.004160573952728585
1003144834589372198,2021-09,0.004837661933904955
1003144834589372198,2021-09,0.005530940860956968
1003144834589372198,2021-09,0.0036561731811574805
1003144834589372198,2021-09,0.004967307170533781
226405871752897670,2021-08,0.00395616057875735
226405871752897670,2021-08,0.00404556673931989
226405871752897670,2021-08,0.005255775429159719
226405871752897670,2021-08,0.005460038320850419
226405871752897670,2021-09,0.004815560202817731
226405871752897670,2021-09,0.0037657584478970265
8013668117699219722,2021-08,0.176854542705327
8013668117699219722,2021-08,0.059263585485117884
8013668117699219722,2021-08,0.05034714878165908
8013668117699219722,2021-09,0.04594191096764449
8013668117699219722,2021-09,0.043088575892320194
2943087245123311166,2021-08,0.012876402187096955
2943087245123311166,2021-08,0.024209574891851725
2943087245123311166,2021-08,0.04640068726698155
2943087245123311166,2021-09,0.0426910270850178
2214132103234633622,2021-08,0.07573380180346485
2214132103234633622,2021-09,0.006054242870574768
2214132103234633622,2021-09,0.007926400503827315
2214132103234633622,2021-09,0.009147605314532525
2214132103234633622,2021-09,0.01496744932145526
2214132103234633622,2021-09,0.011130501454026736
1953058402621337677,2021-08,0.008633747941333553
1953058402621337677,2021-08,0.007609125330379656
1953058402621337677,2021-09,0.008681469554008288
6486277549325701534,2021-08,0.010191643688343644
6486277549325701534,2021-08,0.017488223696561157
6486277549325701534,2021-09,0.007927333452218962
6486277549325701534,2021-09,0.007949352059389323
6486277549325701534,2021-09,0.007949352059389323
6486277549325701534,2021-09,0.008783340690627686
4850936440093751199,2021-08,0.004019326624682087
4850936440093751199,2021-08,0.0040562832133501595
4850936440093751199,2021-08,0.0037811186503114162
4820852183212661131,2021-08,0.010220610563590365
4820852183212661131,2021-08,0.009702889978994846
4820852183212661131,2021-09,0.009594787938196575
4820852183212661131,2021-09,0.7485696543792754
4820852183212661131,2021-09,0.011166998873594885
8729164666041467296,2021-08,0.03176377964955286
8729164666041467296,2021-08,0.03525010219212005
924957821424248698,2021-08,0.0025693525590626933
924957821424248698,2021-08,0.00231876654805431
924957821424248698,2021-09,0.0018984496448809938
7787306805605072964,2021-08,0.8547275406668406
2532435113844289043,2021-08,0.00283251396773183
2532435113844289043,2021-08,0.0029941864713888683
2532435113844289043,2021-08,0.0074732735459883
2532435113844289043,2021-08,0.008290886684331675
2532435113844289043,2021-08,0.008290886684331675
2532435113844289043,2021-08,0.004023248949562843
2532435113844289043,2021-08,0.010106749946874771
2532435113844289043,2021-09,0.007495305020679898
2532435113844289043,2021-09,0.007998372783347332
2532435113844289043,2021-09,0.0033144683780137064
2532435113844289043,2021-09,0.0072032152171118335
2532435113844289043,2021-09,0.005796653388564745
2532435113844289043,2021-09,0.0033144683780137064
2532435113844289043,2021-09,0.005796653388564745
2532435113844289043,2021-09,0.011330725021249922
2532435113844289043,2021-09,0.003033438305919155
2532435113844289043,2021-09,0.004523163959680817
2532435113844289043,2021-09,0.003178340244583771
2532435113844289043,2021-09,0.002429227344437723
3931892303497206092,2021-08,0.0215272292985486
3931892303497206092,2021-08,0.03785302120354344
3931892303497206092,2021-08,0.027155568299801734
3931892303497206092,2021-09,0.034922278672027386
3931892303497206092,2021-09,0.027171828568617128
324916756972236008,2021-08,0.010715942698343533
324916756972236008,2021-08,0.01042443321727774
324916756972236008,2021-09,0.01636557250303868
324916756972236008,2021-09,0.014878104382944736
324916756972236008,2021-09,0.01749114376094446
3634047863995720708,2021-08,0.0019711853381191445
7442192566700924647,2021-08,0.0022749073055187215
5613825020130267729,2021-08,0.0036008469010233076
5613825020130267729,2021-08,0.0038676160326315393
5613825020130267729,2021-09,0.003946808376682859
5613825020130267729,2021-09,0.002673768027616401
6098833389547425063,2021-08,0.013311432075751384
6098833389547425063,2021-08,0.015538848263549536
6098833389547425063,2021-08,0.014447157243990058
6098833389547425063,2021-09,0.017881992025421446
3660744270380078352,2021-08,0.1039662662097828
3660744270380078352,2021-08,0.01927624124220489
3660744270380078352,2021-08,0.027241321785655942
3660744270380078352,2021-08,0.017239853796958204
3660744270380078352,2021-09,0.011552371447933672
3660744270380078352,2021-09,0.034031558898862155
3660744270380078352,2021-09,0.012131629612812079
3660744270380078352,2021-09,0.009849101415393314
1454789421854453615,2021-08,0.02362907992816586
1454789421854453615,2021-08,0.025579375227702466
1454789421854453615,2021-08,0.02879237821281959
1454789421854453615,2021-09,0.435788213003511
1454789421854453615,2021-09,0.01660255560596508
1454789421854453615,2021-09,0.026544740489508216
1454789421854453615,2021-09,0.016464820635713695
1454789421854453615,2021-09,0.026544740489508216
1454789421854453615,2021-09,0.03128141726111641
2128970218770090704,2021-08,0.008387553336387746
2128970218770090704,2021-09,0.01215285514030734
2128970218770090704,2021-09,0.01029053173102051
2128970218770090704,2021-09,0.010438704983243376
2128970218770090704,2021-09,0.009915979266061659
2128970218770090704,2021-09,0.06950111159287839
3807130563335796378,2021-08,0.0838427789177039
3807130563335796378,2021-08,0.062335273662897164
968199235777440720,2021-08,0.005635676757777823
968199235777440720,2021-08,0.005422191617436873
968199235777440720,2021-08,0.004692764607181926
968199235777440720,2021-08,0.004861575119063248
968199235777440720,2021-08,0.004214438665951694
968199235777440720,2021-09,0.003904937449873312
968199235777440720,2021-09,0.0036097775028600112
968199235777440720,2021-09,0.0031384128011812465
968199235777440720,2021-09,0.003735860221367203
968199235777440720,2021-09,0.0043073744702645375
968199235777440720,2021-09,0.00374597197797335
968199235777440720,2021-09,0.004151528686535036
8609938720215175911,2021-08,0.020207062495221636
8609938720215175911,2021-08,0.017988823524821777
8609938720215175911,2021-08,0.020833865493835577
8609938720215175911,2021-08,0.018778893059976865
8609938720215175911,2021-09,0.013976885329723833
8609938720215175911,2021-09,0.011589742383573555
8609938720215175911,2021-09,0.022602605168359387
988707525807573448,2021-08,0.007266595925045981
2903869860445366876,2021-08,0.0066314567119906
2903869860445366876,2021-08,0.009146677154311802
2903869860445366876,2021-08,0.009159748676542226
2903869860445366876,2021-08,0.009159748676542226
2903869860445366876,2021-08,0.008962676971365175
6969348581033924947,2021-08,0.018380404418773737
6969348581033924947,2021-08,0.018380404418773737
6969348581033924947,2021-08,0.021695600580605625
6969348581033924947,2021-08,0.020905607263645473
6969348581033924947,2021-08,0.026466081247031235
6969348581033924947,2021-08,0.022532894106364828
6969348581033924947,2021-08,0.023949236587487415
6969348581033924947,2021-09,0.04641496027042965
6969348581033924947,2021-09,0.028232202673040475
6969348581033924947,2021-09,0.02602385403965874
6969348581033924947,2021-09,0.02693889839495501
6969348581033924947,2021-09,0.02326113970980008
3536704882799524586,2021-08,0.05426110044641044
3536704882799524586,2021-08,0.04929268926421488
3631603567749349715,2021-08,0.004252703863200024
3631603567749349715,2021-08,0.01466639154195762
5029701292539093910,2021-08,0.04526913582211289
5029701292539093910,2021-08,0.030896186318318468
5029701292539093910,2021-09,0.025125574018375334
8332840690177201182,2021-08,0.3061853812367303
2302464746243069589,2021-08,0.007363393963042768
2302464746243069589,2021-08,0.009150951183930263
2302464746243069589,2021-09,0.005586944097557553
6964108750473070287,2021-08,0.006781469487008615
6964108750473070287,2021-08,0.004864386530000729
6964108750473070287,2021-08,0.004864386530000729
6964108750473070287,2021-08,0.003429247610848228
6964108750473070287,2021-08,0.003472368266669419
6964108750473070287,2021-08,0.003520888466264906
6964108750473070287,2021-08,0.003520888466264906
6964108750473070287,2021-08,0.004734530698159319
6964108750473070287,2021-08,0.007520383421412835
6964108750473070287,2021-08,0.003919813682410742
6964108750473070287,2021-08,0.006700104075769287
6964108750473070287,2021-08,0.003919813682410742
6964108750473070287,2021-08,0.005145283999842121
6964108750473070287,2021-08,0.00446244964158974
6964108750473070287,2021-09,0.005410927463676489
6964108750473070287,2021-09,0.00548914104140194
6964108750473070287,2021-09,0.004530904404856945
6964108750473070287,2021-09,0.004530904404856945
6964108750473070287,2021-09,0.08076829341271392
6964108750473070287,2021-09,0.008119694673218327
6964108750473070287,2021-09,0.004685695495951114
6964108750473070287,2021-09,0.00591752807303045
6964108750473070287,2021-09,0.004939252344171827
6964108750473070287,2021-09,0.004939252344171827
6964108750473070287,2021-09,0.006798223498869151
6964108750473070287,2021-09,0.004888172079203249
6964108750473070287,2021-09,0.004277849885244555
6964108750473070287,2021-09,0.00874651610026216
6964108750473070287,2021-09,0.006375440102789804
6964108750473070287,2021-09,0.009333581681251719
6964108750473070287,2021-09,0.007816108543010545
6964108750473070287,2021-09,0.0056803890841050945
6964108750473070287,2021-09,0.0056803890841050945
6964108750473070287,2021-09,0.0056803890841050945
6964108750473070287,2021-09,0.007816108543010545
6964108750473070287,2021-09,0.007816108543010545
3960251564708868781,2021-08,0.0236206113830234
3960251564708868781,2021-08,0.03292775537478415
3960251564708868781,2021-09,0.028790862710709273
3960251564708868781,2021-09,0.04316077463216106
4740535838297269949,2021-08,0.0028886136856323985
4740535838297269949,2021-09,0.0029290206990118203
4740535838297269949,2021-09,0.21972650364888513
4740535838297269949,2021-09,0.0030298407437610404
5440313607363845188,2021-08,0.0023881037222340624
5440313607363845188,2021-08,0.0021457192321991028
5440313607363845188,2021-09,0.0023080834726027935
5810778736737569699,2021-08,0.00689891441194648
5810778736737569699,2021-08,0.007216564887301038
8185063234515056194,2021-08,0.002193149285826347
8185063234515056194,2021-09,0.00182227721014185
8185063234515056194,2021-09,0.0025346346108804916
682352428813668634,2021-08,0.00376012830196667
682352428813668634,2021-08,0.00376012830196667
682352428813668634,2021-08,0.0037154192975630794
682352428813668634,2021-08,0.0037154192975630794
682352428813668634,2021-08,0.0030591682711345004
682352428813668634,2021-09,0.0033782248941255015
682352428813668634,2021-09,0.0033782248941255015
682352428813668634,2021-09,0.0035685960209086544
682352428813668634,2021-09,0.0035685960209086544
682352428813668634,2021-09,0.0035685960209086544
682352428813668634,2021-09,0.004331487654206102
682352428813668634,2021-09,0.003547256265676408
696014079855281037,2021-08,0.018677546236560826
696014079855281037,2021-09,0.019343870976697746
696014079855281037,2021-09,0.01846325385184034
696014079855281037,2021-09,0.020316085176463383
696014079855281037,2021-09,0.06158568579863806
6842075380768862290,2021-08,0.009684254195757028
6842075380768862290,2021-08,0.010195528242300786
1117184216453911295,2021-08,0.017438069657868708
1117184216453911295,2021-08,0.02051781555447618
1117184216453911295,2021-09,0.712271600051835
3838562409581494430,2021-08,0.02513391258850032
2346482557594782345,2021-08,0.015557457870167182
2346482557594782345,2021-09,0.024532484260692537
2346482557594782345,2021-09,0.016504863309751303
2346482557594782345,2021-09,0.012110530240862769
2346482557594782345,2021-09,0.0114410610476591
1430896989654626045,2021-08,0.005288248366602573
1430896989654626045,2021-08,0.00514046560242732
7696655736121386405,2021-08,0.023754219596886575
2493688222671282470,2021-08,0.01896499849180764
2493688222671282470,2021-08,0.021550743312503753
2493688222671282470,2021-09,0.02416502798398378
2493688222671282470,2021-09,0.013513047746976578
5082813456193598086,2021-08,0.004337529949895689
5082813456193598086,2021-08,0.004529472259011576
5082813456193598086,2021-09,0.003442066168942138
5082813456193598086,2021-09,0.008744327159537033
5082813456193598086,2021-09,0.006241141479243148
7398738404146260251,2021-08,0.0030321601368732396
7398738404146260251,2021-09,0.005109486824335488
7398738404146260251,2021-09,0.005172268587540533
7398738404146260251,2021-09,0.006190603309036554
7398738404146260251,2021-09,0.0056997668397075615
4556737702757145073,2021-08,0.0035390318604953262
4556737702757145073,2021-09,0.11129969754571059
4556737702757145073,2021-09,0.003895202540554764
4556737702757145073,2021-09,0.005002341175396253
4556737702757145073,2021-09,0.005143377291144627
6091519986999196884,2021-08,0.010648706340266864
6091519986999196884,2021-08,0.010520684471278553
6091519986999196884,2021-08,0.011867467528924518
8716163053080758848,2021-08,0.032892331199761045
8716163053080758848,2021-08,0.006777718161969521
8716163053080758848,2021-08,0.014376969170850984
8716163053080758848,2021-08,0.006926473713499392
8716163053080758848,2021-09,0.011920217321787645
8716163053080758848,2021-09,0.08443942155396422
8716163053080758848,2021-09,0.01635379230074702
8716163053080758848,2021-09,0.00854089470279383
8716163053080758848,2021-09,0.006727261771463963
8716163053080758848,2021-09,0.00496415481080921
4524147234488547993,2021-08,0.005212793872943685
4524147234488547993,2021-08,0.008061067303487983
5606267905834401873,2021-08,0.002871906176781651
5606267905834401873,2021-08,0.003564083101015339
5606267905834401873,2021-08,0.0030631989440695396
5606267905834401873,2021-09,0.002647467640048381
5606267905834401873,2021-09,0.00214931328220774
5606267905834401873,2021-09,0.002164343301550332
6213213514675778388,2021-08,0.005820153520035381
1343530446996409207,2021-08,0.012625859189100856
1343530446996409207,2021-08,0.007752055540505731
1343530446996409207,2021-08,0.007752055540505731
1343530446996409207,2021-09,0.014862631620837645
6164364689409425900,2021-08,0.003023956605089701
3355881107559250653,2021-08,0.0033229184648214884
3355881107559250653,2021-08,0.003169499597684386
3355881107559250653,2021-08,0.003216379092459
3355881107559250653,2021-08,0.003700300634269152
3355881107559250653,2021-08,0.003216379092459
3355881107559250653,2021-08,0.0038296066317620226
3355881107559250653,2021-08,0.0038296066317620226
3355881107559250653,2021-08,0.003261116225834315
3355881107559250653,2021-08,0.004969210564679125
3355881107559250653,2021-08,0.005097042657101594
3355881107559250653,2021-09,0.0051155572359616215
3355881107559250653,2021-09,0.005248346914018372
3355881107559250653,2021-09,0.005248346914018372
3355881107559250653,2021-09,0.00495722953325571
3355881107559250653,2021-09,0.00495722953325571
3355881107559250653,2021-09,0.005042921144968421
3355881107559250653,2021-09,0.004915303311121771
66220087398241662,2021-08,0.04216750196968957
66220087398241662,2021-09,0.023811174086245262
66220087398241662,2021-09,0.016479295163387232
66220087398241662,2021-09,0.016479295163387232
2645324649046215594,2021-08,0.00983105004787137
2645324649046215594,2021-08,0.009779115941734669
2645324649046215594,2021-08,0.012883854803164478
2645324649046215594,2021-08,0.01152643015654556
2645324649046215594,2021-09,0.008546952426399211
2645324649046215594,2021-09,0.009755539186264177
7330131219998265639,2021-08,0.002402368240082357
7330131219998265639,2021-08,0.012550798633097894
7330131219998265639,2021-09,0.13490104403711156
7330131219998265639,2021-09,0.005409019952074735
7330131219998265639,2021-09,0.006593781291495244
8080988579391900405,2021-08,0.007466179368172301
8080988579391900405,2021-09,0.005861241798166682
5999145415800242177,2021-08,0.021411656486183463
5999145415800242177,2021-08,0.015704179376971914
5999145415800242177,2021-09,0.010656775628509437
5999145415800242177,2021-09,0.007373613592833124
7395696797140470088,2021-08,0.0016281178459417113
7395696797140470088,2021-08,0.002030410518475937
7395696797140470088,2021-08,0.004211758695890357
7395696797140470088,2021-09,0.0026151055531701824
7395696797140470088,2021-09,0.002774998364221456
7395696797140470088,2021-09,0.0024459207382454824
7395696797140470088,2021-09,0.0022051195273015607
417157680860985231,2021-08,0.002419721095358069
417157680860985231,2021-08,0.002359208216200172
417157680860985231,2021-09,0.0028464149838931365
417157680860985231,2021-09,0.003074112948753749
417157680860985231,2021-09,0.0036949312269520967
417157680860985231,2021-09,0.0035024281659380104
7485107528960607346,2021-08,0.015525297171476342
7485107528960607346,2021-08,0.01910190475022149
7485107528960607346,2021-09,0.03721862033974584
7485107528960607346,2021-09,0.5997483618878261
7485107528960607346,2021-09,0.02785016686037547
8350724667410677464,2021-08,0.162402603621895
8350724667410677464,2021-08,0.1702916837950656
8350724667410677464,2021-08,0.19049532204873013
8350724667410677464,2021-08,0.19049532204873013
8350724667410677464,2021-09,0.9165387255599036
8350724667410677464,2021-09,0.8515680644420501
5078284853636449041,2021-08,0.014165590676610346
5577659616907513811,2021-08,0.8973180522275522
5577659616907513811,2021-08,0.9005962678124313
5577659616907513811,2021-08,0.9094947397015876
5577659616907513811,2021-08,0.9057102818075393
5577659616907513811,2021-09,0.9160052560341144
1299146298565441811,2021-08,0.021096731953417457
3093415403379897112,2021-08,0.013232345409467753
3093415403379897112,2021-08,0.008623373991853037
3093415403379897112,2021-08,0.011941149445901945
3093415403379897112,2021-09,0.008683917934777106
1357573192598249600,2021-08,0.014386091346075441
1357573192598249600,2021-08,0.010523881377208421
1357573192598249600,2021-09,0.012042983551664204
1357573192598249600,2021-09,0.013125030359121952
1357573192598249600,2021-09,0.015187619207244991
4527499691197377217,2021-08,0.0036308702009839183
2673576168790933175,2021-08,0.08071027114224298
3140918607946425426,2021-08,0.0047974554474446525
3140918607946425426,2021-08,0.005211750572118335
3140918607946425426,2021-09,0.004483594485777709
3140918607946425426,2021-09,0.0044117575187079825
2983174282784691273,2021-08,0.010713941798416095
2983174282784691273,2021-08,0.009930753252581572
2983174282784691273,2021-08,0.013086545533403755
2983174282784691273,2021-08,0.01072272346384344
2983174282784691273,2021-09,0.012042405977524142
2983174282784691273,2021-09,0.011620201568960958
2983174282784691273,2021-09,0.010031865842899678
7347715771145302549,2021-08,0.0013735704443713893
7347715771145302549,2021-08,0.001388924719267712
7347715771145302549,2021-08,0.0012359012763600618
7347715771145302549,2021-09,0.0014400190579827023
7347715771145302549,2021-09,0.04976850412069543
4831939798545673038,2021-08,0.055129340326698875
5409960473983330744,2021-08,0.03407848982115625
5409960473983330744,2021-09,0.922035648589742
5409960473983330744,2021-09,0.023860405974750077
6916556752218696485,2021-08,0.0024695437712877787
6916556752218696485,2021-08,0.0027093439130147015
6916556752218696485,2021-08,0.0027093439130147015
6916556752218696485,2021-08,0.003097510079701839
6916556752218696485,2021-08,0.003261010384412993
6916556752218696485,2021-08,0.0035454035616373203
6916556752218696485,2021-09,0.004510189004797174
6916556752218696485,2021-09,0.004429559602104545
6916556752218696485,2021-09,0.006359171844535548
6916556752218696485,2021-09,0.004429559602104545
6916556752218696485,2021-09,0.005221209042040612
6916556752218696485,2021-09,0.006144932829112261
6916556752218696485,2021-09,0.004510189004797174
6916556752218696485,2021-09,0.004510189004797174
6916556752218696485,2021-09,0.004537496476950763
6916556752218696485,2021-09,0.005579993634532262
6916556752218696485,2021-09,0.004999453660290302
6916556752218696485,2021-09,0.005786098656358605
6916556752218696485,2021-09,0.004541086861018205
6916556752218696485,2021-09,0.0063643779374265574
6615694774618628402,2021-08,0.10557736009945952
6615694774618628402,2021-08,0.12349082998520301
6615694774618628402,2021-08,0.11016895230199282
6615694774618628402,2021-09,0.09773195594632911
7692330898726665144,2021-08,0.015406868799407962
7692330898726665144,2021-08,0.016870705600205708
7692330898726665144,2021-09,0.017236413313741036
7692330898726665144,2021-09,0.010206773180383915
7692330898726665144,2021-09,0.008891163828195959
7646606457278894341,2021-08,0.018924810794496334
7646606457278894341,2021-08,0.02197226508351944
7646606457278894341,2021-09,0.018252037037120434
3382609338395832683,2021-08,0.17764535703369405
3382609338395832683,2021-08,0.22841874177472793
8067924767167570288,2021-08,0.09787588316948635
8067924767167570288,2021-09,0.11431001108612746
8480109508191086169,2021-08,0.0027752282085280505
8480109508191086169,2021-09,0.07395730967222623
8480109508191086169,2021-09,0.002436775107883688
2573553293518763494,2021-08,0.024684516468859913
2573553293518763494,2021-08,0.024405516986076674
2573553293518763494,2021-09,0.015399350343593413
2573553293518763494,2021-09,0.017049985062917942
2573553293518763494,2021-09,0.018045164213146156
2573553293518763494,2021-09,0.01679900738433866
2573553293518763494,2021-09,0.3319075252063459
2573553293518763494,2021-09,0.01255922623270805
2573553293518763494,2021-09,0.014212600247775336
2573553293518763494,2021-09,0.015632649367597774
660382477567765256,2021-08,0.01775798981628053
660382477567765256,2021-09,0.00838635736002209
660382477567765256,2021-09,0.007665718881547389
660382477567765256,2021-09,0.008865236439616836
660382477567765256,2021-09,0.00971135891512816
8049805689946244047,2021-08,0.005908742368048381
8049805689946244047,2021-08,0.00786811568183285
8049805689946244047,2021-09,0.005496088351585275
7968118679747232249,2021-08,0.7422595935512709
7968118679747232249,2021-09,0.6635229572344169
459290606780222306,2021-08,0.0030104112760299517
459290606780222306,2021-08,0.0023073689369671087
459290606780222306,2021-08,0.003056612496361948
459290606780222306,2021-08,0.0029618232646161737
459290606780222306,2021-08,0.002893880063672414
459290606780222306,2021-09,0.007764045404583015
459290606780222306,2021-09,0.009176865360397218
459290606780222306,2021-09,0.008657853408176342
459290606780222306,2021-09,0.009326471501719178
459290606780222306,2021-09,0.00799918078998967
459290606780222306,2021-09,0.006962821240207173
6978269497652315763,2021-08,0.13215813728129489
1536087798470875922,2021-08,0.1524633314627297
1536087798470875922,2021-09,0.31310526883041256
1536087798470875922,2021-09,0.19995136688325713
1129657311668961746,2021-08,0.16597317647393234
1129657311668961746,2021-09,0.06811971083421432
1129657311668961746,2021-09,0.0654258559263334
7895753719321668294,2021-08,0.004823562870920261
7895753719321668294,2021-09,0.005205082837475926
7895753719321668294,2021-09,0.006074085467148044
524026009392362402,2021-08,0.006240091983037104
524026009392362402,2021-08,0.008866112919202338
7776069961364493674,2021-08,0.13665291415013966
7776069961364493674,2021-09,0.03595394904687792
4530631557358349711,2021-08,0.003798020227601288
4530631557358349711,2021-08,0.0044626693113883715
4530631557358349711,2021-09,0.006817490787853262
1273229638516517354,2021-08,0.1583296099054737
1273229638516517354,2021-08,0.1583296099054737
1273229638516517354,2021-09,0.05862169527792439
187117706370645370,2021-08,0.10250210854407031
187117706370645370,2021-08,0.03384489973759727
187117706370645370,2021-08,0.02510141704859875
187117706370645370,2021-09,0.01982528768876758
187117706370645370,2021-09,0.017281293038011764
187117706370645370,2021-09,0.030678482437990363
187117706370645370,2021-09,0.011495468195759976
187117706370645370,2021-09,0.016809625904171135
187117706370645370,2021-09,0.020184757397435152
187117706370645370,2021-09,0.014701226922905231
4569866309119931805,2021-08,0.0052493980732914195
4569866309119931805,2021-09,0.0028925323524622228
2382123267535341265,2021-08,0.007861542384755334
2382123267535341265,2021-08,0.016723173258326025
2382123267535341265,2021-08,0.01057126489199126
2382123267535341265,2021-09,0.012546801141189569
5799279645678609726,2021-08,0.03582638081071345
5799279645678609726,2021-09,0.31567740123439136
5726178124659661019,2021-08,0.0037624746081074715
5726178124659661019,2021-08,0.025331563259004704
5726178124659661019,2021-08,0.0028519038868981884
5726178124659661019,2021-08,0.0027591983296407514
5726178124659661019,2021-08,0.0025462761122845463
5726178124659661019,2021-08,0.0028099354787011945
5726178124659661019,2021-08,0.0026723900532007283
5726178124659661019,2021-08,0.00311459151474895
5726178124659661019,2021-08,0.002895827430800571
5726178124659661019,2021-08,0.003196217479485162
5726178124659661019,2021-09,0.003095824084725066
5726178124659661019,2021-09,0.003959009177215985
5726178124659661019,2021-09,0.0033459512972255625
5726178124659661019,2021-09,0.003265005163514615
5726178124659661019,2021-09,0.003426706885476037
257162352336759783,2021-08,0.007144890809974451
257162352336759783,2021-08,0.007287546063293045
257162352336759783,2021-08,0.007287546063293045
7269781193318890653,2021-08,0.010048945747305242
835441927760881602,2021-08,0.5313738083678814
835441927760881602,2021-08,0.38281160731028985
835441927760881602,2021-09,0.2979924102077213
835441927760881602,2021-09,0.33322843395973534
835441927760881602,2021-09,0.3933621339861304
5714540197488862003,2021-08,0.4879821987581492
5714540197488862003,2021-09,0.36527399748873657
5714540197488862003,2021-09,0.25105906389094934
7751080728852739823,2021-08,0.19174864946692965
7751080728852739823,2021-08,0.01353578606804921
7751080728852739823,2021-08,0.02300255275614995
7751080728852739823,2021-09,0.01378175788664105
5687511145009775604,2021-08,0.24968683100386801
5687511145009775604,2021-09,0.15948360731642647
3204108603682323936,2021-08,0.0025316362737161082
6053752047545474051,2021-08,0.023747870285462894
6053752047545474051,2021-08,0.011687557566090455
6053752047545474051,2021-08,0.02487452844993724
6053752047545474051,2021-08,0.025181623032591496
6053752047545474051,2021-09,0.02995447789602716
6053752047545474051,2021-09,0.027822866537813924
6053752047545474051,2021-09,0.027025298259863745
6053752047545474051,2021-09,0.014976195400324969
6053752047545474051,2021-09,0.027025298259863745
6053752047545474051,2021-09,0.010556097484542799
6053752047545474051,2021-09,0.014261460437281916
6053752047545474051,2021-09,0.025630875137755017
8292458529987016717,2021-08,0.011333391184570394
2333404192508932057,2021-08,0.007327616281153084
2333404192508932057,2021-08,0.00851493858193066
2333404192508932057,2021-09,0.006332342068755273
2333404192508932057,2021-09,0.010674474963348836
2333404192508932057,2021-09,0.010674474963348836
2333404192508932057,2021-09,0.012956663298283527
2333404192508932057,2021-09,0.008076253813305834
9156666134024889730,2021-08,0.00635904791151388
9156666134024889730,2021-08,0.005488026815886614
9156666134024889730,2021-08,0.005874237178311643
9156666134024889730,2021-08,0.006288639332302206
9156666134024889730,2021-09,0.0053820024627764034
9156666134024889730,2021-09,0.6745288088908383
837142477962609471,2021-08,0.01670579651706049
837142477962609471,2021-08,0.01654390247940826
837142477962609471,2021-09,0.014655761613033426
837142477962609471,2021-09,0.014919505169672583
6528158819463595826,2021-08,0.004548260985597614
6528158819463595826,2021-08,0.003745044041084432
6528158819463595826,2021-09,0.003904288129196836
4347826483121154490,2021-08,0.0021901599050586974
4347826483121154490,2021-08,0.0027060258741727307
4347826483121154490,2021-08,0.0023535382849899575
4347826483121154490,2021-08,0.0022034394244010423
4347826483121154490,2021-08,0.0022683175387187495
4347826483121154490,2021-08,0.004248378572750563
4347826483121154490,2021-08,0.0022683175387187495
4347826483121154490,2021-08,0.0022129842151314867
4347826483121154490,2021-09,0.0022379501523377542
4347826483121154490,2021-09,0.0022379501523377542
4347826483121154490,2021-09,0.0022379501523377542
4347826483121154490,2021-09,0.0022379501523377542
4347826483121154490,2021-09,0.0022379501523377542
4347826483121154490,2021-09,0.003598261243881276
4347826483121154490,2021-09,0.0015839252719221754
4347826483121154490,2021-09,0.004547613975538495
4347826483121154490,2021-09,0.002749776141664198
4347826483121154490,2021-09,0.001974483239073448
7478791630746523220,2021-08,0.30434537513203325
7478791630746523220,2021-08,0.27051318675130526
7478791630746523220,2021-09,0.25221062509023934
7478791630746523220,2021-09,0.2632539735010813
3045840317107313913,2021-08,0.00493225562981449
3045840317107313913,2021-09,0.007803775013066503
3045840317107313913,2021-09,0.05937739655773672
3045840317107313913,2021-09,0.007873775912015634
2687720147676132707,2021-08,0.006551715386924587
2687720147676132707,2021-08,0.0058044725108143454
4980232475645447238,2021-08,0.009693503532438804
4980232475645447238,2021-08,0.008635723040387951
4980232475645447238,2021-09,0.012193472804111267
6759864637454708017,2021-08,0.09028881814235384
6759864637454708017,2021-08,0.08945632735968394
6759864637454708017,2021-08,0.09221993665914242
6759864637454708017,2021-09,0.06595006970877279
6759864637454708017,2021-09,0.07091906511817257
5162636608292907782,2021-08,0.44020109199745416
5162636608292907782,2021-08,0.4991330506535337
5162636608292907782,2021-09,0.3944212928296844
5162636608292907782,2021-09,0.40846946900561426
5162636608292907782,2021-09,0.5339863016268096
8994944800097997361,2021-08,0.012188341462504365
8994944800097997361,2021-08,0.013484492154482124
8994944800097997361,2021-09,0.010185273217581507
8994944800097997361,2021-09,0.008271662740147684
8994944800097997361,2021-09,0.009773868933979237
8994944800097997361,2021-09,0.008056911603733015
8994944800097997361,2021-09,0.010014935532113708
7665801401860589626,2021-08,0.024406395268941092
7665801401860589626,2021-08,0.01936018078767615
7665801401860589626,2021-09,0.014231085649149955
49632905576538927,2021-08,0.003696791263501359
621182491555347581,2021-08,0.005310080568801655
621182491555347581,2021-08,0.005436294447670255
621182491555347581,2021-08,0.005896957222959439
621182491555347581,2021-09,0.007920047314741302
621182491555347581,2021-09,0.004117286622677083
7492389223353246125,2021-08,0.1999454789626876
7492389223353246125,2021-08,0.24986268304890585
7492389223353246125,2021-09,0.16980067519948633
7492389223353246125,2021-09,0.16006039536630193
7492389223353246125,2021-09,0.20279624708462338
8060154314331993193,2021-08,0.07989262297531899
8060154314331993193,2021-08,0.04520288626212394
7930925883736021864,2021-08,0.0020019475679771102
7930925883736021864,2021-08,0.0022380097825292454
7930925883736021864,2021-08,0.002407840474700931
7930925883736021864,2021-08,0.0952698840178644
7930925883736021864,2021-08,0.0034571674240189247
7930925883736021864,2021-09,0.0026778133952588376
7930925883736021864,2021-09,0.002995212553712113
7930925883736021864,2021-09,0.002830134787541657
7930925883736021864,2021-09,0.0027859067813146995
4724876423989598202,2021-08,0.022330743188796492
4724876423989598202,2021-08,0.03202196969583396
4724876423989598202,2021-08,0.012032370784283255
4724876423989598202,2021-08,0.01662100540911428
4724876423989598202,2021-09,0.01389420770489346
4724876423989598202,2021-09,0.02138232916178688
4724876423989598202,2021-09,0.007398357320263005
3977861004707764824,2021-08,0.033800501726295694
3977861004707764824,2021-08,0.06333075745263367
3977861004707764824,2021-08,0.09516154169335142
3977861004707764824,2021-08,0.11423785907240855
3977861004707764824,2021-08,0.08594747495094808
3977861004707764824,2021-09,0.04741744443607207
3977861004707764824,2021-09,0.03498689441157624
3977861004707764824,2021-09,0.03001867635339728
3977861004707764824,2021-09,0.03438109070007563
3977861004707764824,2021-09,0.04276468267949087
3977861004707764824,2021-09,0.027620959153955793
3977861004707764824,2021-09,0.03087745467920641
6448234172949059931,2021-08,0.19087419539164735
8287608084245946173,2021-08,0.0068652005062924655
8287608084245946173,2021-08,0.006641688588751219
8287608084245946173,2021-08,0.006863811612783208
8287608084245946173,2021-09,0.005819826279855731
8287608084245946173,2021-09,0.004440751007140509
8287608084245946173,2021-09,0.0040494495175535244
8287608084245946173,2021-09,0.0040494495175535244
8287608084245946173,2021-09,0.10556194755560376
8229446069655666941,2021-08,0.0798130518478189
8229446069655666941,2021-08,0.9766224281386046
1998941557906036376,2021-08,0.008638229767560351
1998941557906036376,2021-09,0.012242972531618086
1998941557906036376,2021-09,0.008386343086074713
4104959289203999917,2021-08,0.00569662815671908
1036256411320325774,2021-08,0.0035203459002927776
1036256411320325774,2021-08,0.004992496320468301
1036256411320325774,2021-08,0.004436218254809025
1036256411320325774,2021-08,0.0045166229137196395
1036256411320325774,2021-09,0.006298230648398036
1036256411320325774,2021-09,0.005336151439934973
1036256411320325774,2021-09,0.004797174269585543
1036256411320325774,2021-09,0.0073474889115133606
1036256411320325774,2021-09,0.004975113242798494
3543162424793477785,2021-08,0.02764171941705481
3543162424793477785,2021-08,0.02877954811038043
3543162424793477785,2021-09,0.0330886035329906
3543162424793477785,2021-09,0.020337121475002117
5048392903148444335,2021-08,0.048524657050970865
5048392903148444335,2021-08,0.06638480391728319
5048392903148444335,2021-08,0.06857548820313081
5048392903148444335,2021-09,0.06353659111528039
8646472172649019955,2021-08,0.5459296520867123
8646472172649019955,2021-08,0.48136642100275406
8646472172649019955,2021-09,0.25036271499072327
8646472172649019955,2021-09,0.25414520653330197
2012477868296377155,2021-08,0.01612077473215569
2012477868296377155,2021-08,0.008764177481094438
2929243640075785940,2021-08,0.003403118620402444
2929243640075785940,2021-08,0.003898081688093176
2451708306555441014,2021-08,0.009620328379100379
2451708306555441014,2021-08,0.011736189958028668
2451708306555441014,2021-09,0.008499554330810403
2451708306555441014,2021-09,0.014675215315830407
2451708306555441014,2021-09,0.010707134960665707
2451708306555441014,2021-09,0.005114123685956401
2250817603281429928,2021-08,0.0021718123063145995
2250817603281429928,2021-08,0.0021344724911925893
2250817603281429928,2021-09,0.002214606941032774
8271604276097280304,2021-08,0.007726341814655098
4593070249039532001,2021-08,0.004416121213414795
4593070249039532001,2021-08,0.004178658212851101
4593070249039532001,2021-09,0.0049747859698584035
5897410907783139228,2021-08,0.005633361698864035
5897410907783139228,2021-08,0.012875647741823336
5897410907783139228,2021-09,0.012520292272628913
5897410907783139228,2021-09,0.00575120107179632
2530707686830644666,2021-08,0.022251012828770667
2530707686830644666,2021-09,0.01663001482443184
340285351737204923,2021-08,0.05227499232040747
340285351737204923,2021-09,0.04339962433865185
340285351737204923,2021-09,0.027903183864882507
340285351737204923,2021-09,0.025957287106789424
340285351737204923,2021-09,0.03774908638900488
340285351737204923,2021-09,0.037251237772014785
7067471043900250355,2021-08,0.017118658795007815
7067471043900250355,2021-08,0.8993535995214802
7067471043900250355,2021-08,0.925589092475277
7067471043900250355,2021-08,0.013988020709448205
7067471043900250355,2021-08,0.014871692872582758
3248432590399829766,2021-08,0.007496839062136912
3248432590399829766,2021-08,0.006392245132745067
3248432590399829766,2021-08,0.008066370936530926
7176848230239877915,2021-08,0.0031230941084462267
761746217261797478,2021-08,0.002126492501322409
761746217261797478,2021-09,0.0022701793356026414
761746217261797478,2021-09,0.0027264711091711516
761746217261797478,2021-09,0.0016626005738037092
7041489327620930099,2021-08,0.002364022718701882
7041489327620930099,2021-09,0.0031566255718672113
5958664040344043635,2021-08,0.016016506282744248
5958664040344043635,2021-09,0.024478202358596168
4327694790333781288,2021-08,0.0014194953769413458
1078687383992817574,2021-08,0.4478004789173297
1078687383992817574,2021-08,0.4653247188916302
1078687383992817574,2021-08,0.40542278531841114
1078687383992817574,2021-08,0.43799656608743387
1078687383992817574,2021-09,0.4603869395088925
1078687383992817574,2021-09,0.5281111611904581
1078687383992817574,2021-09,0.5003316729908248
1078687383992817574,2021-09,0.3315517050408352
2619109825960703851,2021-08,0.027291805405166243
2619109825960703851,2021-08,0.027291805405166243
2619109825960703851,2021-09,0.04233631467229172
2619109825960703851,2021-09,0.027912743536319225
175003104385133396,2021-08,0.006635636906609057
175003104385133396,2021-09,0.011320490503187513
2397171153213063761,2021-08,0.013660383839577319
2397171153213063761,2021-08,0.014004675679826556
2397171153213063761,2021-08,0.02871087644267865
2397171153213063761,2021-08,0.01639822010319838
2397171153213063761,2021-09,0.012766603904126615
2397171153213063761,2021-09,0.013641207888745715
2397171153213063761,2021-09,0.7316282698279294
2397171153213063761,2021-09,0.012274489225771611
2397171153213063761,2021-09,0.011469052895490267
5176940320835464459,2021-08,0.009528449655216369
5176940320835464459,2021-08,0.012282664425668803
5176940320835464459,2021-08,0.008853192154685899
5176940320835464459,2021-08,0.0076885907240028355
5176940320835464459,2021-08,0.012415813012530622
5176940320835464459,2021-08,0.007324165769383472
5176940320835464459,2021-08,0.016176339422327848
5176940320835464459,2021-09,0.010259456620587656
5176940320835464459,2021-09,0.011875542242838112
5176940320835464459,2021-09,0.009615401035516332
5176940320835464459,2021-09,0.00825801455939888
5176940320835464459,2021-09,0.011875542242838112
5176940320835464459,2021-09,0.030139965256417645
5176940320835464459,2021-09,0.008502791690218845
5176940320835464459,2021-09,0.007148514568187503
5176940320835464459,2021-09,0.00707927747959424
2768068015169423097,2021-08,0.04859416119340253
2768068015169423097,2021-08,0.04354106513365586
7970976988071755401,2021-08,0.051876102822202355
7970976988071755401,2021-08,0.07468728109348119
7970976988071755401,2021-08,0.08470462386713795
7970976988071755401,2021-09,0.10981722761820635
7970976988071755401,2021-09,0.11285894889422499
7930644815080409701,2021-08,0.030437126930076275
7930644815080409701,2021-09,0.0176880727181595
8874257794774679816,2021-08,0.011815749659597015
8874257794774679816,2021-08,0.010289984123388949
8874257794774679816,2021-09,0.009832786000653128
8874257794774679816,2021-09,0.009316609958104773
8874257794774679816,2021-09,0.009251714137597556
8874257794774679816,2021-09,0.01020934963706565
7949169060790541229,2021-08,0.004545411860705114
7949169060790541229,2021-09,0.006621842135499623
7949169060790541229,2021-09,0.005894031900421785
4210463673385510745,2021-08,0.18273724044031522
4210463673385510745,2021-08,0.11491663281347986
4210463673385510745,2021-09,0.11949218866209955
4210463673385510745,2021-09,0.16408329506330266
5855956854975734380,2021-08,0.008323917157669575
5753677550753111444,2021-08,0.0011622975306056495
5753677550753111444,2021-08,0.0011227843804264683
5753677550753111444,2021-09,0.0013794092385625686
8909740532547211288,2021-08,0.004599595594682374
8909740532547211288,2021-08,0.004167112604541791
8909740532547211288,2021-09,0.004477179891959882
8909740532547211288,2021-09,0.004653181603118574
8909740532547211288,2021-09,0.004653181603118574
345447888460137901,2021-08,0.02573342266654391
345447888460137901,2021-09,0.016315869941897994
6662531979151878793,2021-08,0.00502123713976386
6662531979151878793,2021-09,0.004370495697826936
1616952665234409442,2021-08,0.2692579414235601
1616952665234409442,2021-08,0.7475403678132675
1616952665234409442,2021-08,0.29674813173875586
2808145376905474927,2021-08,0.017939666499678642
2808145376905474927,2021-08,0.012925571739986985
2808145376905474927,2021-09,0.020951453853952747
2808145376905474927,2021-09,0.01457978255831515
7471183491728700531,2021-08,0.29425836419793494
7471183491728700531,2021-08,0.47309141921588815
5373371196946859811,2021-08,0.01486232847491455
5373371196946859811,2021-08,0.02302536588786681
5373371196946859811,2021-08,0.02519931035602207
5373371196946859811,2021-09,0.020606591518422274
5373371196946859811,2021-09,0.01588687989254931
6941381638534728190,2021-08,0.0019042988180385813
6941381638534728190,2021-08,0.001965467518036203
6941381638534728190,2021-09,0.0020240461499775697
8213533889694327948,2021-08,0.003296866558976318
8213533889694327948,2021-08,0.003277501671798401
8213533889694327948,2021-08,0.0031021476519133297
8213533889694327948,2021-08,0.0037476297129035692
8213533889694327948,2021-09,0.002418772364323168
8213533889694327948,2021-09,0.002418772364323168
8213533889694327948,2021-09,0.002779890962911311
6020593949794792044,2021-08,0.0299937560736984
6020593949794792044,2021-09,0.2956851909014328
3285246914299291124,2021-08,0.005340628300300275
3285246914299291124,2021-09,0.0033169233743849313
3285246914299291124,2021-09,0.003343260442978167
3285246914299291124,2021-09,0.003789728783744164
3285246914299291124,2021-09,0.003586053265462244
3511416927745338332,2021-08,0.002201965515684112
3511416927745338332,2021-09,0.001981774361850101
1997130697107291654,2021-08,0.08308795040733882
864510931144626280,2021-08,0.009087598970035008
5726884001073147293,2021-08,0.0360709145295445
8559143756893267192,2021-08,0.0391304392473613
8559143756893267192,2021-08,0.05209246503189482
7085295800541340563,2021-08,0.008992535643476402
7085295800541340563,2021-08,0.008992535643476402
7085295800541340563,2021-08,0.010891405543075676
7085295800541340563,2021-09,0.09329307055003543
1958660709350677213,2021-08,0.2667939200652557
1958660709350677213,2021-09,0.24167683592071998
1958660709350677213,2021-09,0.22766624430466983
1958660709350677213,2021-09,0.22356136058716877
1958660709350677213,2021-09,0.4049535076993064
312543480920432545,2021-08,0.003215149926565607
312543480920432545,2021-08,0.003029171124846374
312543480920432545,2021-08,0.004483237073611943
312543480920432545,2021-08,0.003214620244219926
312543480920432545,2021-08,0.0030845005773779436
312543480920432545,2021-09,0.004447019131463202
312543480920432545,2021-09,0.004177915136419345
312543480920432545,2021-09,0.0028817138273860856
312543480920432545,2021-09,0.0028817138273860856
312543480920432545,2021-09,0.0031435207661811506
5786895437851445408,2021-08,0.19130778277376764
6914631631926429447,2021-08,0.05187521861861118
274692171162531764,2021-08,0.11563013072025187
274692171162531764,2021-08,0.11242837860533372
274692171162531764,2021-08,0.09220072373517968
274692171162531764,2021-09,0.1114389800784674
274692171162531764,2021-09,0.09247599572156948
274692171162531764,2021-09,0.09247599572156948
274692171162531764,2021-09,0.09139792981598804
274692171162531764,2021-09,0.13326162289700538
2088532321693492263,2021-08,0.00940485313160313
2088532321693492263,2021-08,0.008765109703432182
2088532321693492263,2021-09,0.8153665256246553
2088532321693492263,2021-09,0.013215337844455633
4335865859049992260,2021-08,0.0071211206438969955
4335865859049992260,2021-09,0.005159944492007579
4335865859049992260,2021-09,0.007235551245172633
2209806355660046187,2021-08,0.003637123101058655
3218226066162129945,2021-08,0.13647345142672712
3218226066162129945,2021-09,0.8265708286023538
3218226066162129945,2021-09,0.8345602609800717
6985631100944640910,2021-08,0.24628565441100592
5358243820364010940,2021-08,0.014503157477231608
5358243820364010940,2021-08,0.017994387055932523
5358243820364010940,2021-08,0.016088413165596605
4588313530969303734,2021-08,0.1380286401511833
4588313530969303734,2021-08,0.10685683317923858
4588313530969303734,2021-09,0.05730647734054028
2033394215069562776,2021-08,0.06132808416996133
2033394215069562776,2021-08,0.0716583016689215
2033394215069562776,2021-09,0.03575799485800018
2033394215069562776,2021-09,0.03806878304919809
662944582644865942,2021-08,0.015471565849558007
662944582644865942,2021-09,0.01894218187317757
662944582644865942,2021-09,0.029367192097189077
662944582644865942,2021-09,0.023263753337836836
662944582644865942,2021-09,0.02201580492001785
662944582644865942,2021-09,0.018656489378519835
4874157215501489741,2021-08,0.014649763602960563
4874157215501489741,2021-08,0.014649763602960563
4874157215501489741,2021-08,0.008719565010207521
4874157215501489741,2021-09,0.01384440406667843
2371917341091102894,2021-08,0.03479733846760788
2819054834565698513,2021-08,0.02168285909293939
2819054834565698513,2021-08,0.022132235283693614
2819054834565698513,2021-09,0.03218935401210753
2819054834565698513,2021-09,0.01057106415818863
2819054834565698513,2021-09,0.023074826336286876
4675067298171588603,2021-08,0.07245455914146727
4675067298171588603,2021-08,0.07916738929173867
4675067298171588603,2021-08,0.06210748901904305
3118683330911759410,2021-08,0.33024361020404247
3118683330911759410,2021-09,0.34927653798949304
5460280878923715699,2021-08,0.017529740734269942
5460280878923715699,2021-08,0.0080899514941763
5460280878923715699,2021-09,0.012801687030918057
7268895973869107930,2021-08,0.004669148985220073
7268895973869107930,2021-08,0.005568319487527147
7268895973869107930,2021-09,0.00802153172972402
7268895973869107930,2021-09,0.004307407238203929
1141681690629134039,2021-08,0.04850229185999742
8715120689636420963,2021-08,0.019009048605173866
940214356651040716,2021-08,0.3127450719180257
940214356651040716,2021-09,0.2027281267830696
940214356651040716,2021-09,0.1397928263602073
295375823203017296,2021-08,0.002666160520855189
295375823203017296,2021-09,0.003963043293563611
5528372913947954503,2021-08,0.095898227453199
5528372913947954503,2021-09,0.123676501564612
9108733472015251498,2021-08,0.0033226924365870564
3591324331706630867,2021-08,0.02330270352843537
3591324331706630867,2021-08,0.026317649511298155
3591324331706630867,2021-09,0.036834075456977235
8603678028264007695,2021-08,0.008061812868177056
8603678028264007695,2021-09,0.008285989968266868
8603678028264007695,2021-09,0.005585214882509422
6858769421191999702,2021-08,0.006210933804171553
6858769421191999702,2021-08,0.006473882177575549
6858769421191999702,2021-09,0.007591467935580575
6858769421191999702,2021-09,0.006577626474909374
8596605705893456305,2021-08,0.8936828148351517
8596605705893456305,2021-09,0.8030842240893723
8596605705893456305,2021-09,0.9151824688541473
8596605705893456305,2021-09,0.8001394958126118
8596605705893456305,2021-09,0.770753358513694
8596605705893456305,2021-09,0.742926060620789
8596605705893456305,2021-09,0.7168706714311817
8596605705893456305,2021-09,0.7303417632169187
5888474320320735000,2021-08,0.9474365427403344
5888474320320735000,2021-08,0.9489070883677067
5888474320320735000,2021-09,0.9489528120598006
5888474320320735000,2021-09,0.9659029281855407
5888474320320735000,2021-09,0.9482230013644756
6795467882769787169,2021-08,0.003172218908150558
6795467882769787169,2021-08,0.003172218908150558
6795467882769787169,2021-09,0.01229224686698869
6795467882769787169,2021-09,0.003050271694434252
6795467882769787169,2021-09,0.0026818432733787738
6828316696355015040,2021-08,0.011343016274719231
6828316696355015040,2021-08,0.011343016274719231
6828316696355015040,2021-08,0.012920080399785575
6828316696355015040,2021-09,0.01363395323595905
6828316696355015040,2021-09,0.009106308347978098
1477629972594346481,2021-08,0.05016600708401106
1477629972594346481,2021-08,0.05913819721063785
1477629972594346481,2021-09,0.07260717466022135
1543875954928694094,2021-08,0.003185488518670893
1543875954928694094,2021-08,0.0031847904152291903
1543875954928694094,2021-08,0.0040328542076784
1543875954928694094,2021-09,0.0026786463296433675
5477900120643078645,2021-08,0.016514382048785307
5477900120643078645,2021-08,0.025163205302255486
5477900120643078645,2021-08,0.024300783909351923
5432443358006556295,2021-08,0.008784195194883255
5462970244186515758,2021-08,0.0044035573750918645
5462970244186515758,2021-08,0.004831809776713335
5462970244186515758,2021-09,0.002803550709439557
5462970244186515758,2021-09,0.0034765821877330355
5462970244186515758,2021-09,0.0035837931260670783
5462970244186515758,2021-09,0.003051452258362767
5462970244186515758,2021-09,0.004280553469025642
665854826624598350,2021-08,0.01442262255288345
665854826624598350,2021-08,0.014322674465396874
665854826624598350,2021-08,0.012029327867458518
665854826624598350,2021-08,0.012121009547599652
665854826624598350,2021-08,0.012121009547599652
665854826624598350,2021-09,0.01923575473223111
665854826624598350,2021-09,0.014263563362953422
1738460583932152602,2021-08,0.3383868787411835
5864443060004179363,2021-08,0.003647341916000482
5864443060004179363,2021-08,0.0040018125133396525
5864443060004179363,2021-09,0.01649950351865434
5864443060004179363,2021-09,0.003261260833622916
5864443060004179363,2021-09,0.002787345357660811
5864443060004179363,2021-09,0.0030049658144016113
5864443060004179363,2021-09,0.003056694213729326
5864443060004179363,2021-09,0.002576262539551238
2508429106201166689,2021-08,0.004200307578450584
2508429106201166689,2021-09,0.003952634018203723
2508429106201166689,2021-09,0.003694034723846003
1272921915900711149,2021-08,0.003576335528835937
1272921915900711149,2021-08,0.004395523421923829
1272921915900711149,2021-09,0.003268594382071178
7719481195372677540,2021-08,0.004574571942163094
7719481195372677540,2021-09,0.00531115465658522
7719481195372677540,2021-09,0.0037306473923968786
1097345589386012260,2021-08,0.006890013050950128
5166128847048245697,2021-08,0.004543358358197991
5166128847048245697,2021-09,0.00763388375255778
5166128847048245697,2021-09,0.0055149263866036795
1192891347324061812,2021-08,0.002609226472599657
1192891347324061812,2021-08,0.0029524449754068636
1192891347324061812,2021-08,0.004906871089255374
1192891347324061812,2021-09,0.0045281600597648
1192891347324061812,2021-09,0.004600602533910985
1192891347324061812,2021-09,0.005340636418890459
1192891347324061812,2021-09,0.005336160316936894
1192891347324061812,2021-09,0.005427800136891041
1192891347324061812,2021-09,0.005281483734258793
1192891347324061812,2021-09,0.002558386575306162
1683619849073499603,2021-08,0.006778327353410897
1683619849073499603,2021-08,0.006999386518837528
1683619849073499603,2021-08,0.008736323159452573
1683619849073499603,2021-08,0.00782620478165547
1683619849073499603,2021-09,0.010248281809148614
1683619849073499603,2021-09,0.007827335290060985
1683619849073499603,2021-09,0.007362723960995443
8195468623809753777,2021-08,0.006160950520299315
8195468623809753777,2021-09,0.002468695694442516
5883155883105348987,2021-08,0.026043220658095882
5883155883105348987,2021-08,0.020000545010394416
5883155883105348987,2021-09,0.7856504858205163
5883155883105348987,2021-09,0.005869002111766092
5883155883105348987,2021-09,0.0052778763462269064
4571290108043699959,2021-08,0.0018117322976135832
4571290108043699959,2021-08,0.0023478276128535785
4571290108043699959,2021-09,0.0020328645141027366
4571290108043699959,2021-09,0.0013059553120702745
4571290108043699959,2021-09,0.0018370695054429503
4571290108043699959,2021-09,0.0011691556390794338
4571290108043699959,2021-09,0.0013809169784869432
4571290108043699959,2021-09,0.0012430783652509548
465309249432033993,2021-08,0.020192126798695795
465309249432033993,2021-08,0.026580236899962285
465309249432033993,2021-08,0.023553681600375256
465309249432033993,2021-08,0.022746594594857176
465309249432033993,2021-08,0.023130280901383294
465309249432033993,2021-09,0.2725226529724718
9206030810342980458,2021-08,0.0027231923702182755
9206030810342980458,2021-08,0.0037601221458902667
9206030810342980458,2021-08,0.0034508527231209337
9206030810342980458,2021-09,0.0031931146659513725
9206030810342980458,2021-09,0.002775398361175974
6330043096034525408,2021-08,0.13403760186520539
6330043096034525408,2021-08,0.13403760186520539
6330043096034525408,2021-08,0.11943163668148529
6330043096034525408,2021-08,0.13032770820593909
6330043096034525408,2021-09,0.349867755057491
6330043096034525408,2021-09,0.09002494149450037
6330043096034525408,2021-09,0.6054562372888023
6330043096034525408,2021-09,0.0934464764368237
6330043096034525408,2021-09,0.09002494149450037
6330043096034525408,2021-09,0.12590618098990355
3724562776372632620,2021-08,0.03768175618889264
3724562776372632620,2021-09,0.038100584297059634
7142043104834932013,2021-08,0.019053601729382863
7142043104834932013,2021-09,0.016276825722822453
6681781879793693802,2021-08,0.00711163403414749
7535160686416710323,2021-08,0.014089799008522998
7535160686416710323,2021-08,0.012309504098422476
7535160686416710323,2021-08,0.013188902876237668
7535160686416710323,2021-09,0.008060917034398088
7770458886439606839,2021-08,0.6872058890476844
7770458886439606839,2021-08,0.7182764874230378
7770458886439606839,2021-08,0.7340518626618074
7770458886439606839,2021-09,0.7919655828787502
7770458886439606839,2021-09,0.9019251353709701
7770458886439606839,2021-09,0.810644612147335
7770458886439606839,2021-09,0.7662716041220318
7770458886439606839,2021-09,0.7628389143227109
7770458886439606839,2021-09,0.7628389143227109
5304536516981778801,2021-08,0.0062036596891198404
5304536516981778801,2021-08,0.004798683256080766
5304536516981778801,2021-08,0.004798683256080766
5304536516981778801,2021-08,0.0028235973082290297
5304536516981778801,2021-09,0.004239669265765329
5304536516981778801,2021-09,0.004573586231365933
5304536516981778801,2021-09,0.003234795137014501
5304536516981778801,2021-09,0.009849076121448754
3279078057358159966,2021-08,0.017201511693274375
3279078057358159966,2021-08,0.01404922792580761
3279078057358159966,2021-09,0.017415708420329933
6337915293429442229,2021-08,0.08692226323703416
7992317448197179816,2021-08,0.017051193094723586
7992317448197179816,2021-08,0.018005451403305738
7992317448197179816,2021-09,0.006919809402414506
710593997981520423,2021-08,0.11306279597300503
5611787644735474299,2021-08,0.0021922237861890983
5611787644735474299,2021-08,0.0024748075036798594
5611787644735474299,2021-08,0.002577308141266889
5611787644735474299,2021-08,0.0024492731182016022
5611787644735474299,2021-08,0.0025008306224600066
5611787644735474299,2021-08,0.0026174732355016446
5611787644735474299,2021-09,0.002780016097683492
5611787644735474299,2021-09,0.0031323576928633384
5611787644735474299,2021-09,0.0028407238414480656
5611787644735474299,2021-09,0.0023977258477761248
5611787644735474299,2021-09,0.0023977258477761248
5611787644735474299,2021-09,0.0023977258477761248
5611787644735474299,2021-09,0.0025235631427283673
5611787644735474299,2021-09,0.0022030545327168267
5611787644735474299,2021-09,0.002482086976169197
3822753345985951756,2021-08,0.016632780062126352
3822753345985951756,2021-08,0.01900573006697802
3822753345985951756,2021-08,0.015868090707336337
3822753345985951756,2021-09,0.011947346595931213
1028630885537616736,2021-08,0.021272421999255386
6217788509719675691,2021-08,0.003648873760436165
6217788509719675691,2021-09,0.006049431590358063
6217788509719675691,2021-09,0.39604528226920077
6217788509719675691,2021-09,0.003771023043321206
6217788509719675691,2021-09,0.003771023043321206
6217788509719675691,2021-09,0.006193827689751196
1827463638348028912,2021-08,0.02184030190001734
3095686599956852697,2021-08,0.008772803179911677
3095686599956852697,2021-08,0.014608629688621836
2951563549197799278,2021-08,0.0030776328841383605
7944852965555666513,2021-08,0.0047951190999260115
7944852965555666513,2021-09,0.005825252118483827
7963861799566207637,2021-08,0.0020864808417025817
7963861799566207637,2021-08,0.001793977451178534
7963861799566207637,2021-09,0.0015258694600560204
7963861799566207637,2021-09,0.0014138101368034285
7963861799566207637,2021-09,0.001888701686934386
2735662700719640627,2021-08,0.028208948956211215
6271697692808086495,2021-08,0.032506485524364255
6271697692808086495,2021-09,0.03130384272078806
6271697692808086495,2021-09,0.027953914120585316
6885171468891031140,2021-08,0.010252198362719537
6885171468891031140,2021-08,0.011908551531525917
6885171468891031140,2021-09,0.008361728011704789
6885171468891031140,2021-09,0.005864733054472361
6754039979151386401,2021-08,0.016720611657033424
8609211777002937758,2021-08,0.002361054097470525
8609211777002937758,2021-08,0.003172664876434566
8609211777002937758,2021-09,0.005998338855854749
1044946691507317745,2021-08,0.015081021382716681
1044946691507317745,2021-08,0.01789644565468132
1044946691507317745,2021-09,0.029302365841435498
1044946691507317745,2021-09,0.03037414995162113
1044946691507317745,2021-09,0.025929015479301376
107343823625119033,2021-08,0.009797866600272803
107343823625119033,2021-09,0.1611377863119313
9052787288251876909,2021-08,0.0037211302756372916
9052787288251876909,2021-09,0.0020767252340295286
8090492548102964782,2021-08,0.15604770624429687
8090492548102964782,2021-09,0.17236487550289728
8196449005061156808,2021-08,0.009293707046294708
8196449005061156808,2021-09,0.008107137410241477
5635781225931111684,2021-08,0.007985480650406147
5635781225931111684,2021-09,0.00799242342025384
5635781225931111684,2021-09,0.010243754977859234
5635781225931111684,2021-09,0.010164053228460411
5635781225931111684,2021-09,0.00906153134687002
4071158585850879204,2021-08,0.02363746496050062
4071158585850879204,2021-09,0.018518048260848328
4071158585850879204,2021-09,0.02370691482392564
4071158585850879204,2021-09,0.021707469726472972
1617695035450525647,2021-08,0.001482084797502645
1617695035450525647,2021-09,0.002109395380148047
1617695035450525647,2021-09,0.007063026994092117
1617695035450525647,2021-09,0.0021321874749773754
1617695035450525647,2021-09,0.006307589707153387
1617695035450525647,2021-09,0.001745221604646404
1617695035450525647,2021-09,0.0018852153911955106
1617695035450525647,2021-09,0.00159139809008387
5986344948775572227,2021-08,0.7142363013093985
1977574645216036803,2021-08,0.7525176915541036
1977574645216036803,2021-09,0.6615502914112695
8918635099296971351,2021-08,0.0482013299035956
2310272650667756227,2021-08,0.8074203884554091
5303720405946805990,2021-08,0.007843728148294551
5303720405946805990,2021-08,0.003639939314281423
5303720405946805990,2021-08,0.0029608274903954327
5303720405946805990,2021-08,0.005833919581990667
5303720405946805990,2021-08,0.00791843866961428
5303720405946805990,2021-09,0.0032060204891427775
2763141362035716801,2021-08,0.003635108953673465
2763141362035716801,2021-09,0.006208737026484222
2763141362035716801,2021-09,0.005057708754088862
3036967290595689189,2021-08,0.004646320632518546
3036967290595689189,2021-08,0.0052142702398288
3036967290595689189,2021-09,0.0034127377642238217
1115703227712697214,2021-08,0.017452523768653402
1115703227712697214,2021-08,0.02195445189836842
1115703227712697214,2021-09,0.016621454233105883
1115703227712697214,2021-09,0.010792877597340223
1115703227712697214,2021-09,0.01269199482891011
7141263195360679278,2021-08,0.022551743733559757
7141263195360679278,2021-08,0.024752923637424665
7141263195360679278,2021-08,0.017395458556412988
6462952350255736003,2021-08,0.00736243675195023
6462952350255736003,2021-08,0.01298187055683494
6462952350255736003,2021-08,0.010088692849420917
6462952350255736003,2021-09,0.012326769162190427
472772897496154354,2021-08,0.01060721486302693
472772897496154354,2021-08,0.011754034091108572
472772897496154354,2021-09,0.01623793848390547
472772897496154354,2021-09,0.013119832950998202
8248484932270772248,2021-08,0.41802602717212817
8895896724713458749,2021-08,0.008382550987229294
8895896724713458749,2021-08,0.008931166997186555
8895896724713458749,2021-08,0.006500578629047522
8895896724713458749,2021-08,0.007868061571451711
8895896724713458749,2021-08,0.00757228187689117
8895896724713458749,2021-09,0.005666298479063044
8895896724713458749,2021-09,0.00463226837072516
8895896724713458749,2021-09,0.005681263341349671
5732713959930509093,2021-08,0.038944993009581784
4365965554261111250,2021-08,0.1490188455439659
4365965554261111250,2021-09,0.27181107564615675
4365965554261111250,2021-09,0.2445194845682512
5430917218683822543,2021-08,0.029876746900558415
5430917218683822543,2021-08,0.03095164603218246
5430917218683822543,2021-09,0.0091142002994803
5430917218683822543,2021-09,0.007476955564742147
717981637594591016,2021-08,0.002219502907449561
717981637594591016,2021-09,0.0012001908120021162
511305041047444825,2021-08,0.04263503244034426
511305041047444825,2021-09,0.4928910470642267
511305041047444825,2021-09,0.044318924246762835
511305041047444825,2021-09,0.04602075071148087
2208316821038817776,2021-08,0.430317109654363
2201150681962815877,2021-08,0.01340799173424678
2201150681962815877,2021-08,0.009381994039569585
2201150681962815877,2021-09,0.014792571186158602
2201150681962815877,2021-09,0.011220483283747992
3480297543931395935,2021-08,0.36155931582004186
3480297543931395935,2021-08,0.36155931582004186
8915958534285799867,2021-08,0.34883974772538023
652740132671309295,2021-08,0.17243202084334305
652740132671309295,2021-09,0.08791898529808802
7595945751692012281,2021-08,0.011378093365213863
7595945751692012281,2021-08,0.03246661981920348
7595945751692012281,2021-09,0.005874363698329575
7468724002190465812,2021-08,0.010180482130301127
3281617395243454427,2021-08,0.046454602188748396
1551531256789550891,2021-08,0.010639647470213317
1551531256789550891,2021-09,0.004816886771460049
8570963260597299378,2021-08,0.002995134462321225
8570963260597299378,2021-09,0.003070265739422535
8570963260597299378,2021-09,0.0030196490375746666
8570963260597299378,2021-09,0.002572158716158433
8570963260597299378,2021-09,0.0028407636130262193
8570963260597299378,2021-09,0.002972988208760703
8570963260597299378,2021-09,0.0035261970643825527
7613717984547031729,2021-08,0.007773396930271846
7613717984547031729,2021-08,0.007964338365404645
7613717984547031729,2021-09,0.006560514263557274
7613717984547031729,2021-09,0.007014210143173772
7613717984547031729,2021-09,0.006038325319569684
7613717984547031729,2021-09,0.006173879068191911
7613717984547031729,2021-09,0.005778570868604373
3258345688897172820,2021-08,0.04329836361201942
3258345688897172820,2021-09,0.13741016351807825
3258345688897172820,2021-09,0.025375163255873284
3258345688897172820,2021-09,0.03091735096011152
843896882208504179,2021-08,0.6539144526545894
7870373680211625064,2021-08,0.09581363467774931
410843023337872279,2021-08,0.9035635012836017
410843023337872279,2021-09,0.40142841928010264
410843023337872279,2021-09,0.01038650832330722
5225029212547588718,2021-08,0.007992884472184311
5225029212547588718,2021-08,0.006875359876249307
5225029212547588718,2021-09,0.009857186228796168
5225029212547588718,2021-09,0.5696472119662913
5225029212547588718,2021-09,0.009704278468530298
5225029212547588718,2021-09,0.0108720784021687
5225029212547588718,2021-09,0.007562116622974084
5225029212547588718,2021-09,0.007562116622974084
7686361238195690925,2021-08,0.0062778585036991795
7686361238195690925,2021-09,0.19845225725936286
873223039957991123,2021-08,0.01493442909116987
873223039957991123,2021-09,0.024923916884716034
3027683745465216663,2021-08,0.021911841503868257
2003221759676247813,2021-08,0.0026279332828199613
2322847438374159400,2021-08,0.0053840223118577345
2322847438374159400,2021-09,0.0035930650799768735
1696462947583294958,2021-08,0.01098410466921497
1696462947583294958,2021-09,0.03690875811573561
6987942592445950913,2021-08,0.004238793406610937
6987942592445950913,2021-08,0.0040777980848922596
6987942592445950913,2021-09,0.00429942166313047
6987942592445950913,2021-09,0.004181811377449631
8854680481766219396,2021-08,0.20509616546855028
8854680481766219396,2021-08,0.19902265027122906
8854680481766219396,2021-08,0.2113138019749462
8854680481766219396,2021-09,0.2583641212885639
2870813069335519467,2021-08,0.09799328705606489
2870813069335519467,2021-09,0.12613900770905515
1000372849175668062,2021-08,0.671528601520295
1000372849175668062,2021-08,0.035301295033887424
7031913170099381454,2021-08,0.042240821555065186
7031913170099381454,2021-09,0.20379094944087228
1106971614386004604,2021-08,0.010751907922556132
3472934456083131714,2021-08,0.006977730182561551
3472934456083131714,2021-08,0.005642957523948081
3472934456083131714,2021-09,0.006684575910142343
2032592272238235730,2021-08,0.008562729400596186
2032592272238235730,2021-09,0.010973808212497521
7637066986811047950,2021-08,0.03678345771629698
7637066986811047950,2021-09,0.012715889717986045
2347028805684088098,2021-08,0.0019270165951919404
2347028805684088098,2021-08,0.0019526015186232097
2347028805684088098,2021-09,0.027103945974614074
2347028805684088098,2021-09,0.0017926063551184463
2347028805684088098,2021-09,0.001971133744632122
2347028805684088098,2021-09,0.0016816316864980193
2347028805684088098,2021-09,0.0017420396014469204
2347028805684088098,2021-09,0.001715560842557093
2347028805684088098,2021-09,0.001767466486672094
2634859679238614382,2021-08,0.0024854090324373467
2634859679238614382,2021-09,0.002346784349929395
2634859679238614382,2021-09,0.0026311650304211513
2634859679238614382,2021-09,0.002505386043415405
2634859679238614382,2021-09,0.002651096504092271
2634859679238614382,2021-09,0.002990474199555139
1661240395903230676,2021-08,0.1393954592615457
1661240395903230676,2021-09,0.11824319096073534
1661240395903230676,2021-09,0.15098235112209352
8748106677402909629,2021-08,0.021568878818149995
4495596792165551705,2021-08,0.03842614815109341
6242636379248496392,2021-08,0.006539593852336203
6242636379248496392,2021-08,0.005977650138559255
6242636379248496392,2021-08,0.0056381535073953175
6242636379248496392,2021-09,0.007814653132331208
6242636379248496392,2021-09,0.004834977111213662
2535803443850893368,2021-08,0.053582603856869825
7529137091657891207,2021-08,0.208415061715275
5136739522477907100,2021-08,0.028812548148669084
5136739522477907100,2021-08,0.043442114473150634
5136739522477907100,2021-09,0.013777527285093828
5274777191770957761,2021-08,0.8191882101709222
5274777191770957761,2021-09,0.9174972542539757
5274777191770957761,2021-09,0.7541665716292975
5091704914816802802,2021-08,0.22421547320615015
8919892162361650175,2021-08,0.4687887167403251
8919892162361650175,2021-09,0.561403362939973
8919892162361650175,2021-09,0.5027716926764155
6547872039250784411,2021-08,0.8978294506371559
4465150716052427320,2021-08,0.0072031070497551065
4465150716052427320,2021-09,0.7737378578701846
4465150716052427320,2021-09,0.01172690899198648
4465150716052427320,2021-09,0.019518414768546693
4465150716052427320,2021-09,0.006410280458146818
4465150716052427320,2021-09,0.007050493891546395
4465150716052427320,2021-09,0.008721755431573946
4465150716052427320,2021-09,0.01330432972544922
4183921942053157552,2021-08,0.02039715400977869
4183921942053157552,2021-09,0.0255482194232038
4183921942053157552,2021-09,0.01832617086151749
963687627963462983,2021-08,0.0025719446338444284
2778852475840838977,2021-08,0.17380585701054016
8041261093764417881,2021-08,0.0022142083340714897
3538481420098344176,2021-08,0.8398013798152416
8174633018998080168,2021-08,0.0750117933175748
39547025441582855,2021-08,0.013983574401285805
39547025441582855,2021-09,0.03382272101143385
8901696535927078963,2021-08,0.008360888413891387
8901696535927078963,2021-09,0.0076697288486003625
8901696535927078963,2021-09,0.0076697288486003625
8901696535927078963,2021-09,0.00782669680627195
8901696535927078963,2021-09,0.0076697288486003625
8901696535927078963,2021-09,0.004932408136094844
6367769402148499693,2021-08,0.008953632575085657
6367769402148499693,2021-09,0.005403425884506466
8503092146854371576,2021-08,0.0010524084124702018
8503092146854371576,2021-09,0.0012372127706768948
8512214463586144353,2021-08,0.00563316231975254
8512214463586144353,2021-09,0.008298017497015942
8512214463586144353,2021-09,0.005874536124961427
8512214463586144353,2021-09,0.003788278685634237
9175443729335908760,2021-08,0.28319568575714005
3632378524835692731,2021-08,0.0037146483940761906
4018182555897034052,2021-08,0.008197816226162093
4018182555897034052,2021-08,0.007222703450653929
4018182555897034052,2021-09,0.006604874831859875
4018182555897034052,2021-09,0.06812678364230018
6394935036014530592,2021-08,0.030010074823187325
6394935036014530592,2021-09,0.036227137825268256
5078307295214858596,2021-08,0.029814095734487553
903093877129717133,2021-08,0.0020876236679741532
903093877129717133,2021-08,0.0022545142095658317
903093877129717133,2021-08,0.002361208185598479
903093877129717133,2021-08,0.0022386215273611895
903093877129717133,2021-09,0.002312265711333991
903093877129717133,2021-09,0.001943623553192495
903093877129717133,2021-09,0.0019033201450801298
903093877129717133,2021-09,0.0021863109934868877
5042877476420217533,2021-08,0.01800145217638348
5042877476420217533,2021-08,0.010766295815702095
5042877476420217533,2021-09,0.01487843762467424
2006188298374001315,2021-08,0.05113443828040551
2006188298374001315,2021-09,0.03111319983801733
2006188298374001315,2021-09,0.0334263012888318
6926309382371178621,2021-08,0.006497616839916155
5689766561863956319,2021-08,0.021258068405920736
5689766561863956319,2021-08,0.015311567598876264
5689766561863956319,2021-09,0.014042625860560067
5689766561863956319,2021-09,0.012530672112045565
2773493808492482979,2021-08,0.004574206957270724
2773493808492482979,2021-09,0.0036888056924465557
6731795019313479942,2021-08,0.002014136895448912
7451017400765373278,2021-08,0.0101382494983687
7451017400765373278,2021-09,0.007806091753957971
3357976326879346012,2021-08,0.1870441555679626
3357976326879346012,2021-09,0.23077423125975804
3357976326879346012,2021-09,0.2146902690802706
6722781660631652440,2021-08,0.016717635287148886
6056959220685085102,2021-08,0.06851889701041373
3281818438120834833,2021-08,0.004501527197051464
3281818438120834833,2021-09,0.00178261463879576
6055278873962623670,2021-08,0.01572413092948088
6055278873962623670,2021-08,0.012849772754639053
8374461419511631785,2021-08,0.026626637097261683
8374461419511631785,2021-09,0.025240776960170453
8374461419511631785,2021-09,0.02464065677253064
5301988619224057921,2021-08,0.8700910311299779
5301988619224057921,2021-09,0.8398477773136687
5301988619224057921,2021-09,0.8408770713254897
5301988619224057921,2021-09,0.9540150798551008
5301988619224057921,2021-09,0.9529238728743762
5301988619224057921,2021-09,0.8257845670307596
5301988619224057921,2021-09,0.8257845670307596
1235244772550233980,2021-08,0.005534059869122691
1235244772550233980,2021-08,0.004715668663732365
1235244772550233980,2021-09,0.005347208401027952
1235244772550233980,2021-09,0.00490859243544478
2780030912070252968,2021-08,0.32859328508638036
4090195792518021727,2021-08,0.019067104144965902
1778014915038250584,2021-08,0.08038538415632655
1778014915038250584,2021-09,0.06427855813688298
2658946240987854807,2021-08,0.005993746626295027
2658946240987854807,2021-08,0.00582788061874232
2658946240987854807,2021-09,0.011268436891125912
2658946240987854807,2021-09,0.010315328210152727
4566920105008626302,2021-08,0.049910325876576615
7628167057144760589,2021-08,0.011704809299909434
7628167057144760589,2021-09,0.008386296362109656
7628167057144760589,2021-09,0.008635190927388492
5893903674205161232,2021-08,0.021839303514580126
4769364850030443969,2021-08,0.029433867992692365
3682570285558758138,2021-08,0.06549030149108828
6950439982480713649,2021-08,0.2888280813370511
6950439982480713649,2021-09,0.06940076558727352
6950439982480713649,2021-09,0.06222644203939771
6784879562354696650,2021-08,0.029094727527685698
6784879562354696650,2021-09,0.010312225836046582
6784879562354696650,2021-09,0.006686783419176871
6784879562354696650,2021-09,0.010510761525434559
8464769152264029983,2021-08,0.05631199530868534
5735794880899687600,2021-08,0.010516911819286491
5735794880899687600,2021-09,0.014228479559997089
5735794880899687600,2021-09,0.014228479559997089
6545052034269841737,2021-08,0.014239454383377939
6545052034269841737,2021-09,0.01180764739663647
6545052034269841737,2021-09,0.01180764739663647
6545052034269841737,2021-09,0.45105203776312497
4762256864594914240,2021-08,0.023586720374966834
4762256864594914240,2021-09,0.013416910165276472
4762256864594914240,2021-09,0.005871224605867663
4762256864594914240,2021-09,0.012643762708246976
6865071386683133124,2021-08,0.04655762480031116
7105441534376526569,2021-08,0.46964979547127267
1574054842704135993,2021-08,0.016913218061307064
2335982750277990437,2021-08,0.15084220179970706
2335982750277990437,2021-09,0.1394474988893964
5511113649464808344,2021-08,0.44304040441505715
8400764778654490278,2021-08,0.12237079917971123
8400764778654490278,2021-09,0.061993277573616515
8400764778654490278,2021-09,0.24137492542024958
8400764778654490278,2021-09,0.06794143545580116
6546850858912852316,2021-08,0.9515408065333671
6546850858912852316,2021-08,0.5850184288414217
6546850858912852316,2021-09,0.42508291215030325
2432667449154431819,2021-08,0.8005873629044826
2432667449154431819,2021-09,0.7560276615973341
1368430815953333691,2021-08,0.13245861814065757
4717593620120611957,2021-08,0.006098813039933711
4717593620120611957,2021-09,0.0029536182177786704
15070048310374146,2021-08,0.0611240684280858
15070048310374146,2021-08,0.0611240684280858
15070048310374146,2021-09,0.07601519475328092
3668905663669864663,2021-08,0.011248461098701734
3668905663669864663,2021-09,0.009610711389387492
180672270337706285,2021-08,0.6403454250316829
4532469127306079736,2021-08,0.0036510409829028203
4532469127306079736,2021-09,0.29905864284858663
4532469127306079736,2021-09,0.003101320024214123
4532469127306079736,2021-09,0.0035655357531306072
9060693308980292489,2021-08,0.23684567856891842
9127318190908282126,2021-08,0.003391197011340327
4296149971687628223,2021-08,0.07450153130637886
4342146186255136598,2021-08,0.0034528445491202615
4342146186255136598,2021-09,0.0036298540969586838
4342146186255136598,2021-09,0.0033406780505187135
3095408468798675621,2021-08,0.0028227688095173627
3095408468798675621,2021-09,0.004445882191560102
3095408468798675621,2021-09,0.005002170359765955
8083157716178259762,2021-09,0.004711999964029023
3713742318997880410,2021-09,0.01340838163069733
3713742318997880410,2021-09,0.007836935023646125
1044568737046072781,2021-09,0.06575425380079362
1044568737046072781,2021-09,0.031943097639330176
798425422240919854,2021-09,0.00647656154952043
798425422240919854,2021-09,0.005946673308973088
798425422240919854,2021-09,0.004098302048270985
5369576709077493659,2021-09,0.01925025438752603
5369576709077493659,2021-09,0.018016310693933748
5369576709077493659,2021-09,0.015227527552977028
984915269987074754,2021-09,0.0027236827968069345
984915269987074754,2021-09,0.0022086641314540125
984915269987074754,2021-09,0.11232647242758789
984915269987074754,2021-09,0.0027236827968069345
984915269987074754,2021-09,0.001954407205378529
2678966409665050034,2021-09,0.005350729071997006
2678966409665050034,2021-09,0.005015275110797593
2678966409665050034,2021-09,0.004828126916904961
2678966409665050034,2021-09,0.006667886845362255
4898797487317475277,2021-09,0.04463474634612552
4898797487317475277,2021-09,0.046868548030450895
6547707428090179960,2021-09,0.019045207310549928
6547707428090179960,2021-09,0.01895662030923828
6547707428090179960,2021-09,0.01727225811709832
8859064595603380512,2021-09,0.013016939276367039
1234611356650812259,2021-09,0.0281693245970317
4334472256949955221,2021-09,0.014569346685932577
4334472256949955221,2021-09,0.009907277447202495
2900002014851776114,2021-09,0.4712353300884013
6368582840625614207,2021-09,0.011799222348888343
4993499380140734678,2021-09,0.003311590127203694
4993499380140734678,2021-09,0.0031181652398234393
4993499380140734678,2021-09,0.002953618357214678
4993499380140734678,2021-09,0.002981344603007046
18719614953021044,2021-09,0.1340473432963476
3228830386980584958,2021-09,0.004958008746167727
3228830386980584958,2021-09,0.004635339626885835
5263285038415073073,2021-09,0.3503480375254488
5263285038415073073,2021-09,0.32110071570664944
5263285038415073073,2021-09,0.3044190393889314
3137879241768961145,2021-09,0.0022903251221380776
3137879241768961145,2021-09,0.0021180528403021855
4714214581184951490,2021-09,0.006732170540666248
4714214581184951490,2021-09,0.004042166937824415
4714214581184951490,2021-09,0.0036492274222873597
4781265535199914934,2021-09,0.044324111350465774
4781265535199914934,2021-09,0.86805509883156
4781265535199914934,2021-09,0.8700382575253798
4919908458022265747,2021-09,0.00855593077391466
4919908458022265747,2021-09,0.00706768272986809
6198047969028248384,2021-09,0.0030390149572827865
6198047969028248384,2021-09,0.003418473916973652
5860276371789140450,2021-09,0.096266726408375
5791518044186095039,2021-09,0.002550706160993986
5791518044186095039,2021-09,0.0023468221933561494
4061297388883391410,2021-09,0.007549062254504723
2814790209436551216,2021-09,0.012628820286799087
2814790209436551216,2021-09,0.015939613882507423
2106875407768047316,2021-09,0.009046033646577105
1192810733461560329,2021-09,0.0015024996297693673
1192810733461560329,2021-09,0.0014817714830436786
1192810733461560329,2021-09,0.0014817714830436786
1192810733461560329,2021-09,0.0017631114629780924
1192810733461560329,2021-09,0.0017877681609881947
1192810733461560329,2021-09,0.0013916731166810112
5540361570968095722,2021-09,0.007380161652119132
8548612698724688238,2021-09,0.020165801388844443
2455576782104041698,2021-09,0.040239211673883515
2455576782104041698,2021-09,0.01855475329749985
3421433989501830226,2021-09,0.052915259282762445
3421433989501830226,2021-09,0.04325355307443811
2233850024349336054,2021-09,0.08124048325027948
1088521227159442264,2021-09,0.00942850236404187
1088521227159442264,2021-09,0.010383145939842821
1088521227159442264,2021-09,0.006704359792588915
1088521227159442264,2021-09,0.00584143194299255
1088521227159442264,2021-09,0.005147200881956735
1088521227159442264,2021-09,0.026347905000349885
1002362614649347438,2021-09,0.18318289045920844
1002362614649347438,2021-09,0.17479699030345766
6284433051333854194,2021-09,0.0045892078346274736
8828303152301461681,2021-09,0.023392561215166096
8828303152301461681,2021-09,0.029567778295758126
6927178425683104769,2021-09,0.004179969463635589
6927178425683104769,2021-09,0.0043272664340981756
6927178425683104769,2021-09,0.004608171114569489
7182085930008391174,2021-09,0.027262747871838498
7182085930008391174,2021-09,0.020358102147571607
7182085930008391174,2021-09,0.019845251209503128
8398000036517692656,2021-09,0.2057944745647369
4972567100282306577,2021-09,0.008251364967811856
4972567100282306577,2021-09,0.008043799637682597
4972567100282306577,2021-09,0.01150447453597848
8750634267020436314,2021-09,0.3720734202444685
3275327267689584006,2021-09,0.7626511205579712
3275327267689584006,2021-09,0.9321142561663562
255928150711119413,2021-09,0.6675985518269177
4995679129936981612,2021-09,0.26796906071706733
4995679129936981612,2021-09,0.22903224181658172
7664272163315705419,2021-09,0.009651071831082164
7664272163315705419,2021-09,0.006889776530516375
1611146298923153842,2021-09,0.1694866034517598
1611146298923153842,2021-09,0.06761260984218438
8961924617442201922,2021-09,0.0036762838293485393
8961924617442201922,2021-09,0.11574353925815438
8961924617442201922,2021-09,0.002072448486361361
7671566034617837932,2021-09,0.010109049297146568
7671566034617837932,2021-09,0.010236414422260014
6643358471662528195,2021-09,0.0015456349828728972
1698828605814171242,2021-09,0.006512865490337196
1698828605814171242,2021-09,0.006589913447592256
1182975716201409626,2021-09,0.01382814734666896
1182975716201409626,2021-09,0.012886733942964093
1182975716201409626,2021-09,0.011922331673829984
6871485876456523363,2021-09,0.02274358463629185
2549266739079962864,2021-09,0.7886830467479581
4537982850248578883,2021-09,0.007645226457009041
4537982850248578883,2021-09,0.009168316672221625
4537982850248578883,2021-09,0.006290914884712908
4537982850248578883,2021-09,0.007424473958074941
5694881483989656694,2021-09,0.23904303238339233
1788369195969129749,2021-09,0.006766373614929853
1788369195969129749,2021-09,0.06879453590081842
4235078665660987689,2021-09,0.008008860241556831
4235078665660987689,2021-09,0.005702962085688616
86110062990790869,2021-09,0.6422097621033918
86110062990790869,2021-09,0.05199650759650718
86110062990790869,2021-09,0.0591820220307824
2805743565496207618,2021-09,0.1089609066327842
2805743565496207618,2021-09,0.018261767998590826
4395946187332973749,2021-09,0.002948122919186197
7920896580423665241,2021-09,0.008962637441382081
7920896580423665241,2021-09,0.13717061733527922
7920896580423665241,2021-09,0.009926023294762977
5271591321704178730,2021-09,0.33890136539430066
5271591321704178730,2021-09,0.004018163591937326
8680213253228719510,2021-09,0.01657726597730077
3832944730982767714,2021-09,0.03145151881523096
7231408738455755015,2021-09,0.978303269245658
7231408738455755015,2021-09,0.9686354236979571
4537268360654655629,2021-09,0.19917185467866194
3888528635045328222,2021-09,0.8010431175903849
3888528635045328222,2021-09,0.0655416005727147
8552039412779393821,2021-09,0.04064179449439573
3970572142453508637,2021-09,0.8155688592080397
7367321179169390502,2021-09,0.7703896044986824
2380458252615213706,2021-09,0.320090838557086
2380458252615213706,2021-09,0.320090838557086
2380458252615213706,2021-09,0.2754758006527876
5055200744384119654,2021-09,0.05351307806262262
4858887739802767402,2021-09,0.04372500415529559
2772135008486239291,2021-09,0.37621648059144014
6617479989097680138,2021-09,0.6034372561308669
6617479989097680138,2021-09,0.05938350391873031
1668564607105585557,2021-09,0.6834404325264293
345033315379741874,2021-09,0.04546766390979185
1423952977138155129,2021-09,0.015321849697927494
1423952977138155129,2021-09,0.015015405931190797
1637960623843047520,2021-09,0.3178372878037422
1637960623843047520,2021-09,0.293128441390816
1637960623843047520,2021-09,0.3162273726635195
7444686668183702737,2021-09,0.0022254823009895453
7444686668183702737,2021-09,0.002120492057823783
7444686668183702737,2021-09,0.0019916604760951816
510795635145114083,2021-09,0.03950085569110253
510795635145114083,2021-09,0.03950895981290423
510795635145114083,2021-09,0.043353485088677916
510795635145114083,2021-09,0.04621208362583162
904857901361577913,2021-09,0.0747466189902359
7692335720341018458,2021-09,0.006861829167640856
1507697130807703164,2021-09,0.005657808446655062
1507697130807703164,2021-09,0.005404373103082632
1507697130807703164,2021-09,0.0038695140750055895
8706851346184249504,2021-09,0.0025206556652547897
9099218788416728596,2021-09,0.958160152072007
3605652314611460806,2021-09,0.014910006153585249
5058298901476893676,2021-09,0.004730032627443636
3555655653190753786,2021-09,0.7713766178646787
4392369075438855735,2021-09,0.09793449325066059
4392369075438855735,2021-09,0.1867739953227561
8255085612985072878,2021-09,0.003094104696991801
8255085612985072878,2021-09,0.003173157202009052
8255085612985072878,2021-09,0.003201627246685143
8255085612985072878,2021-09,0.003201627246685143
8255085612985072878,2021-09,0.003075218764931417
1741049493106216406,2021-09,0.375627652533181
5562543665139612149,2021-09,0.012284482694781048
5562543665139612149,2021-09,0.018699349044069332
7200509200540839533,2021-09,0.044382312163590405
5503391736465275980,2021-09,0.008442718335953184
4662079815415471798,2021-09,0.3573632358690218
5931905128207886847,2021-09,0.17511513887109556
5795100045494475994,2021-09,0.040809891973174056
5503073374822479037,2021-09,0.043553956555899186
5503073374822479037,2021-09,0.5972283571475754
5503073374822479037,2021-09,0.05235255606839746
7750874287225529604,2021-09,0.004091441863389205
93982185886107798,2021-09,0.012422469758108552
93982185886107798,2021-09,0.011950881482638686
968400235888951633,2021-09,0.0022369014079208402
7816319470107777265,2021-09,0.038237953959062605
7816319470107777265,2021-09,0.05316522351719933
3283662016127058429,2021-09,0.004339383620279992
7815839878620843192,2021-09,0.40474439719149746
8385636129786687263,2021-09,0.014799627514048114
9016049685460415544,2021-09,0.3519575212540641
1334091158016312155,2021-09,0.046615848669602826
4165983075385227812,2021-09,0.007965067357809143
4165983075385227812,2021-09,0.02199335922956497
4817816966382229074,2021-09,0.007397659306218007
4817816966382229074,2021-09,0.010093610012093121
4817816966382229074,2021-09,0.007865112161107583
7120090169052575663,2021-09,0.005024903135429774
7120090169052575663,2021-09,0.006370575232593165
7120090169052575663,2021-09,0.006370575232593165
5162621729453966204,2021-09,0.11739699795314673
1059336566956767188,2021-09,0.01587515517787125
4284129442855564250,2021-09,0.030135503245312056
5376084855227654309,2021-09,0.20390073372363698
5376084855227654309,2021-09,0.1848640948573696
7171835894416689226,2021-09,0.02072737229435923
234898976850399181,2021-09,0.013397336872033426
5448628641564935127,2021-09,0.013777328547671453
4043546053926060305,2021-09,0.7559015453118819
4541506527938763361,2021-09,0.15456496146826995
4541506527938763361,2021-09,0.1486524070669736
1874387298050692165,2021-09,0.005242742159925249
2119292203323657032,2021-09,0.008559525292999018
2119292203323657032,2021-09,0.0036492340072595297
8724731934863284019,2021-09,0.021793100307893384
8724731934863284019,2021-09,0.021793100307893384
7246466789138290692,2021-09,0.04263283767351995
3812760626052898456,2021-09,0.0022883236547387126
5198904647759787695,2021-09,0.062107202449360986
8511588642284189303,2021-09,0.05503054537709525
7462607259426026440,2021-09,0.02720692769928331
3022528659032597047,2021-09,0.0169571432106274
3022528659032597047,2021-09,0.03145696371532448
4228701400180066884,2021-09,0.9020130392283653
3915426102465954493,2021-09,0.0020534698152473324
1040994770557588198,2021-09,0.41104818014428746
8313765100460016738,2021-09,0.3140786693713449
6134696632487351445,2021-09,0.0036515558735581645
6134696632487351445,2021-09,0.002842306319539252
7215053254854713098,2021-09,0.002843828754470829
4614484019183480654,2021-09,0.0036947288841576854
3183208564139585182,2021-09,0.9460071267883152
6532139198609901627,2021-09,0.002307114513175771
5706551050445880395,2021-09,0.42638918789068253
493667100055938118,2021-09,0.8330885514869536
4351694415353093046,2021-09,0.5570258376799525
5993765508162121762,2021-09,0.03910884057221936
3698481516392183789,2021-09,0.01687951857302247
665505091521986356,2021-09,0.0021598476738657786
4559400286159883576,2021-09,0.07904465789793902
7236776406341522879,2021-09,0.006162342001298291
1414132620714431952,2021-09,0.343900647999205
5255460548789019114,2021-09,0.006962654832643955
4095739077267179172,2021-09,0.663101809593587
2988042199057874759,2021-09,0.014262854017199235
1462395707491634845,2021-09,0.7964255397118334
6721448955097663572,2021-09,0.009177375593967
6721448955097663572,2021-09,0.009330226968844875
4052557282157719526,2021-09,0.011838781875901297
8684964138237894839,2021-09,0.049636450631200674
4189705495607963592,2021-09,0.12893057510350636
3592461881055047578,2021-09,0.2897859657029495
2307201111381758912,2021-09,0.01898474505283667
5547032541615425352,2021-09,0.014364703462429861
7779268298304613772,2021-09,0.004939442958819257
5574997762710520717,2021-09,0.010283172104022494
7754936094607992857,2021-09,0.02708839617438134
8829286411654484379,2021-09,0.09469348982530056
6012031176108922616,2021-09,0.0070998766484559675
8245393384938410770,2021-09,0.0038826004954820065
4660230701075746534,2021-09,0.716660814017409
6352592240901579272,2021-09,0.0063331685542328715
7060969657673447359,2021-09,0.17091917144175453
4512887927067894301,2021-09,0.029529099401628296
1467843186411742274,2021-09,0.01293626178335987
4937566934664053767,2021-09,0.21389961004033636
3386019519917828299,2021-09,0.005491727079821976
4187591029730357479,2021-09,0.013526957990064375
6999154286942764669,2021-09,0.7456786327786665
6999154286942764669,2021-09,0.7456786327786665
7662578945735335954,2021-09,0.37802715485786914
2493305884832539159,2021-09,0.057565620026256925
3592639146446725280,2021-09,0.2299438420346011
5758033363847724111,2021-09,0.0015738428051946135
5558533999208199371,2021-09,0.7548536913801356
4950871361132426979,2021-09,0.06151758988675848
1717812527056208209,2021-09,0.18813014142537116
1396078312562623766,2021-09,0.1000997657288744
1951407691087813358,2021-09,0.004064952301736436
8536031856585966123,2021-09,0.007992260399652854
2444743522510084109,2021-09,0.027104559438217383
4641659186059167709,2021-09,0.03932137150124835
4850722092974676955,2021-09,0.006834257686556052
4850722092974676955,2021-09,0.008425344691886359
4850722092974676955,2021-09,0.008777021943730885
4850722092974676955,2021-10,0.00558263043762122
4850722092974676955,2021-10,0.0038041845272769477
8409181491723988567,2021-09,0.005928031702095128
8409181491723988567,2021-09,0.004618888995415286
8409181491723988567,2021-10,0.21782337956817027
8409181491723988567,2021-10,0.005064220903398222
1329553496073467331,2021-09,0.018590585935991912
1329553496073467331,2021-10,0.00947557335600474
6615694774618628402,2021-09,0.08886472731564732
6615694774618628402,2021-09,0.06702750222957637
6615694774618628402,2021-09,0.0800942718761942
6615694774618628402,2021-09,0.07253271789349788
8829286411654484379,2021-09,0.0556094557809352
6964108750473070287,2021-09,0.005919173888651851
6964108750473070287,2021-09,0.006131561703106173
6964108750473070287,2021-09,0.008974786278743657
6964108750473070287,2021-09,0.10560837405342827
6964108750473070287,2021-09,0.003627148951063815
6964108750473070287,2021-09,0.0035976553700244793
6964108750473070287,2021-09,0.0033521868645999676
6964108750473070287,2021-09,0.0033521868645999676
6964108750473070287,2021-09,0.003032947640414671
6964108750473070287,2021-09,0.003032947640414671
6964108750473070287,2021-09,0.0035688590705274755
6964108750473070287,2021-09,0.006202028284795281
6964108750473070287,2021-09,0.00931719598565654
6964108750473070287,2021-09,0.004935786137345415
6964108750473070287,2021-09,0.003570352931083677
6964108750473070287,2021-09,0.006183919288561879
6964108750473070287,2021-09,0.004492169578434245
6964108750473070287,2021-09,0.006183919288561879
6964108750473070287,2021-09,0.006183919288561879
6964108750473070287,2021-10,0.007103233879432666
6964108750473070287,2021-10,0.006604267557490297
6964108750473070287,2021-10,0.007103233879432666
6964108750473070287,2021-10,0.006455690039883178
6964108750473070287,2021-10,0.0058833204180228854
6964108750473070287,2021-10,0.0058833204180228854
6964108750473070287,2021-10,0.010042268491788013
6964108750473070287,2021-10,0.009785845941425427
6964108750473070287,2021-10,0.0061659885349402135
6964108750473070287,2021-10,0.005732478859311187
6964108750473070287,2021-10,0.004988022197183899
6964108750473070287,2021-10,0.004988022197183899
6964108750473070287,2021-10,0.008519503389896484
6964108750473070287,2021-10,0.004988022197183899
6964108750473070287,2021-10,0.006154458871643676
6964108750473070287,2021-10,0.005721755140518212
6964108750473070287,2021-10,0.005546099764607721
6964108750473070287,2021-10,0.005546099764607721
6964108750473070287,2021-10,0.0059655993827238555
6964108750473070287,2021-10,0.005662188780526738
6964108750473070287,2021-10,0.006373315684724462
6964108750473070287,2021-10,0.00680218528535779
6964108750473070287,2021-10,0.006531288798417429
6964108750473070287,2021-10,0.01117660627338844
6964108750473070287,2021-10,0.012310964639014398
6964108750473070287,2021-10,0.012310964639014398
6964108750473070287,2021-10,0.012310964639014398
3960251564708868781,2021-09,0.03097091753252523
3960251564708868781,2021-09,0.027554370465149386
3960251564708868781,2021-09,0.041962419561964115
3960251564708868781,2021-10,0.026781018361561246
1000372849175668062,2021-09,0.030568759352948782
1000372849175668062,2021-10,0.045018914302197004
1000372849175668062,2021-10,0.04147235710087406
1308019675417057675,2021-09,0.01583320262889754
1308019675417057675,2021-09,0.008260951238847073
1308019675417057675,2021-10,0.00821963817635921
1308019675417057675,2021-10,0.00444360489964052
1308019675417057675,2021-10,0.004525311574769181
4714214581184951490,2021-09,0.0039011025925375013
4714214581184951490,2021-09,0.0035295801940568123
4714214581184951490,2021-09,0.006551517230847776
4714214581184951490,2021-10,0.010753853692661785
2634859679238614382,2021-09,0.0018542242771576686
2634859679238614382,2021-09,0.001741037404422549
2634859679238614382,2021-09,0.0019166102456896436
2634859679238614382,2021-09,0.0019166102456896436
2634859679238614382,2021-09,0.0025741070383885688
2634859679238614382,2021-10,0.003665357963082959
2634859679238614382,2021-10,0.0027957406152491486
459290606780222306,2021-09,0.0071372303150008965
459290606780222306,2021-09,0.0071372303150008965
459290606780222306,2021-09,0.008985664440611132
459290606780222306,2021-09,0.006508671417944949
459290606780222306,2021-09,0.007401750230851019
459290606780222306,2021-09,0.007634886180542488
459290606780222306,2021-09,0.009100373117215984
459290606780222306,2021-09,0.008409223242231628
459290606780222306,2021-09,0.00837611422395052
459290606780222306,2021-10,0.0038864614909662762
459290606780222306,2021-10,0.004015446898815307
459290606780222306,2021-10,0.004440916660612093
459290606780222306,2021-10,0.004075975600155288
459290606780222306,2021-10,0.005363601438856444
459290606780222306,2021-10,0.004110638247709001
7708030042671632236,2021-09,0.00393478788297959
7708030042671632236,2021-09,0.007693747220365779
6145308913889808258,2021-09,0.13187878650394874
6145308913889808258,2021-09,0.24953597948070488
3137879241768961145,2021-09,0.0033954420699795103
3137879241768961145,2021-09,0.0027113641071125614
3137879241768961145,2021-10,0.0022627742753399127
8919892162361650175,2021-09,0.5027716926764155
8919892162361650175,2021-09,0.5020904464838901
8919892162361650175,2021-10,0.5245287591889213
8919892162361650175,2021-10,0.5481191204954853
8919892162361650175,2021-10,0.5332645209576313
8919892162361650175,2021-10,0.5364574376441184
7141263195360679278,2021-09,0.03803830747977954
7141263195360679278,2021-09,0.02438060307530333
7141263195360679278,2021-09,0.0407342149449949
7141263195360679278,2021-09,0.030937135201725693
7141263195360679278,2021-10,0.02829499565810566
7141263195360679278,2021-10,0.028327845478781692
3285246914299291124,2021-09,0.0035519511184254264
3285246914299291124,2021-09,0.004104672796002911
3285246914299291124,2021-09,0.004430209593079739
3285246914299291124,2021-09,0.0052465230539501
3285246914299291124,2021-09,0.00537039571587597
3285246914299291124,2021-10,0.004205551287460348
3285246914299291124,2021-10,0.004135347691629021
7910340581026492945,2021-09,0.004373427817026322
7910340581026492945,2021-10,0.0034695734493329746
7910340581026492945,2021-10,0.003612173717668321
7910340581026492945,2021-10,0.0035230840233789833
7268895973869107930,2021-09,0.0037605761250296093
7268895973869107930,2021-09,0.0037605761250296093
7268895973869107930,2021-09,0.004127272149670397
7268895973869107930,2021-09,0.004726499380122427
7268895973869107930,2021-09,0.005115470381978908
7268895973869107930,2021-10,0.007123234457787812
7268895973869107930,2021-10,0.008047226747204178
7268895973869107930,2021-10,0.002993320879030254
274692171162531764,2021-09,0.057445248007453556
274692171162531764,2021-09,0.08288246343356397
274692171162531764,2021-09,0.07119119822924362
274692171162531764,2021-09,0.07404160415574641
274692171162531764,2021-09,0.05668812409218732
274692171162531764,2021-10,0.07978502846442763
274692171162531764,2021-10,0.09412483936393391
274692171162531764,2021-10,0.08652463060892476
274692171162531764,2021-10,0.10244834167957194
274692171162531764,2021-10,0.12623382029176355
7686361238195690925,2021-09,0.004312573331248622
7686361238195690925,2021-10,0.007432540633871994
7686361238195690925,2021-10,0.21774644683401378
7686361238195690925,2021-10,0.007420212673231735
7686361238195690925,2021-10,0.007450071585847568
5888474320320735000,2021-09,0.9435090653914374
5888474320320735000,2021-09,0.949374226837926
5888474320320735000,2021-09,0.948432656449447
5888474320320735000,2021-09,0.9489528120598006
5888474320320735000,2021-10,0.9497104638768369
5888474320320735000,2021-10,0.9501201511643637
5888474320320735000,2021-10,0.9468101967687446
4045739494965095560,2021-09,0.006499902713444858
4045739494965095560,2021-09,0.005601916839715424
4045739494965095560,2021-09,0.005939808455331091
4045739494965095560,2021-09,0.005206087770092908
4045739494965095560,2021-09,0.004550689335577683
4045739494965095560,2021-09,0.004896932473268524
4045739494965095560,2021-09,0.004896932473268524
4045739494965095560,2021-09,0.006283920934474382
4045739494965095560,2021-09,0.0057423301777655145
4045739494965095560,2021-09,0.0057423301777655145
4045739494965095560,2021-09,0.008189991112064247
4045739494965095560,2021-09,0.008621253859345802
4045739494965095560,2021-09,0.008439068718166512
4045739494965095560,2021-09,0.008615623189808654
4045739494965095560,2021-10,0.005551164195351594
4045739494965095560,2021-10,0.006096115914897426
4045739494965095560,2021-10,0.005168876352871309
4045739494965095560,2021-10,0.0058721796486006774
4045739494965095560,2021-10,0.005618041823503145
4045739494965095560,2021-10,0.005458494960611737
4045739494965095560,2021-10,0.004929410891702929
4045739494965095560,2021-10,0.004919513836433113
8926565682509268383,2021-09,0.007956311679110074
8926565682509268383,2021-09,0.008056701445447626
8926565682509268383,2021-09,0.01240330366668263
8926565682509268383,2021-09,0.009379241566416186
8926565682509268383,2021-09,0.008302514208263582
8926565682509268383,2021-10,0.010763641079626858
8926565682509268383,2021-10,0.009172752450503665
8926565682509268383,2021-10,0.010928428765965623
8926565682509268383,2021-10,0.011294514461846362
8926565682509268383,2021-10,0.011606506468599828
8926565682509268383,2021-10,0.011413054668095344
8926565682509268383,2021-10,0.009767016829289769
8926565682509268383,2021-10,0.009269777149006649
6858769421191999702,2021-09,0.0066729038428806325
6858769421191999702,2021-09,0.005989236263028156
6858769421191999702,2021-09,0.006373664091685837
6858769421191999702,2021-09,0.007791186455646256
6858769421191999702,2021-09,0.008706485335582902
3382624494518753363,2021-09,0.058877274390127105
3382624494518753363,2021-09,0.7307798771913314
3382624494518753363,2021-09,0.10686341497417207
3382624494518753363,2021-09,0.10853920069367887
3382624494518753363,2021-09,0.10235097141225666
8213533889694327948,2021-09,0.002943560179043778
8213533889694327948,2021-09,0.003266207001159575
8213533889694327948,2021-09,0.003175770745884767
8213533889694327948,2021-09,0.003526910005249361
8213533889694327948,2021-10,0.05399717715914692
8213533889694327948,2021-10,0.002212944102639956
1551531256789550891,2021-09,0.004222576871992919
1551531256789550891,2021-09,0.007113366494911304
1551531256789550891,2021-09,0.007113366494911304
1551531256789550891,2021-09,0.014770363053067437
1551531256789550891,2021-10,0.009296056823884668
8939476669690489534,2021-09,0.029707496793878144
8939476669690489534,2021-09,0.0336384180796357
8939476669690489534,2021-09,0.029707496793878144
8939476669690489534,2021-10,0.03240774255502591
5611787644735474299,2021-09,0.0022262010919933315
5611787644735474299,2021-09,0.002285181683187202
5611787644735474299,2021-09,0.0025082262281694192
5611787644735474299,2021-09,0.002657660383299275
5611787644735474299,2021-10,0.002578293752083223
5611787644735474299,2021-10,0.0028480615140980972
1956406515279457110,2021-09,0.08190322021525928
1956406515279457110,2021-09,0.10026940282584162
1956406515279457110,2021-10,0.0451169663956638
1956406515279457110,2021-10,0.04763867168262897
984915269987074754,2021-09,0.002082846670799126
984915269987074754,2021-09,0.0022782671240274477
984915269987074754,2021-09,0.0022833843931183853
984915269987074754,2021-10,0.0023326692482940753
984915269987074754,2021-10,0.0023401557932187307
984915269987074754,2021-10,0.0016392398267818433
984915269987074754,2021-10,0.0032107119955367544
968199235777440720,2021-09,0.0037260329509484977
968199235777440720,2021-09,0.0037260329509484977
968199235777440720,2021-09,0.0032456232085220347
968199235777440720,2021-09,0.0036437612248210083
968199235777440720,2021-09,0.0037224001338611325
968199235777440720,2021-09,0.00631480187355577
968199235777440720,2021-09,0.0046945477250568786
968199235777440720,2021-10,0.0030910571878512002
968199235777440720,2021-10,0.0033113915974969437
968199235777440720,2021-10,0.003072569536955034
968199235777440720,2021-10,0.004605040037042768
8173830874846355280,2021-09,0.003092473419730898
8173830874846355280,2021-09,0.003214186925059106
8173830874846355280,2021-09,0.0022662008932775863
8173830874846355280,2021-09,0.0022476061507927633
8173830874846355280,2021-09,0.0021532740160656507
8173830874846355280,2021-09,0.002549535953362754
8173830874846355280,2021-09,0.002549535953362754
8173830874846355280,2021-09,0.0020957455915502493
8173830874846355280,2021-09,0.0020957455915502493
8173830874846355280,2021-09,0.0020710002717026724
8173830874846355280,2021-10,0.005738356795428721
8173830874846355280,2021-10,0.006195957164177763
8173830874846355280,2021-10,0.005798139034518586
8173830874846355280,2021-10,0.006195405360159491
8173830874846355280,2021-10,0.006549869335632252
8173830874846355280,2021-10,0.006037444751423532
8173830874846355280,2021-10,0.006549869335632252
8173830874846355280,2021-10,0.006129468042495149
8173830874846355280,2021-10,0.3485661293889868
8173830874846355280,2021-10,0.008860696252249365
8173830874846355280,2021-10,0.008293213420487437
8173830874846355280,2021-10,0.0059282515628921555
8173830874846355280,2021-10,0.006580041611926687
8173830874846355280,2021-10,0.006861238021276436
3634047863995720708,2021-09,0.0026453772893465523
3634047863995720708,2021-09,0.011154052321489643
3634047863995720708,2021-09,0.0026603525969981965
3634047863995720708,2021-10,0.006187729540598964
3634047863995720708,2021-10,0.005713452674213573
3634047863995720708,2021-10,0.006063342457073538
3634047863995720708,2021-10,0.005671392266123397
1253437108265925705,2021-09,0.0015411195609137706
1253437108265925705,2021-09,0.0015411195609137706
1253437108265925705,2021-09,0.0015558710366219218
1253437108265925705,2021-09,0.0016401139573567604
5373371196946859811,2021-09,0.011059077411783408
5373371196946859811,2021-09,0.010173970962050053
5373371196946859811,2021-10,0.016108982498178135
5373371196946859811,2021-10,0.01410921119825144
5373371196946859811,2021-10,0.017254776704391576
5373371196946859811,2021-10,0.018457989472281746
2493688222671282470,2021-09,0.014610894166509856
2493688222671282470,2021-09,0.014769691870166492
2493688222671282470,2021-10,0.014717919702972943
5481711897502154955,2021-09,0.012832006720560942
5481711897502154955,2021-09,0.011601316850457314
5481711897502154955,2021-09,0.021972418110969852
5481711897502154955,2021-09,0.011042220449231317
5481711897502154955,2021-10,0.010259285228796598
3095686599956852697,2021-09,0.01125660641044151
3095686599956852697,2021-09,0.008970683245395848
3095686599956852697,2021-09,0.008970683245395848
3095686599956852697,2021-09,0.009715507341705664
3095686599956852697,2021-09,0.0503791816631098
3095686599956852697,2021-09,0.016361634294165258
3095686599956852697,2021-10,0.011214366131631933
3095686599956852697,2021-10,0.01686147253327223
3095686599956852697,2021-10,0.011725191435839593
6471448246085839373,2021-09,0.003141329391660845
6471448246085839373,2021-09,0.005660886800222728
6471448246085839373,2021-09,0.005296705712069574
6471448246085839373,2021-10,0.004682332324592498
4018182555897034052,2021-09,0.004893558570982539
4018182555897034052,2021-09,0.004583331765397803
4018182555897034052,2021-09,0.010069711637491114
4018182555897034052,2021-09,0.005498026174645101
4018182555897034052,2021-10,0.009312950166290359
4018182555897034052,2021-10,0.009312950166290359
4018182555897034052,2021-10,0.004871323953385046
4018182555897034052,2021-10,0.004538950183498782
4018182555897034052,2021-10,0.005515164423561457
4863405965754103821,2021-09,0.14401294397555173
4863405965754103821,2021-09,0.12693739533836976
4863405965754103821,2021-09,0.09914605680682446
4863405965754103821,2021-10,0.04680609177107589
4863405965754103821,2021-10,0.05634677082499808
4863405965754103821,2021-10,0.061115785647544864
6617479989097680138,2021-09,0.04024251635623422
6617479989097680138,2021-09,0.09333480187838641
6617479989097680138,2021-10,0.6206326219769874
3140918607946425426,2021-09,0.00466239099413628
3140918607946425426,2021-09,0.005573562473571781
3140918607946425426,2021-09,0.005766840773639212
3140918607946425426,2021-09,0.004775365874322959
5880041582322293710,2021-09,0.016545170428203283
5880041582322293710,2021-09,0.02847603981791714
5880041582322293710,2021-09,0.02002424570818198
5880041582322293710,2021-09,0.019399242616690984
5880041582322293710,2021-09,0.019399242616690984
5880041582322293710,2021-09,0.02308606164898879
5880041582322293710,2021-10,0.01968153984915508
5880041582322293710,2021-10,0.028904448068420845
9184785003280841216,2021-09,0.008809682898337464
9184785003280841216,2021-09,0.008296684204892891
9184785003280841216,2021-09,0.0071593442571156
9184785003280841216,2021-09,0.008195371025085524
9184785003280841216,2021-09,0.008484105323281671
9184785003280841216,2021-09,0.009189006254740886
9184785003280841216,2021-10,0.008174306893738846
9184785003280841216,2021-10,0.007495377874973774
3281617395243454427,2021-09,0.04568459799097679
3281617395243454427,2021-09,0.12769520527497513
6053752047545474051,2021-09,0.023691676400843804
6053752047545474051,2021-09,0.02264072833758758
6053752047545474051,2021-09,0.015383020173844094
6053752047545474051,2021-09,0.03637687534237857
6053752047545474051,2021-09,0.016220932072148524
6053752047545474051,2021-10,0.03845246172597807
6053752047545474051,2021-10,0.01373075825419521
6053752047545474051,2021-10,0.02958284570357453
6053752047545474051,2021-10,0.02781497298122534
6053752047545474051,2021-10,0.02227687993534438
6053752047545474051,2021-10,0.011287400302321867
6053752047545474051,2021-10,0.023542751303794986
6053752047545474051,2021-10,0.009128992638514147
6053752047545474051,2021-10,0.021528786355740796
6053752047545474051,2021-10,0.02278954706691303
6053752047545474051,2021-10,0.010014230485301043
5714540197488862003,2021-09,0.40321828592531295
5714540197488862003,2021-09,0.4010430174001598
5714540197488862003,2021-10,0.5405812792438368
7751080728852739823,2021-09,0.00944326207628462
7751080728852739823,2021-09,0.013479084586716256
7751080728852739823,2021-10,0.02125414293480409
7751080728852739823,2021-10,0.032492787193571994
7751080728852739823,2021-10,0.019701072995609963
7751080728852739823,2021-10,0.014261321907642349
7751080728852739823,2021-10,0.018571667578508692
7751080728852739823,2021-10,0.018571667578508692
7751080728852739823,2021-10,0.013885153260967873
7751080728852739823,2021-10,0.012573862464411634
1788369195969129749,2021-09,0.006568569849583675
1788369195969129749,2021-09,0.007141434634743469
1788369195969129749,2021-10,0.004570046180405531
1708019696828098378,2021-09,0.7812912115770992
1708019696828098378,2021-09,0.7662854401673671
1708019696828098378,2021-09,0.7799470757186538
1708019696828098378,2021-09,0.7716923524642414
1708019696828098378,2021-09,0.7715073000105603
1708019696828098378,2021-10,0.9674030578753846
1708019696828098378,2021-10,0.9443475586550745
1708019696828098378,2021-10,0.8141043062441612
819552547620904652,2021-09,0.9357374586472764
819552547620904652,2021-09,0.20236470413786672
819552547620904652,2021-10,0.15450968166710008
819552547620904652,2021-10,0.13774760436654904
819552547620904652,2021-10,0.1346297252151109
819552547620904652,2021-10,0.14439447609838613
1192810733461560329,2021-09,0.001383321884822032
1192810733461560329,2021-09,0.0018614636044335258
5430917218683822543,2021-09,0.013321653660393777
5430917218683822543,2021-09,0.013755160264050334
5430917218683822543,2021-10,0.007458313607095028
2451708306555441014,2021-09,0.007211102086692227
2451708306555441014,2021-09,0.009398591722109984
2451708306555441014,2021-09,0.01663313467177369
2451708306555441014,2021-09,0.014723910837355735
2451708306555441014,2021-10,0.005176040642805125
5487870288449327165,2021-09,0.1970069011418079
8529899700094903171,2021-09,0.008493692164818482
8529899700094903171,2021-09,0.009426972512319514
8529899700094903171,2021-09,0.006604438487891848
8529899700094903171,2021-09,0.006683302878969694
8529899700094903171,2021-09,0.008717842811808806
8529899700094903171,2021-09,0.006683302878969694
8529899700094903171,2021-09,0.008754573226105058
8529899700094903171,2021-09,0.008754573226105058
8529899700094903171,2021-09,0.009350640258726128
8529899700094903171,2021-09,0.009350640258726128
8529899700094903171,2021-09,0.009350640258726128
8529899700094903171,2021-09,0.009350640258726128
8529899700094903171,2021-09,0.009350640258726128
8529899700094903171,2021-09,0.007169488353595877
8529899700094903171,2021-09,0.010287173702105462
8529899700094903171,2021-10,0.011229307263467962
8529899700094903171,2021-10,0.008645720281950878
8529899700094903171,2021-10,0.00762408859606175
8529899700094903171,2021-10,0.0077982591145624005
8529899700094903171,2021-10,0.0077982591145624005
8529899700094903171,2021-10,0.007934528729567934
8529899700094903171,2021-10,0.006665597714770563
8529899700094903171,2021-10,0.006782210084859156
8529899700094903171,2021-10,0.005575812696121329
8529899700094903171,2021-10,0.00923968816931729
660382477567765256,2021-09,0.005065421092760653
660382477567765256,2021-09,0.004052694879600612
660382477567765256,2021-09,0.0055949152817974255
660382477567765256,2021-10,0.006459523693352772
660382477567765256,2021-10,0.005391296718046827
7325545718770538459,2021-09,0.003089543705564104
7325545718770538459,2021-09,0.003100096624226169
7325545718770538459,2021-09,0.003089543705564104
7325545718770538459,2021-09,0.0028566425915258933
7325545718770538459,2021-09,0.002725223465658043
7325545718770538459,2021-09,0.002790956227092275
7325545718770538459,2021-09,0.005152708065360189
7325545718770538459,2021-09,0.003045691362888316
7325545718770538459,2021-09,0.003045691362888316
7325545718770538459,2021-10,0.003607661151746154
7325545718770538459,2021-10,0.003553117513518412
7325545718770538459,2021-10,0.004120301091465645
7325545718770538459,2021-10,0.004720191117120245
7325545718770538459,2021-10,0.003952872470014248
7325545718770538459,2021-10,0.003983883827559107
7325545718770538459,2021-10,0.003983883827559107
7992317448197179816,2021-09,0.009427994233485568
7992317448197179816,2021-10,0.021745652122785737
7992317448197179816,2021-10,0.015038732999452369
7992317448197179816,2021-10,0.009070760069173645
1533755281771668509,2021-09,0.006546961864893
1533755281771668509,2021-09,0.00875534518862776
1533755281771668509,2021-10,0.003677434714796068
4495596792165551705,2021-09,0.06657128178953092
4495596792165551705,2021-10,0.10125332911991214
2407532237672094312,2021-09,0.008569859252590678
2407532237672094312,2021-09,0.009121430022654356
2407532237672094312,2021-09,0.005994514577901479
2407532237672094312,2021-09,0.004143099340660875
2407532237672094312,2021-10,0.008924181785455761
2407532237672094312,2021-10,0.008922396486743568
2407532237672094312,2021-10,0.7593044784819963
2407532237672094312,2021-10,0.006475322951654954
4850936440093751199,2021-09,0.005483396393452786
4850936440093751199,2021-09,0.005923089054455913
4850936440093751199,2021-09,0.007174862816670651
4850936440093751199,2021-09,0.007138604438630549
4850936440093751199,2021-09,0.007410195654939823
4850936440093751199,2021-09,0.00736302781272485
4850936440093751199,2021-10,0.3894796469214493
4850936440093751199,2021-10,0.005360457084280274
4850936440093751199,2021-10,0.004386270768876687
4850936440093751199,2021-10,0.005286925385044277
7770458886439606839,2021-09,0.7728151979989856
7770458886439606839,2021-09,0.7728151979989856
7770458886439606839,2021-09,0.7658121250894103
7770458886439606839,2021-09,0.7728151979989856
7770458886439606839,2021-09,0.7790728689454887
7770458886439606839,2021-09,0.7832036236535531
7770458886439606839,2021-10,0.7607606793166601
7770458886439606839,2021-10,0.6900745628538093
2346482557594782345,2021-09,0.02013231303820045
2346482557594782345,2021-09,0.017019770689133802
2346482557594782345,2021-09,0.022412019561948784
2346482557594782345,2021-09,0.022202631271845442
2346482557594782345,2021-09,0.02306817473852024
2346482557594782345,2021-09,0.021331368276133394
2346482557594782345,2021-10,0.017520479794289317
2346482557594782345,2021-10,0.018757275144719743
2346482557594782345,2021-10,0.014871216219533539
2346482557594782345,2021-10,0.014871216219533539
2346482557594782345,2021-10,0.014803605899990701
2346482557594782345,2021-10,0.07641174563742474
2346482557594782345,2021-10,0.011253092544893326
3454481508285917519,2021-09,0.14350500238150082
3454481508285917519,2021-09,0.1742880724187953
3454481508285917519,2021-09,0.15496481506018137
5162636608292907782,2021-09,0.5339863016268096
5162636608292907782,2021-09,0.4670340896123712
5162636608292907782,2021-09,0.5604229148534833
5162636608292907782,2021-09,0.9391799331857148
5162636608292907782,2021-10,0.32762590469757724
5162636608292907782,2021-10,0.5228800037731776
6916556752218696485,2021-09,0.003963112396065794
6916556752218696485,2021-09,0.003293858139612066
6916556752218696485,2021-09,0.0044883767367436996
6916556752218696485,2021-09,0.004492100397408397
6916556752218696485,2021-09,0.007597936749795191
6916556752218696485,2021-10,0.00447474664388568
6916556752218696485,2021-10,0.004982093312966402
6916556752218696485,2021-10,0.005686758807863018
6916556752218696485,2021-10,0.005240900304614158
6916556752218696485,2021-10,0.00604188591403541
6916556752218696485,2021-10,0.002890493023662502
8552039412779393821,2021-09,0.03760788803624234
8350724667410677464,2021-09,0.19029498883691306
8350724667410677464,2021-09,0.16502687761467946
8350724667410677464,2021-09,0.3195561442433561
8350724667410677464,2021-09,0.24305240627901145
8350724667410677464,2021-10,0.9003541276896092
5613825020130267729,2021-09,0.0032532654673102608
5613825020130267729,2021-09,0.004585665654390615
5613825020130267729,2021-10,0.009400442453182736
5613825020130267729,2021-10,0.008334574924721424
5613825020130267729,2021-10,0.006617700999164545
1477629972594346481,2021-09,0.05577023738862938
1477629972594346481,2021-09,0.07866073243409462
1477629972594346481,2021-10,0.09752418000736092
1543875954928694094,2021-09,0.002967140937033315
1543875954928694094,2021-09,0.0029501250491346526
1543875954928694094,2021-09,0.00336044981263333
1543875954928694094,2021-10,0.0056540969670862765
1543875954928694094,2021-10,0.005140185782169474
4392369075438855735,2021-09,0.07739687715020839
4392369075438855735,2021-10,0.1011681402728329
4392369075438855735,2021-10,0.0814944301629663
8784237149961904,2021-09,0.006327759094230742
8784237149961904,2021-10,0.009824424301077469
8784237149961904,2021-10,0.0064952174211135695
5761480994209806499,2021-09,0.003485911823561156
5761480994209806499,2021-09,0.0031241758748130326
5761480994209806499,2021-09,0.0029365578972264635
5761480994209806499,2021-09,0.0036435198169073404
5761480994209806499,2021-09,0.003916648471996678
5761480994209806499,2021-09,0.004430142898246907
5761480994209806499,2021-09,0.004220480706430843
5761480994209806499,2021-09,0.004030643906739148
5761480994209806499,2021-09,0.003983049371200667
5761480994209806499,2021-09,0.004001753599106479
5761480994209806499,2021-09,0.003577146344319583
5761480994209806499,2021-09,0.003577146344319583
5761480994209806499,2021-09,0.003577146344319583
5761480994209806499,2021-09,0.004126232173823543
5761480994209806499,2021-09,0.003891890048651264
5761480994209806499,2021-09,0.003776235208154313
5761480994209806499,2021-09,0.0039619930583688415
5761480994209806499,2021-09,0.0039619930583688415
5761480994209806499,2021-10,0.004049889969775052
5761480994209806499,2021-10,0.004127910928602506
5761480994209806499,2021-10,0.003707300355034407
5761480994209806499,2021-10,0.0042127155814260155
5761480994209806499,2021-10,0.004059305052904129
5761480994209806499,2021-10,0.0035108304423459974
5761480994209806499,2021-10,0.0033993904353123113
5761480994209806499,2021-10,0.0033993904353123113
5761480994209806499,2021-10,0.0035040651319556697
5761480994209806499,2021-10,0.003781789316093667
5761480994209806499,2021-10,0.0034598397643099185
5761480994209806499,2021-10,0.003571058683089112
5761480994209806499,2021-10,0.00316651741285324
5761480994209806499,2021-10,0.0035116750563219975
5761480994209806499,2021-10,0.004080769354570422
5761480994209806499,2021-10,0.004965486566530505
5761480994209806499,2021-10,0.0028324128522281577
5761480994209806499,2021-10,0.002676740003630551
5761480994209806499,2021-10,0.002676740003630551
5761480994209806499,2021-10,0.002815009086927711
6582676833651678345,2021-09,0.0033047587729896537
6582676833651678345,2021-09,0.004011056649297587
6582676833651678345,2021-09,0.010558163821957277
6582676833651678345,2021-09,0.01276505502858428
6582676833651678345,2021-09,0.009745876424060674
6582676833651678345,2021-09,0.009920967359958422
6582676833651678345,2021-10,0.004368350282858722
6582676833651678345,2021-10,0.10005378673053188
6582676833651678345,2021-10,0.004037702039925688
6582676833651678345,2021-10,0.003825609212154507
6582676833651678345,2021-10,0.0038012257945269435
7403979270048469991,2021-09,0.0018633043157656685
7403979270048469991,2021-09,0.002021373278613609
696014079855281037,2021-09,0.012890830069358056
696014079855281037,2021-09,0.01978954120831838
696014079855281037,2021-09,0.021820994951962738
696014079855281037,2021-10,0.01551027437913469
696014079855281037,2021-10,0.01710649438078788
696014079855281037,2021-10,0.013757975856953899
696014079855281037,2021-10,0.012489895925806247
696014079855281037,2021-10,0.013228726962963708
1156053485989336481,2021-09,0.30267107407986577
1156053485989336481,2021-09,0.27829795212569614
1156053485989336481,2021-09,0.266095310497317
1156053485989336481,2021-09,0.26870275095297746
1156053485989336481,2021-09,0.26870275095297746
1156053485989336481,2021-09,0.26870275095297746
1156053485989336481,2021-09,0.2898646302434931
1156053485989336481,2021-09,0.23147336096039783
1156053485989336481,2021-09,0.3010565734047803
1156053485989336481,2021-09,0.278712858161084
1156053485989336481,2021-09,0.2877943993031184
1156053485989336481,2021-09,0.3003393188168493
1156053485989336481,2021-09,0.278712858161084
1156053485989336481,2021-09,0.29832497527684526
1156053485989336481,2021-09,0.266766939257458
1156053485989336481,2021-09,0.24055275892140043
1156053485989336481,2021-09,0.24055275892140043
1156053485989336481,2021-09,0.26830648551977815
1156053485989336481,2021-09,0.24996478926508167
1156053485989336481,2021-09,0.26830648551977815
1156053485989336481,2021-09,0.24055275892140043
1156053485989336481,2021-09,0.2399204562607883
1156053485989336481,2021-09,0.26830648551977815
1156053485989336481,2021-09,0.2455705912148076
1156053485989336481,2021-09,0.2742565648278793
1156053485989336481,2021-09,0.2701961894028676
1156053485989336481,2021-09,0.26830648551977815
1156053485989336481,2021-09,0.2751749710857758
1156053485989336481,2021-09,0.2553635671250739
1156053485989336481,2021-09,0.2463068907428841
1156053485989336481,2021-09,0.2684603894648156
1156053485989336481,2021-09,0.2560409577461041
1156053485989336481,2021-09,0.2553635671250739
1156053485989336481,2021-09,0.2553635671250739
1156053485989336481,2021-09,0.2650568548864482
1156053485989336481,2021-09,0.285332115371529
1156053485989336481,2021-09,0.2614731408573868
1156053485989336481,2021-09,0.26352522125987
1156053485989336481,2021-09,0.2791342909441074
1156053485989336481,2021-10,0.26631308841176
1156053485989336481,2021-10,0.2983703566000827
1156053485989336481,2021-10,0.2867828567197211
1156053485989336481,2021-10,0.27626780340208523
1156053485989336481,2021-10,0.2558420654090537
1156053485989336481,2021-10,0.8587254181075159
1156053485989336481,2021-10,0.2301040658245277
1156053485989336481,2021-10,0.2362780778883724
1156053485989336481,2021-10,0.2270253653229887
1156053485989336481,2021-10,0.9492615721232588
1156053485989336481,2021-10,0.9312791886346523
1156053485989336481,2021-10,0.2394433861383768
1156053485989336481,2021-10,0.2394433861383768
1156053485989336481,2021-10,0.25221833175600367
1156053485989336481,2021-10,0.2532280792233558
1156053485989336481,2021-10,0.25873512507942475
1156053485989336481,2021-10,0.2589599371309625
1156053485989336481,2021-10,0.2685102443549749
1156053485989336481,2021-10,0.26286892217520885
1156053485989336481,2021-10,0.26509461927185973
1156053485989336481,2021-10,0.27184762775076227
1156053485989336481,2021-10,0.26874047064129813
1156053485989336481,2021-10,0.2685102443549749
1156053485989336481,2021-10,0.2685102443549749
1156053485989336481,2021-10,0.25873512507942475
1156053485989336481,2021-10,0.2532280792233558
1156053485989336481,2021-10,0.25076615150264153
1156053485989336481,2021-10,0.25076615150264153
1156053485989336481,2021-10,0.25877189377162135
7613717984547031729,2021-09,0.004788026782637769
7613717984547031729,2021-09,0.0077321288664147884
7613717984547031729,2021-10,0.004406448171710192
7613717984547031729,2021-10,0.0045415574989809
5082813456193598086,2021-09,0.004559771817869769
5082813456193598086,2021-10,0.010822732139399376
5082813456193598086,2021-10,0.007796960902449686
4235078665660987689,2021-09,0.007685548845111209
4235078665660987689,2021-09,0.007195093099187617
4235078665660987689,2021-09,0.007115373079933737
4235078665660987689,2021-09,0.006654197969286729
4235078665660987689,2021-10,0.008281421623488206
4235078665660987689,2021-10,0.006015568900800305
4235078665660987689,2021-10,0.007620964694560152
5462970244186515758,2021-09,0.003320457904697685
5462970244186515758,2021-09,0.0040010898128567205
5462970244186515758,2021-09,0.003117966444227426
5462970244186515758,2021-09,0.004279450162073734
5462970244186515758,2021-09,0.0031904213639208324
5462970244186515758,2021-10,0.0035077487145425685
5462970244186515758,2021-10,0.0035077487145425685
5462970244186515758,2021-10,0.037076626925950755
5462970244186515758,2021-10,0.004023712199250062
5462970244186515758,2021-10,0.004011941596927423
5462970244186515758,2021-10,0.0031510142955329576
5462970244186515758,2021-10,0.003532330412389777
1343530446996409207,2021-09,0.009046119849170663
1343530446996409207,2021-09,0.007583237435178796
1343530446996409207,2021-09,0.0218649875493843
1343530446996409207,2021-10,0.01061310366359126
1044568737046072781,2021-09,0.061743506023768234
1044568737046072781,2021-09,0.0881472913035199
1044568737046072781,2021-09,0.06457443167210548
1044568737046072781,2021-10,0.031203725988799377
7707459425750676368,2021-09,0.18571252166080465
7707459425750676368,2021-09,0.941033403627932
7707459425750676368,2021-09,0.17254647874897827
7707459425750676368,2021-10,0.08698992673883708
7707459425750676368,2021-10,0.08379937035543777
761746217261797478,2021-09,0.002790577017993313
761746217261797478,2021-09,0.0033923105002738904
761746217261797478,2021-10,0.002409776013977476
761746217261797478,2021-10,0.0021865713903559806
1366416810235233769,2021-09,0.006862710326439552
1366416810235233769,2021-09,0.006180027695896141
1366416810235233769,2021-10,0.010207746355176493
4980232475645447238,2021-09,0.008455031391681396
4980232475645447238,2021-10,0.01075435998869855
2870813069335519467,2021-09,0.09634428049461681
7269781193318890653,2021-09,0.013749047291155987
7269781193318890653,2021-10,0.014934853674902597
7269781193318890653,2021-10,0.005449844736000228
7269781193318890653,2021-10,0.010319469396666286
9099218788416728596,2021-09,0.8954565418193344
9099218788416728596,2021-10,0.880401505204276
2532435113844289043,2021-09,0.002931226874278367
2532435113844289043,2021-09,0.0027263184595378897
2532435113844289043,2021-09,0.008363175424331988
2532435113844289043,2021-09,0.00866030548168184
2532435113844289043,2021-09,0.0030101467582895197
2532435113844289043,2021-09,0.008363175424331988
2532435113844289043,2021-09,0.0034897345464037725
2532435113844289043,2021-09,0.003677294754178293
2532435113844289043,2021-10,0.0079236025257267
2532435113844289043,2021-10,0.003712130989329297
2532435113844289043,2021-10,0.005513247939959155
2532435113844289043,2021-10,0.005528124818629138
2532435113844289043,2021-10,0.0037786696779832825
2532435113844289043,2021-10,0.004920965209440706
2532435113844289043,2021-10,0.006709156767120341
7815839878620843192,2021-09,0.39719572515461177
7815839878620843192,2021-10,0.4390561027386256
3592461881055047578,2021-09,0.25117741093791457
3592461881055047578,2021-10,0.2750463058274603
107343823625119033,2021-09,0.0077547497976257415
107343823625119033,2021-09,0.01148321145804318
107343823625119033,2021-09,0.007637858078434301
107343823625119033,2021-09,0.007637858078434301
107343823625119033,2021-10,0.011418290757693397
4762256864594914240,2021-09,0.0062146602891307344
4762256864594914240,2021-09,0.006234554636051994
4762256864594914240,2021-10,0.6166002009449406
2083323809219952960,2021-09,0.05168152471722387
2083323809219952960,2021-09,0.023809760696406983
2083323809219952960,2021-09,0.024598341356662664
2083323809219952960,2021-09,0.024242745457974824
2083323809219952960,2021-09,0.03625453206263315
2083323809219952960,2021-09,0.053768327088592756
2083323809219952960,2021-09,0.029801548134504377
2083323809219952960,2021-09,0.029801548134504377
2083323809219952960,2021-09,0.015229141781004985
2083323809219952960,2021-09,0.011703217615737891
2083323809219952960,2021-09,0.012809907127096364
2083323809219952960,2021-10,0.00631737042616214
2083323809219952960,2021-10,0.009914585417211571
2083323809219952960,2021-10,0.008408996169275207
2083323809219952960,2021-10,0.008941073149440433
2083323809219952960,2021-10,0.011332115322052925
2083323809219952960,2021-10,0.00740155091909906
2083323809219952960,2021-10,0.006480999219468655
2083323809219952960,2021-10,0.010644540960289186
2083323809219952960,2021-10,0.007112789922762433
8901696535927078963,2021-09,0.005937689285319479
8901696535927078963,2021-09,0.0061831550662853054
8901696535927078963,2021-09,0.008945977967401203
8901696535927078963,2021-10,0.005694219470320367
8901696535927078963,2021-10,0.0050187390305710435
8901696535927078963,2021-10,0.0050187390305710435
8901696535927078963,2021-10,0.004424624381651686
8901696535927078963,2021-10,0.004500680896044515
5176940320835464459,2021-09,0.010583346215488402
5176940320835464459,2021-09,0.008469128475398558
5176940320835464459,2021-09,0.013470117120900571
5176940320835464459,2021-09,0.010523114086520765
5176940320835464459,2021-09,0.008420826413003261
5176940320835464459,2021-09,0.007186145100594291
5176940320835464459,2021-09,0.014016257522634001
5176940320835464459,2021-09,0.012281593498900857
5176940320835464459,2021-09,0.008608350371424814
5176940320835464459,2021-09,0.011703184081627058
5176940320835464459,2021-09,0.007226690438686059
5176940320835464459,2021-10,0.013442328497434477
5176940320835464459,2021-10,0.012874747891736897
5176940320835464459,2021-10,0.011842154725422004
5176940320835464459,2021-10,0.009864516307236648
5176940320835464459,2021-10,0.008122967148040477
5176940320835464459,2021-10,0.007253290518827522
5176940320835464459,2021-10,0.010552178819488901
5176940320835464459,2021-10,0.013096315843527178
5176940320835464459,2021-10,0.01328359546816768
5176940320835464459,2021-10,0.017658858757050186
5176940320835464459,2021-10,0.010456720230624654
3977861004707764824,2021-09,0.02954088665560588
3977861004707764824,2021-09,0.032745310140579346
3977861004707764824,2021-09,0.046213253417119966
3977861004707764824,2021-09,0.03904710789386607
3977861004707764824,2021-09,0.039629039580874756
3977861004707764824,2021-09,0.03782642062162206
3977861004707764824,2021-09,0.039629039580874756
3977861004707764824,2021-09,0.04370389366308613
3977861004707764824,2021-09,0.03904710789386607
3977861004707764824,2021-10,0.03718952881092203
3977861004707764824,2021-10,0.03153729781329028
3977861004707764824,2021-10,0.03071919924683471
3977861004707764824,2021-10,0.029322277193351245
3977861004707764824,2021-10,0.029322277193351245
3977861004707764824,2021-10,0.042807890583119367
3977861004707764824,2021-10,0.04190144865617304
4995679129936981612,2021-09,0.19584871018948855
4995679129936981612,2021-09,0.21985737741147857
4995679129936981612,2021-09,0.3055106919361545
5057726374207815794,2021-09,0.0895697057271106
6842075380768862290,2021-09,0.014994142563661004
6842075380768862290,2021-10,0.013337727410177684
6842075380768862290,2021-10,0.012525571343839977
2508429106201166689,2021-09,0.004186620413487211
2508429106201166689,2021-09,0.006621833846146921
2508429106201166689,2021-10,0.003952637420210231
2508429106201166689,2021-10,0.003607407919297877
5136739522477907100,2021-09,0.013749423552369053
5136739522477907100,2021-09,0.015437167783573697
2530707686830644666,2021-09,0.013211238737478344
2530707686830644666,2021-09,0.03674269309706077
2530707686830644666,2021-10,0.05329130731549248
1553628056929342565,2021-09,0.01271327734240975
7930925883736021864,2021-09,0.0023388431720202164
7930925883736021864,2021-09,0.002619439932838396
7930925883736021864,2021-09,0.0027970256666145945
7930925883736021864,2021-09,0.002133357748241867
7930925883736021864,2021-09,0.0034655795745788475
7930925883736021864,2021-09,0.003248788402772032
7930925883736021864,2021-09,0.003700316781377663
7930925883736021864,2021-09,0.0029183021393837283
7930925883736021864,2021-09,0.0029183021393837283
7930925883736021864,2021-09,0.0028129373450379623
7930925883736021864,2021-09,0.002715764621038213
7930925883736021864,2021-09,0.003600145219595567
7930925883736021864,2021-10,0.005020907783186925
7930925883736021864,2021-10,0.004889148935794638
7930925883736021864,2021-10,0.005043261118987886
7930925883736021864,2021-10,0.004606321660336236
7930925883736021864,2021-10,0.003790301576336267
7930925883736021864,2021-10,0.0028755003386130387
7930925883736021864,2021-10,0.0031760321392598273
7458891296671174680,2021-09,0.48827239237505443
7458891296671174680,2021-10,0.5232737263294762
4327694790333781288,2021-09,0.001138062186104856
4327694790333781288,2021-10,0.001191015450180842
4327694790333781288,2021-10,0.0017507931929172664
4327694790333781288,2021-10,0.0013211819283937688
5108407319813072955,2021-09,0.020413418313126565
5108407319813072955,2021-09,0.022195553481914865
5108407319813072955,2021-10,0.016118686665666855
180672270337706285,2021-09,0.7338610506243198
180672270337706285,2021-09,0.6896236713473434
180672270337706285,2021-10,0.6833907817199735
180672270337706285,2021-10,0.24257290413278026
180672270337706285,2021-10,0.7304728351484971
8576047157867370630,2021-09,0.12103576002579923
8576047157867370630,2021-09,0.13234035653728665
8576047157867370630,2021-10,0.03927960007235233
8576047157867370630,2021-10,0.08152946606952519
8576047157867370630,2021-10,0.07217857314825009
6941381638534728190,2021-09,0.0024119553880983077
6941381638534728190,2021-09,0.0018935930381584615
6941381638534728190,2021-10,0.00220592202564151
314309872114206760,2021-09,0.022978671124374288
314309872114206760,2021-09,0.022978671124374288
314309872114206760,2021-09,0.02609059503176301
314309872114206760,2021-09,0.027511064076442847
314309872114206760,2021-09,0.02801009073156549
314309872114206760,2021-09,0.0367464273578268
314309872114206760,2021-09,0.0367464273578268
314309872114206760,2021-09,0.03575422113443123
2771214050521171719,2021-09,0.0023844105746194536
2771214050521171719,2021-09,0.798183975881134
2771214050521171719,2021-09,0.003153854194521284
2771214050521171719,2021-09,0.8080866019982648
2771214050521171719,2021-10,0.0027434799275526016
2814790209436551216,2021-09,0.014311944922528417
2814790209436551216,2021-09,0.016800011005344298
2814790209436551216,2021-10,0.012419532933376588
7776069961364493674,2021-09,0.05329293221655548
7776069961364493674,2021-09,0.05038358753208968
7776069961364493674,2021-10,0.07376254894829731
7776069961364493674,2021-10,0.06696475803899342
7776069961364493674,2021-10,0.05265031756224767
7776069961364493674,2021-10,0.07416436075920228
3355881107559250653,2021-09,0.0029591302820434107
3355881107559250653,2021-09,0.00311530928373771
3355881107559250653,2021-09,0.005202695314617046
3355881107559250653,2021-10,0.00474107882983247
3355881107559250653,2021-10,0.005525307969101686
3355881107559250653,2021-10,0.00474107882983247
3355881107559250653,2021-10,0.00474107882983247
3355881107559250653,2021-10,0.005735133572844267
3355881107559250653,2021-10,0.005008018672720584
3355881107559250653,2021-10,0.004563595908686102
3355881107559250653,2021-10,0.00531862421157242
3355881107559250653,2021-10,0.004915080905721351
3355881107559250653,2021-10,0.005401416136311368
3355881107559250653,2021-10,0.00311530928373771
3355881107559250653,2021-10,0.002686097754037215
3355881107559250653,2021-10,0.00311530928373771
3931892303497206092,2021-09,0.020806511588979573
3931892303497206092,2021-09,0.02663734956366133
3931892303497206092,2021-10,0.02696381159839986
2943087245123311166,2021-09,0.018874655213153537
2943087245123311166,2021-09,0.030951139112424853
2943087245123311166,2021-09,0.03394491987076767
2943087245123311166,2021-09,0.03681066639565961
2943087245123311166,2021-10,0.043200737843672614
7720458526816091748,2021-09,0.19897055249025414
7720458526816091748,2021-09,0.2228284801680062
7720458526816091748,2021-09,0.21406916392994427
7720458526816091748,2021-10,0.1532083033557961
324916756972236008,2021-09,0.014976668257682055
324916756972236008,2021-09,0.018566809417766998
324916756972236008,2021-09,0.016731901194226226
324916756972236008,2021-09,0.016067920421177467
4679462479444735708,2021-09,0.02215597398199189
4679462479444735708,2021-09,0.023291693634489793
4679462479444735708,2021-09,0.024720306010547588
4679462479444735708,2021-10,0.026843058463269995
4679462479444735708,2021-10,0.03154154879261722
4679462479444735708,2021-10,0.018946940285300137
4679462479444735708,2021-10,0.02173779885541364
7347715771145302549,2021-09,0.001211940294480487
7347715771145302549,2021-09,0.0016056514732990987
7347715771145302549,2021-09,0.0018996691999371798
7347715771145302549,2021-09,0.0016223479584460585
7347715771145302549,2021-10,0.0013492727774034464
7347715771145302549,2021-10,0.06221958596125668
7347715771145302549,2021-10,0.00140015234123218
7347715771145302549,2021-10,0.0012379689367920318
7347715771145302549,2021-10,0.0012291901487701928
8603678028264007695,2021-09,0.00998899933715435
8603678028264007695,2021-09,0.011549697133131948
8603678028264007695,2021-10,0.008285643135914462
8603678028264007695,2021-10,0.007481437492608184
8603678028264007695,2021-10,0.0074608994151962845
4817816966382229074,2021-09,0.007283994779735975
4817816966382229074,2021-10,0.008720505078786555
5067621068959932809,2021-09,0.013927933513909292
5067621068959932809,2021-09,0.03872552111562793
5067621068959932809,2021-10,0.028639497729290864
4530631557358349711,2021-09,0.004972556638746932
4530631557358349711,2021-09,0.004736977226291327
4530631557358349711,2021-10,0.006502026330921938
4530631557358349711,2021-10,0.005476986384065819
8503092146854371576,2021-09,0.0011049465395883994
8503092146854371576,2021-10,0.001704382751306687
6545052034269841737,2021-09,0.011974100891196783
6545052034269841737,2021-09,0.011222314643643573
6545052034269841737,2021-09,0.013872016543284332
6545052034269841737,2021-09,0.011036908780015136
6545052034269841737,2021-10,0.012672512051085829
6545052034269841737,2021-10,0.05133222294786371
6545052034269841737,2021-10,0.012212173621317681
6545052034269841737,2021-10,0.012902790367334768
6546850858912852316,2021-09,0.36231985375061465
6546850858912852316,2021-09,0.43528910795456516
6546850858912852316,2021-09,0.4413732838274959
6546850858912852316,2021-09,0.4413732838274959
2929243640075785940,2021-09,0.0025304044141951846
2929243640075785940,2021-09,0.002269159622141311
2929243640075785940,2021-09,0.002605031947630564
2929243640075785940,2021-09,0.0027622347083021076
2929243640075785940,2021-09,0.0031391091838599856
2929243640075785940,2021-10,0.0023229760255183795
2929243640075785940,2021-10,0.00229266374934815
903093877129717133,2021-09,0.0014864318803432767
903093877129717133,2021-09,0.0014919417296452072
903093877129717133,2021-09,0.002363143193070252
903093877129717133,2021-09,0.0022466955326317303
903093877129717133,2021-09,0.0022466955326317303
903093877129717133,2021-10,0.0020013980498638
903093877129717133,2021-10,0.002104134530641476
903093877129717133,2021-10,0.0021756925398478746
903093877129717133,2021-10,0.002287355461857591
903093877129717133,2021-10,0.0020828370846059843
903093877129717133,2021-10,0.001761743880155355
8826489829259520138,2021-09,0.001836488463832253
8826489829259520138,2021-09,0.003050786592544403
511305041047444825,2021-09,0.04150781416221599
511305041047444825,2021-10,0.03268675194153052
511305041047444825,2021-10,0.032631395386898535
511305041047444825,2021-10,0.02785082853286977
3118152790263512426,2021-09,0.0033801984874845927
3118152790263512426,2021-09,0.004185388151185451
3118152790263512426,2021-10,0.003314819164471616
4740535838297269949,2021-09,0.0027376451526409705
4740535838297269949,2021-09,0.003528636794274331
4740535838297269949,2021-09,0.0030574100347988036
4740535838297269949,2021-10,0.0030690753515577175
4740535838297269949,2021-10,0.003842290186057788
4740535838297269949,2021-10,0.002889385201138764
340285351737204923,2021-09,0.043246256046739096
340285351737204923,2021-09,0.038653236854348016
340285351737204923,2021-09,0.03858788395536703
340285351737204923,2021-10,0.02120942053305672
5166128847048245697,2021-09,0.004739183379567562
5166128847048245697,2021-10,0.006654842656902964
792560389712312178,2021-09,0.002430744883774796
792560389712312178,2021-09,0.002907947793377534
792560389712312178,2021-09,0.0035218347822258463
792560389712312178,2021-09,0.00343234687554045
792560389712312178,2021-10,0.004041381476505853
792560389712312178,2021-10,0.009998973082969525
4465150716052427320,2021-09,0.013119796460559534
4465150716052427320,2021-09,0.01221842748704384
4465150716052427320,2021-09,0.015820943704295147
4465150716052427320,2021-10,0.00888148164874301
4465150716052427320,2021-10,0.024636666175492802
5432443358006556295,2021-09,0.016629083349830046
5432443358006556295,2021-10,0.030961684445833526
5432443358006556295,2021-10,0.012209823420676025
5883155883105348987,2021-09,0.008410390573432968
5883155883105348987,2021-09,0.010038957457380388
5883155883105348987,2021-09,0.011042128972060599
5883155883105348987,2021-09,0.011343039951140107
5883155883105348987,2021-09,0.015094944757375635
5883155883105348987,2021-10,0.011236814742154488
5883155883105348987,2021-10,0.01270573764275014
5883155883105348987,2021-10,0.16699759722328697
5883155883105348987,2021-10,0.010745738214738546
5883155883105348987,2021-10,0.012206777033116682
5883155883105348987,2021-10,0.011178257672533661
5883155883105348987,2021-10,0.010846801866801982
5883155883105348987,2021-10,0.010281010024881887
5883155883105348987,2021-10,0.00672109493178828
5883155883105348987,2021-10,0.007992565394948015
4995217181024687397,2021-09,0.0026783710588822365
4995217181024687397,2021-09,0.0024243132330606866
4995217181024687397,2021-09,0.004015590888301342
4995217181024687397,2021-10,0.0030828458701321368
4995217181024687397,2021-10,0.0027817843813176266
4995217181024687397,2021-10,0.00276242926612659
8874257794774679816,2021-09,0.004409145832396115
8874257794774679816,2021-09,0.011751962994632307
8874257794774679816,2021-09,0.011751962994632307
8874257794774679816,2021-09,0.011045076533343596
8874257794774679816,2021-09,0.02503251230999125
8874257794774679816,2021-09,0.014618949663851114
8874257794774679816,2021-10,0.01555431321944417
8874257794774679816,2021-10,0.021302469934641757
8874257794774679816,2021-10,0.010683406561004593
8874257794774679816,2021-10,0.005555083337495985
8195468623809753777,2021-09,0.006132178773009961
8195468623809753777,2021-09,0.005020664478652538
8195468623809753777,2021-09,0.006641677997891329
8195468623809753777,2021-10,0.004693609527391425
8195468623809753777,2021-10,0.005047143497854607
8195468623809753777,2021-10,0.002397721919431789
7535160686416710323,2021-09,0.011218594338425819
7535160686416710323,2021-09,0.010623933469509203
7535160686416710323,2021-09,0.00965937637833633
7535160686416710323,2021-10,0.014416475303275472
7535160686416710323,2021-10,0.01622909072482054
652740132671309295,2021-09,0.15579753189215145
652740132671309295,2021-10,0.07877716981369486
8305404138704642088,2021-09,0.06511815458685401
2006188298374001315,2021-09,0.017651638812116538
2006188298374001315,2021-09,0.02294715912624572
2006188298374001315,2021-10,0.08656613783839245
2006188298374001315,2021-10,0.06916646626387234
6020593949794792044,2021-09,0.027718777282774776
6020593949794792044,2021-09,0.027718777282774776
6020593949794792044,2021-09,0.02546324212456923
6020593949794792044,2021-09,0.025478357188777716
6020593949794792044,2021-09,0.039822299227684994
6020593949794792044,2021-10,0.021418443804278004
6020593949794792044,2021-10,0.02861994848747339
6020593949794792044,2021-10,0.03308811580826515
2678966409665050034,2021-09,0.006851619353770102
2678966409665050034,2021-10,0.6109121502653744
2678966409665050034,2021-10,0.16295781916499114
2678966409665050034,2021-10,0.007719619784978276
2678966409665050034,2021-10,0.01096629893946324
1276604410881911401,2021-09,0.030875472406591737
1276604410881911401,2021-09,0.029503700922553756
1276604410881911401,2021-09,0.050724534052446486
1276604410881911401,2021-09,0.029503700922553756
1276604410881911401,2021-09,0.050724534052446486
1276604410881911401,2021-09,0.050724534052446486
1276604410881911401,2021-10,0.04020523717148746
1276604410881911401,2021-10,0.0753255389686719
1276604410881911401,2021-10,0.04020523717148746
1276604410881911401,2021-10,0.0753255389686719
5409960473983330744,2021-09,0.037031146632445486
5409960473983330744,2021-09,0.03358568126816861
5409960473983330744,2021-10,0.03986956779311681
5409960473983330744,2021-10,0.036455769663585415
5409960473983330744,2021-10,0.02715520990455912
5409960473983330744,2021-10,0.02571956101336781
8889055492416898333,2021-09,0.0630295667900544
8889055492416898333,2021-09,0.047613847867274385
8889055492416898333,2021-10,0.046284975888644525
8889055492416898333,2021-10,0.03772474290345855
8889055492416898333,2021-10,0.034118089947597824
8724731934863284019,2021-09,0.027983309314543802
8724731934863284019,2021-09,0.03006664724820279
8724731934863284019,2021-10,0.02404108604992268
3022528659032597047,2021-09,0.02213996853945123
3022528659032597047,2021-10,0.042335975213279815
3022528659032597047,2021-10,0.8608206448627345
3022528659032597047,2021-10,0.039018325955450274
3022528659032597047,2021-10,0.03704794614783869
7120090169052575663,2021-09,0.004858029226388592
7120090169052575663,2021-09,0.0047303039896532
7120090169052575663,2021-10,0.005299231074205775
7120090169052575663,2021-10,0.007010234844449509
963687627963462983,2021-09,0.002977616831037908
963687627963462983,2021-09,0.003117599546424257
963687627963462983,2021-09,0.002970568605250532
963687627963462983,2021-09,0.0034854859719758804
963687627963462983,2021-10,0.002493556270646
963687627963462983,2021-10,0.002609047351166659
963687627963462983,2021-10,0.002666516385728231
4003696935579172837,2021-09,0.8921984190504108
472772897496154354,2021-09,0.01058194756848895
472772897496154354,2021-09,0.013575221422606457
472772897496154354,2021-10,0.019564442919034416
5304536516981778801,2021-09,0.004375549395607329
5304536516981778801,2021-09,0.005793691243984868
5304536516981778801,2021-09,0.005658134540760147
5304536516981778801,2021-10,0.005425706803577201
5304536516981778801,2021-10,0.0065503312473645615
5304536516981778801,2021-10,0.006722978183782896
4972567100282306577,2021-09,0.011346038841010053
4972567100282306577,2021-09,0.011054273370186062
4972567100282306577,2021-09,0.011638050160427462
4972567100282306577,2021-10,0.010579530834359458
4972567100282306577,2021-10,0.011421794410724348
4972567100282306577,2021-10,0.009892397360557527
4972567100282306577,2021-10,0.008648193724529872
5301988619224057921,2021-09,0.8130477331648893
5301988619224057921,2021-09,0.8130477331648893
5301988619224057921,2021-09,0.7738456216611364
5301988619224057921,2021-09,0.8386196426611225
5301988619224057921,2021-09,0.8386196426611225
5301988619224057921,2021-09,0.8386196426611225
5301988619224057921,2021-09,0.8386196426611225
5301988619224057921,2021-09,0.8436305022406236
5301988619224057921,2021-10,0.9487417058522953
5301988619224057921,2021-10,0.8174947105652951
5301988619224057921,2021-10,0.8174947105652951
5301988619224057921,2021-10,0.8175609087305465
5301988619224057921,2021-10,0.8174947105652951
6927178425683104769,2021-09,0.004247658978337454
6927178425683104769,2021-09,0.004119222609526622
6927178425683104769,2021-09,0.005332952023123987
6927178425683104769,2021-10,0.004164889343810113
6927178425683104769,2021-10,0.004771375831200345
6927178425683104769,2021-10,0.003745677593451553
3997247264680905799,2021-09,0.0050674382260135235
3997247264680905799,2021-09,0.007072829290673025
3997247264680905799,2021-09,0.0071202135091597545
3997247264680905799,2021-09,0.14507436606134377
3997247264680905799,2021-10,0.0071789841427482475
3997247264680905799,2021-10,0.0052729642747438195
3997247264680905799,2021-10,0.005807063942907995
3997247264680905799,2021-10,0.005960714914030526
3997247264680905799,2021-10,0.0045699838206369366
5274777191770957761,2021-09,0.8043733975569763
5274777191770957761,2021-09,0.8455488302928698
5274777191770957761,2021-09,0.8072924079470613
5274777191770957761,2021-09,0.6750184357885317
5274777191770957761,2021-09,0.6854697719326824
5274777191770957761,2021-09,0.8411290019122977
5274777191770957761,2021-09,0.6837037286119255
5274777191770957761,2021-10,0.7848322141426789
5460280878923715699,2021-09,0.010239083144480245
5460280878923715699,2021-09,0.01069540272592982
5460280878923715699,2021-10,0.5812358698275734
7970976988071755401,2021-09,0.09694230453258608
7970976988071755401,2021-09,0.11358976903323435
7970976988071755401,2021-10,0.1627741682156356
7970976988071755401,2021-10,0.13594574570612097
2983174282784691273,2021-09,0.006128605249045636
2983174282784691273,2021-09,0.0060900462447470854
2983174282784691273,2021-10,0.00743155213439468
2983174282784691273,2021-10,0.006005974800482845
2983174282784691273,2021-10,0.0059171412610260566
2983174282784691273,2021-10,0.006882380981840924
2983174282784691273,2021-10,0.0062339560794717145
2983174282784691273,2021-10,0.00531466508922851
2983174282784691273,2021-10,0.0050059680343663895
2983174282784691273,2021-10,0.004932206008342987
2983174282784691273,2021-10,0.005301381631729026
5726178124659661019,2021-09,0.0031006959371215354
5726178124659661019,2021-09,0.0029548395948507905
5726178124659661019,2021-09,0.0029548395948507905
5726178124659661019,2021-09,0.003128919177724314
5726178124659661019,2021-09,0.0030319217612612393
5726178124659661019,2021-09,0.0035334043077173065
5726178124659661019,2021-09,0.003107029929591271
5726178124659661019,2021-10,0.003351634594029635
5726178124659661019,2021-10,0.007998735874201978
5726178124659661019,2021-10,0.0033360950194476022
5726178124659661019,2021-10,0.004178414243308657
7908414709866823255,2021-09,0.016847837799597344
7908414709866823255,2021-09,0.019032627156601832
7908414709866823255,2021-09,0.022417990238365843
7908414709866823255,2021-10,0.048970962939685225
7908414709866823255,2021-10,0.05299322032823849
7908414709866823255,2021-10,0.056331171159233875
7908414709866823255,2021-10,0.05557216399884437
7908414709866823255,2021-10,0.05780065490838942
7908414709866823255,2021-10,0.056261774798165
7908414709866823255,2021-10,0.05051564178311704
8271604276097280304,2021-09,0.0040334486031288735
8271604276097280304,2021-09,0.00546857831882292
9206030810342980458,2021-09,0.0022555630860361295
9206030810342980458,2021-09,0.0023889545685054415
2302464746243069589,2021-09,0.006442850780283932
2302464746243069589,2021-10,0.0066938048312372095
2022367282554149730,2021-09,0.008032481977067744
2022367282554149730,2021-09,0.09717477108798914
2022367282554149730,2021-09,0.012683014231611849
2022367282554149730,2021-09,0.008771213520616963
2022367282554149730,2021-09,0.008771213520616963
2022367282554149730,2021-10,0.009102290241438497
2022367282554149730,2021-10,0.009102290241438497
2022367282554149730,2021-10,0.008280756517783094
2022367282554149730,2021-10,0.006865959083151224
2022367282554149730,2021-10,0.007885459839747432
2022367282554149730,2021-10,0.008228057641864408
2333404192508932057,2021-09,0.009807664263599946
2333404192508932057,2021-09,0.010028688483645264
2333404192508932057,2021-09,0.008202708111473517
2333404192508932057,2021-09,0.009690017046092124
2333404192508932057,2021-10,0.009438206595996064
2333404192508932057,2021-10,0.7556210657381399
2333404192508932057,2021-10,0.00948551928895952
2333404192508932057,2021-10,0.0817681371338955
2333404192508932057,2021-10,0.006995191409544199
2333404192508932057,2021-10,0.00948551928895952
2333404192508932057,2021-10,0.005715098685689884
2333404192508932057,2021-10,0.006085316349315324
2333404192508932057,2021-10,0.007806438267159886
1234611356650812259,2021-09,0.06896692646398236
326257359176916767,2021-09,0.0025925559280548533
326257359176916767,2021-09,0.0025925559280548533
326257359176916767,2021-09,0.003212381265336704
6164364689409425900,2021-09,0.004552181572745832
6164364689409425900,2021-09,0.003136438112677271
5263285038415073073,2021-09,0.3517176430850822
5263285038415073073,2021-09,0.40758914961027004
2380458252615213706,2021-09,0.3480806188896308
2380458252615213706,2021-10,0.05396070276188292
2380458252615213706,2021-10,0.10869271727929983
5854364934896993687,2021-09,0.02166502245825142
5854364934896993687,2021-09,0.04032518690103465
6284433051333854194,2021-09,0.0020601114077790157
6284433051333854194,2021-09,0.002150892821622564
6284433051333854194,2021-09,0.0034224039508817684
6284433051333854194,2021-10,0.0028551587645389547
6284433051333854194,2021-10,0.002738363462718375
7590999900861381526,2021-09,0.006718195485082481
7590999900861381526,2021-09,0.006513400187904487
7590999900861381526,2021-10,0.006036084196636483
9127318190908282126,2021-09,0.0026810654299853466
9127318190908282126,2021-10,0.0038367323458908796
9127318190908282126,2021-10,0.006274007235233552
6055278873962623670,2021-09,0.0203918449849018
8511588642284189303,2021-09,0.050745979645963425
8511588642284189303,2021-09,0.03989227210865574
8511588642284189303,2021-10,0.03778582441631026
7742008298942700792,2021-09,0.7734815207175825
7742008298942700792,2021-10,0.7992595180204966
3095408468798675621,2021-09,0.0041754012908833855
3095408468798675621,2021-09,0.004184761884597278
3095408468798675621,2021-09,0.004454029576300725
3095408468798675621,2021-09,0.005164370338539678
3095408468798675621,2021-10,0.004435766475100943
3095408468798675621,2021-10,0.00462122525766717
7231408738455755015,2021-09,0.9668602468111329
7231408738455755015,2021-10,0.9700177253290155
7231408738455755015,2021-10,0.978303269245658
8909740532547211288,2021-09,0.007817776629638624
8909740532547211288,2021-09,0.007817776629638624
8909740532547211288,2021-09,0.007817776629638624
8909740532547211288,2021-09,0.006842465894211552
8909740532547211288,2021-09,0.006842465894211552
8909740532547211288,2021-09,0.006186342310358281
8909740532547211288,2021-09,0.006186342310358281
8909740532547211288,2021-10,0.004431402776310463
8909740532547211288,2021-10,0.006434317028605614
8909740532547211288,2021-10,0.006434317028605614
8909740532547211288,2021-10,0.006531943774201471
2573553293518763494,2021-09,0.01363371069671609
2573553293518763494,2021-10,0.013047221276496683
2573553293518763494,2021-10,0.01279106642743331
6969348581033924947,2021-09,0.033753068905504065
6969348581033924947,2021-09,0.04040363871442323
6969348581033924947,2021-09,0.03282716869967758
6969348581033924947,2021-09,0.03282716869967758
6969348581033924947,2021-09,0.040311819559767884
6969348581033924947,2021-09,0.04082271856735809
6969348581033924947,2021-09,0.038269609566543794
6969348581033924947,2021-10,0.0446852914402186
6969348581033924947,2021-10,0.0594927398010721
6969348581033924947,2021-10,0.05067839210366637
6969348581033924947,2021-10,0.05067839210366637
6969348581033924947,2021-10,0.029449251093232532
6969348581033924947,2021-10,0.026483010495062534
6969348581033924947,2021-10,0.02834914194520882
7963861799566207637,2021-09,0.0012970060892097766
7963861799566207637,2021-09,0.0016649203746228881
7963861799566207637,2021-10,0.0017747653839028982
3263212305228307743,2021-09,0.0031194468542098727
3263212305228307743,2021-10,0.0023691066787866074
6662531979151878793,2021-09,0.004724623133325411
6662531979151878793,2021-09,0.0074713518162928035
6662531979151878793,2021-09,0.006417549457128536
6754039979151386401,2021-09,0.005648637655308427
6754039979151386401,2021-09,0.007648393762540603
6754039979151386401,2021-10,0.012615250894078712
5689766561863956319,2021-09,0.026271596627224485
5689766561863956319,2021-09,0.013329249779812685
6061850657256270336,2021-09,0.010749888262832187
6061850657256270336,2021-09,0.011277016800748227
6061850657256270336,2021-10,0.007908809043778872
6061850657256270336,2021-10,0.008810636697728752
6061850657256270336,2021-10,0.009527348155759
6061850657256270336,2021-10,0.008463881693161446
8374461419511631785,2021-09,0.028784256369326484
8374461419511631785,2021-09,0.04584270206411166
2119292203323657032,2021-09,0.011112591664382368
2119292203323657032,2021-09,0.009684347657467013
2119292203323657032,2021-09,0.007008545849257196
2119292203323657032,2021-10,0.010051476789339403
2119292203323657032,2021-10,0.004856656357194143
7787306805605072964,2021-09,0.4949287033936974
7787306805605072964,2021-09,0.5591267524150778
7787306805605072964,2021-10,0.5994369204878347
5864443060004179363,2021-09,0.002234881462504487
5864443060004179363,2021-09,0.002635604470034412
5864443060004179363,2021-09,0.002451775375076267
5864443060004179363,2021-09,0.002549390970568978
5864443060004179363,2021-09,0.0032058751827725666
5864443060004179363,2021-10,0.004020650768578601
5864443060004179363,2021-10,0.017828234993857658
5864443060004179363,2021-10,0.004191380768550569
5864443060004179363,2021-10,0.004450517915457364
5864443060004179363,2021-10,0.004255031550587592
3480297543931395935,2021-09,0.34156050731372595
3480297543931395935,2021-09,0.31106406603566494
3480297543931395935,2021-09,0.4270237587945879
3480297543931395935,2021-10,0.5977267805869921
3480297543931395935,2021-10,0.6053230509823363
3480297543931395935,2021-10,0.43223317858189797
8623308321032624474,2021-09,0.18393545264267938
8623308321032624474,2021-10,0.13988843175699012
4432551314797496562,2021-09,0.8772880823459995
2658946240987854807,2021-09,0.009474300817375112
2658946240987854807,2021-10,0.3832892113167862
312543480920432545,2021-09,0.003958586466902749
312543480920432545,2021-09,0.0033570010006211052
312543480920432545,2021-09,0.006561502795966628
312543480920432545,2021-10,0.0030899546828116967
312543480920432545,2021-10,0.003033052861992083
312543480920432545,2021-10,0.00347949868533471
7182085930008391174,2021-09,0.022436177790190897
7182085930008391174,2021-10,0.021187421027786344
7870373680211625064,2021-09,0.033128304426415914
7870373680211625064,2021-09,0.02778997645483768
7870373680211625064,2021-10,0.028804304012180742
7870373680211625064,2021-10,0.02591447680910497
7870373680211625064,2021-10,0.02061563908940994
7870373680211625064,2021-10,0.026395819513636155
8785648114090695180,2021-09,0.012339944662252432
8785648114090695180,2021-09,0.011713809512580874
6448580780254847411,2021-09,0.01767915353299671
6448580780254847411,2021-09,0.021926252672256414
2951563549197799278,2021-09,0.0033146558279143357
2951563549197799278,2021-09,0.004081473464634465
2951563549197799278,2021-10,0.004674236158684164
2951563549197799278,2021-10,0.004718028160142932
2951563549197799278,2021-10,0.004506481078486564
4061297388883391410,2021-09,0.010355863540842765
4061297388883391410,2021-09,0.005807930689154272
4061297388883391410,2021-10,0.138026911289291
4061297388883391410,2021-10,0.008421143094822746
4061297388883391410,2021-10,0.006352043058589088
968400235888951633,2021-09,0.0024434907632417966
968400235888951633,2021-09,0.0019993901138835764
968400235888951633,2021-10,0.0031453988711272448
968400235888951633,2021-10,0.003909779222764684
968400235888951633,2021-10,0.003499506194172141
968400235888951633,2021-10,0.004223789005666628
968400235888951633,2021-10,0.004303053549431843
6865071386683133124,2021-09,0.08982457686309707
6865071386683133124,2021-09,0.10097928847203448
9101617110967101591,2021-09,0.008222933885698298
8041261093764417881,2021-09,0.002829078844965291
8041261093764417881,2021-09,0.0030818368872262535
8041261093764417881,2021-10,0.0029497017781828084
8041261093764417881,2021-10,0.0025169777646685816
8041261093764417881,2021-10,0.0022116081074641195
8041261093764417881,2021-10,0.0030525141450476433
5694881483989656694,2021-09,0.010585523785101839
6759864637454708017,2021-09,0.06800681790209519
6759864637454708017,2021-09,0.06800681790209519
6759864637454708017,2021-09,0.06695388763158237
6759864637454708017,2021-09,0.06632086660384148
6759864637454708017,2021-09,0.06632086660384148
6759864637454708017,2021-10,0.058414564023894514
6759864637454708017,2021-10,0.05726647682204972
6759864637454708017,2021-10,0.10583505679591025
6759864637454708017,2021-10,0.05777420975033723
6759864637454708017,2021-10,0.05722265600777967
417157680860985231,2021-09,0.003309936765074881
417157680860985231,2021-09,0.5318276740576121
417157680860985231,2021-09,0.0031900946100591214
417157680860985231,2021-09,0.003090498102623801
417157680860985231,2021-10,0.0027764200381785297
417157680860985231,2021-10,0.0031146675464585345
4661684997487171886,2021-09,0.017282563212524374
4661684997487171886,2021-09,0.021471564435438715
4661684997487171886,2021-10,0.01753717200749891
4661684997487171886,2021-10,0.014892638288853812
3415156360538677905,2021-09,0.03829038691659211
1097345589386012260,2021-09,0.00448707267351419
1097345589386012260,2021-10,0.026719709466111026
1613152204777372951,2021-09,0.01429569495373804
5048392903148444335,2021-09,0.04980521189675528
5048392903148444335,2021-10,0.09477202337914396
5558533999208199371,2021-09,0.7685212043162636
7215093571368368138,2021-09,0.35575250738952546
7215093571368368138,2021-09,0.3218941473961501
7215093571368368138,2021-10,0.26689932942334516
7215093571368368138,2021-10,0.33415183266447096
7215093571368368138,2021-10,0.24257460183659899
7215093571368368138,2021-10,0.12589723183098456
1415340753324392369,2021-09,0.02344408607189877
1299146298565441811,2021-09,0.039010321974792116
1299146298565441811,2021-10,0.2262318360926967
3605652314611460806,2021-09,0.007898374210665627
3605652314611460806,2021-10,0.007882919009430292
3605652314611460806,2021-10,0.007899643507314136
2233850024349336054,2021-09,0.08124048325027948
835441927760881602,2021-09,0.38327173649615814
835441927760881602,2021-09,0.34972266152956893
835441927760881602,2021-10,0.47804143971579927
835441927760881602,2021-10,0.4680665218215795
4296149971687628223,2021-09,0.08172152997981648
4296149971687628223,2021-09,0.07748239384978355
4296149971687628223,2021-10,0.06090182199740206
8609211777002937758,2021-09,0.004510065118649454
8609211777002937758,2021-09,0.006449500874839286
8609211777002937758,2021-09,0.006349325462114001
8609211777002937758,2021-09,0.006253907504334937
8609211777002937758,2021-10,0.0023753389584515758
4593070249039532001,2021-09,0.004582298580115877
4593070249039532001,2021-10,0.0054068121690046995
4593070249039532001,2021-10,0.00448383791401651
4593070249039532001,2021-10,0.004881711212755007
4724876423989598202,2021-09,0.02404403332330495
4724876423989598202,2021-09,0.01120262970058739
4724876423989598202,2021-10,0.1774625855547203
4724876423989598202,2021-10,0.009463018628829317
4724876423989598202,2021-10,0.012613676425758667
4724876423989598202,2021-10,0.017872174648819916
4724876423989598202,2021-10,0.01889218009751409
4724876423989598202,2021-10,0.009451564022313725
5999145415800242177,2021-09,0.013215852165903978
5999145415800242177,2021-10,0.006367432153527652
5999145415800242177,2021-10,0.19159114774787123
5999145415800242177,2021-10,0.009311601867659378
1292049196559782171,2021-09,0.004597180777727629
1292049196559782171,2021-09,0.004652108973599958
1292049196559782171,2021-09,0.0049905422508880574
1292049196559782171,2021-10,0.00349216382268504
1292049196559782171,2021-10,0.003085048685758081
1192891347324061812,2021-09,0.002249850500527101
1192891347324061812,2021-09,0.0043067726510584575
1192891347324061812,2021-09,0.0052497558955155975
1192891347324061812,2021-10,0.003743929520318298
1192891347324061812,2021-10,0.0038909010177931433
4165983075385227812,2021-09,0.009105454271337484
6056959220685085102,2021-09,0.0541203677734381
6056959220685085102,2021-10,0.9061061650966393
6056959220685085102,2021-10,0.05858607302206292
6056959220685085102,2021-10,0.04088152038325232
6056959220685085102,2021-10,0.04245839907757912
8348574220426911086,2021-09,0.0071678078104703445
8348574220426911086,2021-09,0.012030355298171525
8348574220426911086,2021-09,0.016227775052440448
8348574220426911086,2021-10,0.009574674678826115
8348574220426911086,2021-10,0.009008164624301854
4347826483121154490,2021-09,0.002078589752681021
4347826483121154490,2021-09,0.002014635285252383
4347826483121154490,2021-09,0.0021431392330520465
4347826483121154490,2021-09,0.001856859744201168
4347826483121154490,2021-10,0.002033572585284169
4347826483121154490,2021-10,0.001772983035120524
4347826483121154490,2021-10,0.001781991564493914
4347826483121154490,2021-10,0.0023836184571389783
3382609338395832683,2021-09,0.2074336899466177
3382609338395832683,2021-09,0.19591541523732706
2397171153213063761,2021-09,0.012029399717222113
2397171153213063761,2021-09,0.013565958077496007
2397171153213063761,2021-09,0.014965039864472585
2397171153213063761,2021-09,0.015186446868048934
2397171153213063761,2021-09,0.014127132445145688
2397171153213063761,2021-09,0.014053394870181554
2397171153213063761,2021-09,0.021069201621069063
2397171153213063761,2021-09,0.018852971090049624
2397171153213063761,2021-10,0.013756410373088557
2397171153213063761,2021-10,0.009523249313524643
2397171153213063761,2021-10,0.011462402085007201
2397171153213063761,2021-10,0.01060164448158941
2397171153213063761,2021-10,0.010257366997353799
2397171153213063761,2021-10,0.011660286128080274
2397171153213063761,2021-10,0.010183569173386949
2397171153213063761,2021-10,0.05059718922684969
2397171153213063761,2021-10,0.06429130352453105
2408009918678280470,2021-09,0.10165499962244987
2408009918678280470,2021-09,0.0830722861326743
2408009918678280470,2021-09,0.07656614739578561
2408009918678280470,2021-09,0.0830722861326743
2408009918678280470,2021-09,0.06622458937915425
2408009918678280470,2021-09,0.08671210412802584
2408009918678280470,2021-10,0.05758144659910185
2408009918678280470,2021-10,0.06117071825142189
2408009918678280470,2021-10,0.06742489751432802
2408009918678280470,2021-10,0.06439573704528812
2408009918678280470,2021-10,0.05269966941730929
2408009918678280470,2021-10,0.052638271360388844
2408009918678280470,2021-10,0.1054590322482099
2408009918678280470,2021-10,0.1054590322482099
1958660709350677213,2021-09,0.38089994335659566
1958660709350677213,2021-10,0.33982019698032384
5860276371789140450,2021-09,0.02883404556501052
5860276371789140450,2021-10,0.031429799669492615
2201150681962815877,2021-09,0.011485174369705411
2201150681962815877,2021-09,0.016276612341469758
7142043104834932013,2021-09,0.02251634316160281
7142043104834932013,2021-09,0.01828115832788826
7142043104834932013,2021-10,0.013769007826096009
7142043104834932013,2021-10,0.020133588345710766
6134696632487351445,2021-09,0.0025134802260227767
6134696632487351445,2021-09,0.003984587775739715
4660230701075746534,2021-09,0.6641896473812254
8536031856585966123,2021-09,0.008110247616121296
8536031856585966123,2021-09,0.011021945326274648
2214132103234633622,2021-09,0.010397820176386921
2214132103234633622,2021-09,0.010397820176386921
2214132103234633622,2021-09,0.007104301695116302
2214132103234633622,2021-10,0.029329540528961664
2214132103234633622,2021-10,0.03613386592309344
2214132103234633622,2021-10,0.03517279460105491
2214132103234633622,2021-10,0.03141285074281945
2214132103234633622,2021-10,0.039633941463487914
1118514612547157551,2021-09,0.059710381458227074
1118514612547157551,2021-09,0.038891125087727324
1118514612547157551,2021-09,0.03970027362740196
1118514612547157551,2021-09,0.033756059921114696
1118514612547157551,2021-09,0.04065835943660096
1118514612547157551,2021-10,0.7216757453357374
1118514612547157551,2021-10,0.025217163872502727
4524147234488547993,2021-09,0.006439913261220762
4524147234488547993,2021-09,0.00612150321295557
4524147234488547993,2021-10,0.005398924974045151
4524147234488547993,2021-10,0.0047424462040267625
8961924617442201922,2021-09,0.0019234404442252516
8961924617442201922,2021-10,0.0031990185088939956
8961924617442201922,2021-10,0.002847965327036633
8961924617442201922,2021-10,0.002930745582339707
3093415403379897112,2021-09,0.008656116474744496
3093415403379897112,2021-09,0.01139929736444559
3093415403379897112,2021-10,0.028431936892371102
3093415403379897112,2021-10,0.011522678982421132
170089315547146305,2021-09,0.014090181264989139
170089315547146305,2021-09,0.006872912506175567
170089315547146305,2021-09,0.006872912506175567
170089315547146305,2021-09,0.006106311993861901
170089315547146305,2021-10,0.006502906468020431
170089315547146305,2021-10,0.010178460388406215
170089315547146305,2021-10,0.009254529869349264
170089315547146305,2021-10,0.009254529869349264
7177785309735471560,2021-09,0.002553831970828892
7177785309735471560,2021-09,0.003207418228883641
7177785309735471560,2021-09,0.0032244124219612566
7177785309735471560,2021-09,0.0023896248443200374
7177785309735471560,2021-10,0.004010744487706124
7177785309735471560,2021-10,0.0037329880636365505
7177785309735471560,2021-10,0.00252858320233946
7177785309735471560,2021-10,0.00252858320233946
7177785309735471560,2021-10,0.0028077080833270713
6238903426443761049,2021-09,0.02737379694180464
6238903426443761049,2021-09,0.025520687927456046
6238903426443761049,2021-09,0.0202546971208191
6238903426443761049,2021-09,0.03832462596606796
6238903426443761049,2021-10,0.015423973918124653
6238903426443761049,2021-10,0.015506179640049519
5503073374822479037,2021-09,0.05425707678338238
5503073374822479037,2021-09,0.05834956157274626
8287608084245946173,2021-09,0.007161021347136582
8287608084245946173,2021-09,0.00644112856676848
8287608084245946173,2021-10,0.005451544314934655
8287608084245946173,2021-10,0.005452497703144547
8287608084245946173,2021-10,0.004886588259455641
8287608084245946173,2021-10,0.005858783374142738
8287608084245946173,2021-10,0.005644032140663942
8287608084245946173,2021-10,0.005644032140663942
2128970218770090704,2021-09,0.009263041692596835
2128970218770090704,2021-09,0.011186668493752256
2128970218770090704,2021-09,0.00989085206969519
2128970218770090704,2021-09,0.012351992193581237
2128970218770090704,2021-09,0.0120057685113534
2128970218770090704,2021-09,0.010267825404648124
2128970218770090704,2021-10,0.008754629998023292
2128970218770090704,2021-10,0.007909070174444808
2128970218770090704,2021-10,0.011659521393922656
2128970218770090704,2021-10,0.007632644754837503
3281818438120834833,2021-09,0.0022084533046999202
6926309382371178621,2021-09,0.007928360291860281
6091519986999196884,2021-09,0.011759193142846711
864510931144626280,2021-09,0.008087668836179425
864510931144626280,2021-09,0.005426295573359299
864510931144626280,2021-09,0.007004151909538558
864510931144626280,2021-09,0.005657507988310808
864510931144626280,2021-09,0.005455351134204219
7436628409157313756,2021-09,0.04077067760867649
7949169060790541229,2021-09,0.005331728878435672
7949169060790541229,2021-10,0.0077758117686970675
7949169060790541229,2021-10,0.006321531736738047
7949169060790541229,2021-10,0.044770825153295855
3258345688897172820,2021-09,0.03503822044917052
3258345688897172820,2021-09,0.020883854563344212
3258345688897172820,2021-10,0.020842018759916443
3258345688897172820,2021-10,0.01933462299094619
8464769152264029983,2021-09,0.06884090296158507
8716163053080758848,2021-09,0.005017205906793832
8716163053080758848,2021-09,0.006718379615838044
8716163053080758848,2021-09,0.007514822312857547
8716163053080758848,2021-09,0.007832405977611293
8716163053080758848,2021-09,0.006776166291406964
8716163053080758848,2021-09,0.006776166291406964
8716163053080758848,2021-10,0.008731393916450315
8716163053080758848,2021-10,0.006554571656461469
8716163053080758848,2021-10,0.010965134995962788
8716163053080758848,2021-10,0.009085072980018654
8716163053080758848,2021-10,0.005869768060068293
8716163053080758848,2021-10,0.005012130140728528
8716163053080758848,2021-10,0.006377829362966191
187117706370645370,2021-09,0.017088646523485792
187117706370645370,2021-10,0.027854319215024473
187117706370645370,2021-10,0.01738802191961984
187117706370645370,2021-10,0.03311869996132277
3888528635045328222,2021-09,0.0861475935009821
3888528635045328222,2021-10,0.7664658963919372
3888528635045328222,2021-10,0.08171405863376202
5371387005775513675,2021-09,0.27751982715654777
5371387005775513675,2021-10,0.265307463081928
5371387005775513675,2021-10,0.1993586424590173
257162352336759783,2021-09,0.0037214685701875295
257162352336759783,2021-09,0.0032975488481797816
257162352336759783,2021-09,0.0032488778710210693
257162352336759783,2021-10,0.006911066926073974
234898976850399181,2021-09,0.010937543671903062
234898976850399181,2021-10,0.3087452911254307
234898976850399181,2021-10,0.01042380062480198
4993499380140734678,2021-09,0.002603147250376953
4993499380140734678,2021-10,0.630057466797378
5042877476420217533,2021-09,0.010627315648310279
5042877476420217533,2021-09,0.013557835657562354
5042877476420217533,2021-09,0.01056673147566307
5042877476420217533,2021-10,0.018298650769227542
5042877476420217533,2021-10,0.011793924483347403
5042877476420217533,2021-10,0.010379108922775486
4956614249204803652,2021-09,0.05899744863648211
4956614249204803652,2021-10,0.033416897569361254
7750874287225529604,2021-09,0.0038789259305973003
7750874287225529604,2021-09,0.004949028737035034
7750874287225529604,2021-10,0.004019848691081432
3807130563335796378,2021-09,0.07005031862864784
3807130563335796378,2021-10,0.051252436531084695
2123312420728961012,2021-09,0.015892308523913195
2123312420728961012,2021-10,0.014959894737291155
1182975716201409626,2021-09,0.01228823103793816
1182975716201409626,2021-09,0.015621795635596786
1182975716201409626,2021-10,0.01324129236817118
1182975716201409626,2021-10,0.013807752011285323
7664272163315705419,2021-09,0.006291735973964518
7664272163315705419,2021-10,0.012248767239425914
4614484019183480654,2021-09,0.005367279848434516
3228830386980584958,2021-09,0.00397434640219355
3228830386980584958,2021-09,0.005520277157230541
3228830386980584958,2021-10,0.004604211044317866
3228830386980584958,2021-10,0.0039739138052665894
2735662700719640627,2021-09,0.06985437809110441
2250817603281429928,2021-09,0.0021725842775586557
2250817603281429928,2021-10,0.00230549225293837
2250817603281429928,2021-10,0.0017242050792809316
2250817603281429928,2021-10,0.001791970624254949
2250817603281429928,2021-10,0.0019169240819624477
6276792736652545216,2021-09,0.0019293951866012687
6276792736652545216,2021-10,0.0032912535748884277
6276792736652545216,2021-10,0.003004318712562639
6276792736652545216,2021-10,0.049092718287417694
6276792736652545216,2021-10,0.0027701145459539923
4588313530969303734,2021-09,0.07116436088902235
4588313530969303734,2021-10,0.08711979633409156
4588313530969303734,2021-10,0.08582753427080211
4571290108043699959,2021-09,0.0013023288882532146
4571290108043699959,2021-09,0.0019550628425717034
6098833389547425063,2021-09,0.03439137783449823
6098833389547425063,2021-10,0.39334089358383917
6098833389547425063,2021-10,0.03372094212122316
2687720147676132707,2021-09,0.004159534772637447
2687720147676132707,2021-09,0.009633558312065044
2687720147676132707,2021-10,0.005200631673361026
622073912578471754,2021-09,0.6180320765738859
622073912578471754,2021-09,0.5986910166536218
622073912578471754,2021-10,0.5103894055364723
2278650548373578523,2021-09,0.20384607845950722
2278650548373578523,2021-09,0.1359460800148828
2278650548373578523,2021-10,0.29139640036487013
1117184216453911295,2021-09,0.01909913006861573
1117184216453911295,2021-10,0.7128353841741669
1117184216453911295,2021-10,0.7101569823122695
5993765508162121762,2021-09,0.03409970200979045
5993765508162121762,2021-09,0.04134264486529918
5993765508162121762,2021-10,0.05133678177742796
8252215766413781202,2021-09,0.022233531530229184
8252215766413781202,2021-10,0.016068659815617857
5255460548789019114,2021-09,0.011326924553069887
5635781225931111684,2021-09,0.013171720270295941
5635781225931111684,2021-09,0.013483561934415378
5635781225931111684,2021-10,0.013406462733509277
1088521227159442264,2021-09,0.008097889962398878
1088521227159442264,2021-09,0.006599658621185252
1088521227159442264,2021-09,0.006599658621185252
1088521227159442264,2021-10,0.009820192482131165
1088521227159442264,2021-10,0.010673526480277832
524026009392362402,2021-09,0.5169518779679894
524026009392362402,2021-09,0.009652171297749623
524026009392362402,2021-10,0.009532404237805462
8646472172649019955,2021-09,0.3220604526430508
8646472172649019955,2021-09,0.29136839555458394
8646472172649019955,2021-10,0.9035571821509971
8646472172649019955,2021-10,0.34302801296017105
8646472172649019955,2021-10,0.34302801296017105
8646472172649019955,2021-10,0.3001034520636568
5271591321704178730,2021-09,0.005516646302266394
5271591321704178730,2021-10,0.004633042096272896
5511113649464808344,2021-09,0.32629754550897044
5511113649464808344,2021-10,0.8897270827905658
5511113649464808344,2021-10,0.39493411197392886
5511113649464808344,2021-10,0.44256086861051197
1536087798470875922,2021-09,0.2647705118278301
1536087798470875922,2021-09,0.2579376600031764
1536087798470875922,2021-09,0.2834908146486709
1536087798470875922,2021-10,0.1580176561333684
1536087798470875922,2021-10,0.16371545580121422
7911162482760986289,2021-09,0.42484559712195374
7911162482760986289,2021-10,0.43843868096235356
2808145376905474927,2021-09,0.018690749428534086
2808145376905474927,2021-09,0.024720575890013183
2808145376905474927,2021-10,0.01420544797078056
2808145376905474927,2021-10,0.01604873067434533
4335865859049992260,2021-09,0.005960369960324508
4335865859049992260,2021-09,0.00875939498754316
4334472256949955221,2021-09,0.013169799332020162
4334472256949955221,2021-09,0.01143668011297305
86110062990790869,2021-09,0.05105494088666327
86110062990790869,2021-10,0.04622700740945558
86110062990790869,2021-10,0.042450803201815636
8828303152301461681,2021-09,0.020784322291763652
8828303152301461681,2021-09,0.02000408372058716
8828303152301461681,2021-09,0.024736085439118705
8828303152301461681,2021-10,0.021907407702330725
8609938720215175911,2021-09,0.01769744607124815
8609938720215175911,2021-09,0.01737130831665659
8609938720215175911,2021-10,0.02465704677546485
8609938720215175911,2021-10,0.03237918307310531
2780030912070252968,2021-09,0.07634534427354916
2780030912070252968,2021-10,0.1240364268019012
683445437387317282,2021-09,0.004428417540069533
683445437387317282,2021-09,0.0020077774261002533
683445437387317282,2021-10,0.00218898525088812
683445437387317282,2021-10,0.0021496508285396704
683445437387317282,2021-10,0.002378033831133359
683445437387317282,2021-10,0.001913595597027108
683445437387317282,2021-10,0.001876259990569954
683445437387317282,2021-10,0.003435289189499173
2033394215069562776,2021-09,0.044009779834965776
2033394215069562776,2021-10,0.04303080637016192
2033394215069562776,2021-10,0.046132132672411244
2033394215069562776,2021-10,0.04435660199437274
1052398277967427422,2021-09,0.014722050465632743
1052398277967427422,2021-10,0.014824833223030229
1052398277967427422,2021-10,0.5708555431508007
7895753719321668294,2021-09,0.006298918396538903
7895753719321668294,2021-09,0.007727175863051453
7895753719321668294,2021-09,0.006719615167146578
7895753719321668294,2021-10,0.009710264024236392
7895753719321668294,2021-10,0.008689105347111346
7895753719321668294,2021-10,0.007098381087715591
1454789421854453615,2021-09,0.01924313515267457
1454789421854453615,2021-09,0.0346973501940559
1454789421854453615,2021-09,0.02794458620060414
1454789421854453615,2021-09,0.027714904652704236
1454789421854453615,2021-09,0.031109586831029972
1454789421854453615,2021-09,0.020995550075366513
1454789421854453615,2021-09,0.030230281719979185
1454789421854453615,2021-10,0.02670399875446235
8505870778358741102,2021-09,0.034470767376332236
8505870778358741102,2021-10,0.023666054965075272
8505870778358741102,2021-10,0.6945340896273734
8505870778358741102,2021-10,0.023291046809905132
8505870778358741102,2021-10,0.04082761559904294
1033361676287635885,2021-09,0.016565188036345657
1033361676287635885,2021-09,0.019572855789885973
1033361676287635885,2021-10,0.021862342548926748
1033361676287635885,2021-10,0.019931745112184183
8083157716178259762,2021-09,0.0036585503585779408
8083157716178259762,2021-10,0.002556983224631751
3543162424793477785,2021-09,0.028076147147753302
3543162424793477785,2021-09,0.03177144953568701
3543162424793477785,2021-10,0.01548367223722138
3279078057358159966,2021-09,0.012524018137586275
3279078057358159966,2021-09,0.011380905256428032
3279078057358159966,2021-10,0.01023138617707596
3279078057358159966,2021-10,0.011716310244325956
1683619849073499603,2021-09,0.008521531045578668
1683619849073499603,2021-10,0.00923341965469193
1683619849073499603,2021-10,0.009832184051130101
1683619849073499603,2021-10,0.007591203406351139
1696462947583294958,2021-09,0.01182648457932619
1696462947583294958,2021-10,0.007900189215747496
1272921915900711149,2021-09,0.00400729182139464
1272921915900711149,2021-09,0.004125694122856807
1272921915900711149,2021-10,0.005406514764121523
1272921915900711149,2021-10,0.0035269713246127796
4052557282157719526,2021-09,0.013496591805629255
4052557282157719526,2021-09,0.013262260521335407
4052557282157719526,2021-10,0.026860412906974662
4052557282157719526,2021-10,0.01436412121815684
4052557282157719526,2021-10,0.011877618607590922
4052557282157719526,2021-10,0.011133039683281946
2773493808492482979,2021-09,0.003830845083247551
5574997762710520717,2021-09,0.011728428967038875
6724017568171288443,2021-09,0.01149082464948303
6724017568171288443,2021-09,0.011835828013967473
6724017568171288443,2021-10,0.005118596246713294
837142477962609471,2021-09,0.017105732825454405
837142477962609471,2021-09,0.01527425411212376
837142477962609471,2021-09,0.01333506237097844
837142477962609471,2021-09,0.013222582990865327
837142477962609471,2021-09,0.013217754082790955
837142477962609471,2021-09,0.013217754082790955
837142477962609471,2021-10,0.012992902125430021
837142477962609471,2021-10,0.01471017807142516
4769364850030443969,2021-09,0.04073555752948537
4769364850030443969,2021-10,0.6429070756394724
4769364850030443969,2021-10,0.03803329241864741
6987942592445950913,2021-09,0.004385717738279722
6987942592445950913,2021-09,0.004507014651008235
6987942592445950913,2021-09,0.004098618959408172
6987942592445950913,2021-10,0.0035759391448340334
6987942592445950913,2021-10,0.09339051950922954
6987942592445950913,2021-10,0.003882053302903049
6987942592445950913,2021-10,0.0032950003688953884
4919908458022265747,2021-09,0.0068759847450050315
4919908458022265747,2021-10,0.006317157462213739
4919908458022265747,2021-10,0.15298816038147037
4919908458022265747,2021-10,0.004794675244437602
8123515208041701633,2021-09,0.6044411358888137
8123515208041701633,2021-10,0.03132711092613563
8123515208041701633,2021-10,0.888622111041132
6817075905797098547,2021-09,0.05447013408223654
6817075905797098547,2021-10,0.03202592901027452
6817075905797098547,2021-10,0.04094588992088151
6817075905797098547,2021-10,0.06390789528246996
3408536439470975134,2021-09,0.0022969340359885984
3408536439470975134,2021-09,0.002661816346659729
3408536439470975134,2021-09,0.002582620688363689
3408536439470975134,2021-10,0.006353997655896984
3408536439470975134,2021-10,0.00624444069135606
3408536439470975134,2021-10,0.00624444069135606
3408536439470975134,2021-10,0.00624444069135606
7085295800541340563,2021-09,0.023767927109777306
7085295800541340563,2021-10,0.009848466226311171
3668905663669864663,2021-09,0.014844949774901816
3668905663669864663,2021-10,0.010354614713456363
4130617254899676131,2021-09,0.05006455316486366
4130617254899676131,2021-10,0.049293238217069914
4130617254899676131,2021-10,0.03971457707857327
175003104385133396,2021-09,0.0073729533133387645
175003104385133396,2021-10,0.25476720665664854
175003104385133396,2021-10,0.003005065376172506
7076661330300123587,2021-09,0.011545282883853791
4342146186255136598,2021-09,0.0043898206933425
4342146186255136598,2021-09,0.004217869374924891
4342146186255136598,2021-10,0.002266570468299797
4342146186255136598,2021-10,0.002266570468299797
4342146186255136598,2021-10,0.0018972368926192809
4342146186255136598,2021-10,0.005385265856685351
4342146186255136598,2021-10,0.005385265856685351
4342146186255136598,2021-10,0.0027297393748199465
2012477868296377155,2021-09,0.010345689894800223
2012477868296377155,2021-10,0.012903008422237319
2012477868296377155,2021-10,0.021639336504370266
2012477868296377155,2021-10,0.017582858493492507
2092588065958607289,2021-09,0.01583726035368151
2092588065958607289,2021-09,0.017815910731564646
2092588065958607289,2021-10,0.018864717659183808
2092588065958607289,2021-10,0.020357833743918217
2092588065958607289,2021-10,0.014062277110742165
2092588065958607289,2021-10,0.012679259387611287
7810985951121711480,2021-09,0.08796537209482083
7810985951121711480,2021-10,0.05815330005458127
7810985951121711480,2021-10,0.01671041542874312
7810985951121711480,2021-10,0.02549615356617757
3591324331706630867,2021-09,0.05636745292395346
3591324331706630867,2021-09,0.03902342578082869
3591324331706630867,2021-10,0.060027674967835266
3591324331706630867,2021-10,0.060027674967835266
3591324331706630867,2021-10,0.09287180595258905
3591324331706630867,2021-10,0.04237324299718302
5687511145009775604,2021-09,0.17705326753940398
5687511145009775604,2021-10,0.2115408624312659
5687511145009775604,2021-10,0.21550104771933945
1637960623843047520,2021-09,0.29281238179993874
1637960623843047520,2021-10,0.2791570599949018
1637960623843047520,2021-10,0.23202361444808106
4008627434689715639,2021-09,0.2711263509191273
4008627434689715639,2021-09,0.19448125661180768
4008627434689715639,2021-10,0.09969940215980155
4008627434689715639,2021-10,0.10629794388103828
4008627434689715639,2021-10,0.15188302463708367
4008627434689715639,2021-10,0.12468638594442305
4008627434689715639,2021-10,0.08199116435519238
924957821424248698,2021-09,0.002632064149738878
1945147145527703963,2021-09,0.009312856725293571
2903869860445366876,2021-09,0.005805807424235418
2903869860445366876,2021-09,0.006627329386675287
2903869860445366876,2021-10,0.007679493694049354
2903869860445366876,2021-10,0.006231372063785798
4532469127306079736,2021-09,0.004511009992247847
4532469127306079736,2021-09,0.00430869541681608
4532469127306079736,2021-10,0.0034199833383371154
8748106677402909629,2021-09,0.02370043205871938
6367769402148499693,2021-09,0.005936405675331923
6367769402148499693,2021-09,0.005936405675331923
6367769402148499693,2021-10,0.00695534322888931
6367769402148499693,2021-10,0.007466328293633612
7692335720341018458,2021-09,0.0044649588018100695
7692335720341018458,2021-09,0.009964867178863553
7692335720341018458,2021-10,0.006652325599737208
5753677550753111444,2021-09,0.001139296463672962
5753677550753111444,2021-09,0.0011174577295480314
5753677550753111444,2021-10,0.0011700150654095642
4095739077267179172,2021-09,0.10980408962027079
4095739077267179172,2021-10,0.1045052736978051
4095739077267179172,2021-10,0.08357285385950314
1741049493106216406,2021-09,0.3608694639330307
6633838062940819075,2021-09,0.009131994509814457
6633838062940819075,2021-09,0.009131994509814457
6633838062940819075,2021-10,0.004617359397949545
6633838062940819075,2021-10,0.0036730071986035805
6633838062940819075,2021-10,0.005426544166314352
6633838062940819075,2021-10,0.005021073427197506
6633838062940819075,2021-10,0.004093443790377586
6633838062940819075,2021-10,0.005426544166314352
7444686668183702737,2021-09,0.0023860286542698545
7444686668183702737,2021-09,0.002288732716160345
7444686668183702737,2021-10,0.0018652803436085249
39547025441582855,2021-09,0.037176854618444895
39547025441582855,2021-09,0.03306441087422671
39547025441582855,2021-10,0.01594437753135966
39547025441582855,2021-10,0.013689979561215279
1078687383992817574,2021-09,0.2746988535325827
1078687383992817574,2021-09,0.4003602892130703
1078687383992817574,2021-10,0.3577946162709311
1078687383992817574,2021-10,0.37299412288157935
1078687383992817574,2021-10,0.4168882605388343
1078687383992817574,2021-10,0.3426377231387822
1078687383992817574,2021-10,0.16764619542605783
1078687383992817574,2021-10,0.20328620682096976
1078687383992817574,2021-10,0.24594906334012867
3822753345985951756,2021-09,0.00807823484448104
3822753345985951756,2021-10,0.017630555777038225
3822753345985951756,2021-10,0.018064293008972776
3822753345985951756,2021-10,0.015680954278217384
6950439982480713649,2021-09,0.10982732254845506
7246466789138290692,2021-09,0.09923284562693932
5757271354816214865,2021-09,0.9284580038242136
5757271354816214865,2021-09,0.9316661136083425
5757271354816214865,2021-09,0.9284580038242136
8045116560666679751,2021-09,0.08573871164476231
8045116560666679751,2021-09,0.05908275937601107
4489904752023469353,2021-09,0.07527665497584453
4489904752023469353,2021-09,0.5052095799764329
4489904752023469353,2021-10,0.06609331808392982
5440313607363845188,2021-09,0.00282313371236509
5440313607363845188,2021-10,0.003227869781371994
5440313607363845188,2021-10,0.003246191624929081
8596605705893456305,2021-09,0.8365970040642431
8596605705893456305,2021-09,0.8365970040642431
8596605705893456305,2021-09,0.8365970040642431
8596605705893456305,2021-09,0.8179855821198536
8596605705893456305,2021-09,0.8344483175548929
8596605705893456305,2021-10,0.8163774267704815
8596605705893456305,2021-10,0.8672057770412793
8596605705893456305,2021-10,0.8175766572244192
4795152981525833467,2021-09,0.021856238000860295
4795152981525833467,2021-09,0.010529596017282499
4795152981525833467,2021-10,0.008385961887689147
4795152981525833467,2021-10,0.007927607857377764
4795152981525833467,2021-10,0.01592663991300052
4795152981525833467,2021-10,0.014955164794560447
7468724002190465812,2021-09,0.008572147687026561
3915426102465954493,2021-09,0.0026842799442163908
3915426102465954493,2021-10,0.0035473973699414493
7398738404146260251,2021-09,0.0071467754098100186
7398738404146260251,2021-09,0.005327974348092315
7398738404146260251,2021-10,0.08670235885496601
7398738404146260251,2021-10,0.004559950601551885
5897410907783139228,2021-09,0.0185281227356296
5897410907783139228,2021-09,0.02076159056869654
5897410907783139228,2021-09,0.02076159056869654
5897410907783139228,2021-10,0.011804713703430354
5897410907783139228,2021-10,0.014579241269123765
7457803471605010846,2021-09,0.0028922127662688053
7457803471605010846,2021-10,0.0033443906690939942
7457803471605010846,2021-10,0.003357127782861877
7457803471605010846,2021-10,0.0034449256455379926
3045840317107313913,2021-09,0.0077932117882905
3045840317107313913,2021-10,0.006538474970440643
3045840317107313913,2021-10,0.006800520084145723
3045840317107313913,2021-10,0.017264767122315634
3045840317107313913,2021-10,0.007043606538161708
3045840317107313913,2021-10,0.010061066473317715
3045840317107313913,2021-10,0.012107525449343182
6722781660631652440,2021-09,0.016009395044514853
531805620371082364,2021-09,0.08327002401080155
531805620371082364,2021-09,0.05502857209723911
531805620371082364,2021-10,0.04567677471791816
531805620371082364,2021-10,0.054212167143972124
531805620371082364,2021-10,0.043757075883980937
2619109825960703851,2021-09,0.032773963895736426
2619109825960703851,2021-09,0.027722341851196566
2619109825960703851,2021-10,0.03981992308721546
2382123267535341265,2021-09,0.011384182297846756
2382123267535341265,2021-09,0.008777766054283691
2382123267535341265,2021-10,0.0066128004797744696
4043546053926060305,2021-09,0.7665112502174176
4043546053926060305,2021-10,0.8818828666258132
4043546053926060305,2021-10,0.8825912942830355
5786895437851445408,2021-09,0.033234244724355565
5786895437851445408,2021-09,0.1938965898093284
5786895437851445408,2021-09,0.10634506235525516
5786895437851445408,2021-10,0.16437960474781718
5786895437851445408,2021-10,0.09212594058363832
5786895437851445408,2021-10,0.12472065945302357
4365965554261111250,2021-09,0.2921058978151393
4365965554261111250,2021-09,0.2791652775664861
4365965554261111250,2021-10,0.25659429974342884
5577659616907513811,2021-09,0.9292870250545058
5577659616907513811,2021-09,0.9381788283541895
5577659616907513811,2021-09,0.9407453709115283
5577659616907513811,2021-09,0.9407453709115283
5577659616907513811,2021-10,0.9637185648554244
5577659616907513811,2021-10,0.9127666142008491
5577659616907513811,2021-10,0.9127666142008491
4635578010631860111,2021-09,0.010248642118060893
4635578010631860111,2021-10,0.016340900334097318
4635578010631860111,2021-10,0.017728628764650756
7289435138601868544,2021-09,0.024161318859020006
7289435138601868544,2021-09,0.016745363329807264
7289435138601868544,2021-10,0.008733492944417292
7289435138601868544,2021-10,0.00962232173193433
7289435138601868544,2021-10,0.007234086827092298
7289435138601868544,2021-10,0.007981359067183027
7289435138601868544,2021-10,0.0071597210168155906
5794903898038236832,2021-09,0.13997060853416632
5794903898038236832,2021-10,0.11385941515345606
5794903898038236832,2021-10,0.06502506791203756
5794903898038236832,2021-10,0.11682230216096115
3829967475074118757,2021-09,0.7836748280961767
3829967475074118757,2021-09,0.9580644944281934
3829967475074118757,2021-09,0.7906809197182809
3829967475074118757,2021-10,0.6146310626454625
3829967475074118757,2021-10,0.7074251343911738
3829967475074118757,2021-10,0.7074251343911738
3829967475074118757,2021-10,0.7129322953036956
710593997981520423,2021-09,0.03926127640983399
710593997981520423,2021-10,0.019708314316562798
710593997981520423,2021-10,0.010482063219382633
2371917341091102894,2021-09,0.2677634085338292
2371917341091102894,2021-09,0.29297946695594657
2645324649046215594,2021-09,0.011065288986738982
2645324649046215594,2021-09,0.012138444534173762
2645324649046215594,2021-10,0.011286709288512563
8729164666041467296,2021-09,0.044093773050727925
8729164666041467296,2021-09,0.04266969461270102
8729164666041467296,2021-10,0.03231273254079648
8729164666041467296,2021-10,0.03581513807719328
8729164666041467296,2021-10,0.034803958265090605
1616952665234409442,2021-09,0.301797167822192
1616952665234409442,2021-09,0.3266195862151721
1616952665234409442,2021-10,0.2899779455277228
1616952665234409442,2021-10,0.48869745034965495
1616952665234409442,2021-10,0.2899779455277228
1616952665234409442,2021-10,0.7780900211662873
1616952665234409442,2021-10,0.8124423616775573
1616952665234409442,2021-10,0.8124423616775573
1616952665234409442,2021-10,0.23713058563680114
1616952665234409442,2021-10,0.2410340076638452
1616952665234409442,2021-10,0.23713058563680114
1616952665234409442,2021-10,0.2410340076638452
1616952665234409442,2021-10,0.30819674567398986
1616952665234409442,2021-10,0.3187095162898553
1616952665234409442,2021-10,0.20980405749611544
1616952665234409442,2021-10,0.20427258837342863
1616952665234409442,2021-10,0.26529822679214976
1616952665234409442,2021-10,0.3400211095911416
1616952665234409442,2021-10,0.20427258837342863
6198047969028248384,2021-09,0.005763489132168062
6198047969028248384,2021-09,0.0038343863561537757
8994944800097997361,2021-09,0.011233564926084617
8994944800097997361,2021-09,0.011305055876351932
8994944800097997361,2021-10,0.010138569468077549
8994944800097997361,2021-10,0.00951171859501472
2772135008486239291,2021-09,0.023516358083351903
2772135008486239291,2021-10,0.02147721426794104
2772135008486239291,2021-10,0.04265913781366347
2772135008486239291,2021-10,0.03157047989099378
4785355632922927313,2021-09,0.23281452092647098
4785355632922927313,2021-09,0.2497163861719488
4785355632922927313,2021-10,0.3837912023153939
1104269683367198574,2021-09,0.01507286027753081
1104269683367198574,2021-10,0.00992593837394573
1104269683367198574,2021-10,0.21208515117663304
1104269683367198574,2021-10,0.00635450445512543
8859064595603380512,2021-09,0.008545923737248114
9156666134024889730,2021-09,0.006409547437061073
9156666134024889730,2021-09,0.007195227899937214
9156666134024889730,2021-10,0.00399067450196165
8049805689946244047,2021-09,0.00720767611693623
8049805689946244047,2021-09,0.00515946883618983
8049805689946244047,2021-09,0.005461633670719327
8049805689946244047,2021-10,0.00702460521832087
8049805689946244047,2021-10,0.006713499311652123
8049805689946244047,2021-10,0.00415525343997702
4414438591613884911,2021-09,0.012485816587401232
4414438591613884911,2021-09,0.012460072854586586
4414438591613884911,2021-10,0.007762647874971321
4414438591613884911,2021-10,0.008748711386786031
4414438591613884911,2021-10,0.005589795081418481
8385636129786687263,2021-09,0.029618461061695404
8385636129786687263,2021-10,0.008073011729497667
8385636129786687263,2021-10,0.004986171264684623
8385636129786687263,2021-10,0.006225640200123966
4717717003637613480,2021-09,0.009139704972102532
4717717003637613480,2021-09,0.014222642585256426
4717717003637613480,2021-10,0.006328320230138026
4717717003637613480,2021-10,0.0065118914419385835
4874157215501489741,2021-09,0.023975111772056173
4874157215501489741,2021-09,0.027791263473064633
4874157215501489741,2021-09,0.022109344732120943
4874157215501489741,2021-10,0.013356010534783087
4874157215501489741,2021-10,0.014061807923282219
4874157215501489741,2021-10,0.014061807923282219
3357976326879346012,2021-09,0.22137323133401648
3357976326879346012,2021-09,0.19922164586214333
3357976326879346012,2021-10,0.29371654695056165
3357976326879346012,2021-10,0.2789484986515187
6217788509719675691,2021-09,0.007726682628112658
6217788509719675691,2021-09,0.005312686631106449
6217788509719675691,2021-10,0.0040495279593951205
621182491555347581,2021-09,0.006773879539849222
621182491555347581,2021-09,0.867729122960796
621182491555347581,2021-10,0.007543194401642826
621182491555347581,2021-10,0.007258504599035871
621182491555347581,2021-10,0.004274761208291989
621182491555347581,2021-10,0.00555069984042599
5465001651966355821,2021-09,0.0107823004555398
5465001651966355821,2021-09,0.012602262944760707
5465001651966355821,2021-10,0.011918832045371575
5465001651966355821,2021-10,0.21089096400503485
5465001651966355821,2021-10,0.011321671779331995
3025708129948185495,2021-09,0.014324838908445603
3025708129948185495,2021-10,0.008367310787880042
3812760626052898456,2021-09,0.003736760669849423
3812760626052898456,2021-10,0.0034843063867866903
3812760626052898456,2021-10,0.0030644063754312867
8463871205935856285,2021-09,0.028016442693862713
8463871205935856285,2021-10,0.014910481683362497
682352428813668634,2021-09,0.003809455453723443
682352428813668634,2021-09,0.003809455453723443
682352428813668634,2021-09,0.003809455453723443
682352428813668634,2021-10,0.003332562655356124
682352428813668634,2021-10,0.0034993173133731625
682352428813668634,2021-10,0.0034993173133731625
3838562409581494430,2021-09,0.028442788658029322
5856610998569876318,2021-09,0.00858865950008875
5856610998569876318,2021-09,0.00875933393166603
2308217045093677129,2021-09,0.043636209349233894
3036967290595689189,2021-09,0.0056304828389483925
3036967290595689189,2021-10,0.007567889809833176
7722287846688771887,2021-09,0.011708159872224063
7722287846688771887,2021-10,0.0068714261988862425
7722287846688771887,2021-10,0.908619197766396
4717593620120611957,2021-09,0.003746191486607089
4717593620120611957,2021-10,0.0038222932977809002
9052787288251876909,2021-09,0.0031049630493266956
9052787288251876909,2021-10,0.002660094663331349
9052787288251876909,2021-10,0.003742194513565679
3386019519917828299,2021-09,0.0070108764921322664
3386019519917828299,2021-10,0.006146999866810701
510795635145114083,2021-09,0.037771201487022385
510795635145114083,2021-09,0.036363043774794185
510795635145114083,2021-10,0.03761316775671955
510795635145114083,2021-10,0.035789004239196336
510795635145114083,2021-10,0.027616111921377178
5974858472822751652,2021-09,0.006078163976916075
5974858472822751652,2021-10,0.009150881049845681
5974858472822751652,2021-10,0.013050336797693097
5974858472822751652,2021-10,0.009711134845019993
5974858472822751652,2021-10,0.009758138410406656
5958664040344043635,2021-09,0.023043000423247428
5958664040344043635,2021-10,0.02237347933111118
3391123212703223634,2021-09,0.08553589557804747
6528158819463595826,2021-09,0.0037050271844541786
8548612698724688238,2021-09,0.0184697088081012
8548612698724688238,2021-10,0.018110204815669224
5522764880180045081,2021-09,0.039141803222673896
5522764880180045081,2021-10,0.039401059505687605
5522764880180045081,2021-10,0.027493013553532838
5522764880180045081,2021-10,0.20795724496279802
5522764880180045081,2021-10,0.03286182255789298
5522764880180045081,2021-10,0.02329952709328505
8004409125524742779,2021-09,0.005905018933635295
8004409125524742779,2021-09,0.0036435480917284655
8004409125524742779,2021-10,0.002466892519501836
8004409125524742779,2021-10,0.004788236002515836
8343941262792249232,2021-09,0.04286235886402054
8343941262792249232,2021-09,0.05183280086028095
8343941262792249232,2021-09,0.06507589267760791
8343941262792249232,2021-10,0.05911241916256049
7031913170099381454,2021-09,0.04002206879889338
7031913170099381454,2021-10,0.03958878786262998
6030285068945261052,2021-09,0.0023073439506351673
6030285068945261052,2021-09,0.0018534420185943802
6030285068945261052,2021-10,0.0018027354976975019
665505091521986356,2021-09,0.0034714085233776377
665505091521986356,2021-10,0.002641171725433135
665505091521986356,2021-10,0.003300872796168165
665505091521986356,2021-10,0.0025671908788626276
6828316696355015040,2021-09,0.01226750120628427
4202876623878743806,2021-09,0.033152748259380506
4202876623878743806,2021-10,0.15504516082618253
4202876623878743806,2021-10,0.004461635543883105
4202876623878743806,2021-10,0.012917131896058927
4202876623878743806,2021-10,0.02300678517647426
6352592240901579272,2021-09,0.007392634649079693
2819054834565698513,2021-09,0.021903335789611178
2819054834565698513,2021-10,0.013701365489015302
2819054834565698513,2021-10,0.012271835611365946
988707525807573448,2021-09,0.0069834041356825124
988707525807573448,2021-10,0.006884767144592506
988707525807573448,2021-10,0.007960040895748423
988707525807573448,2021-10,0.007541388395535809
4512887927067894301,2021-09,0.04116185019573209
3204108603682323936,2021-09,0.0027617408597115727
3204108603682323936,2021-09,0.0029146080040321565
3204108603682323936,2021-10,0.00260004087075558
3204108603682323936,2021-10,0.0025592202695335904
2493305884832539159,2021-09,0.05379400069413321
7920896580423665241,2021-09,0.008853229802214709
7920896580423665241,2021-09,0.008729311787474546
7920896580423665241,2021-10,0.007686992799865178
7920896580423665241,2021-10,0.00863124890313235
5078307295214858596,2021-09,0.04589921782298554
5078307295214858596,2021-10,0.046215581654626185
5078307295214858596,2021-10,0.04827190192777207
5078307295214858596,2021-10,0.04827190192777207
295375823203017296,2021-09,0.00521241379318754
295375823203017296,2021-10,0.004113962552129596
295375823203017296,2021-10,0.004284339429762067
6968106554514688300,2021-09,0.28845395526770523
6968106554514688300,2021-10,0.3526292385714938
6968106554514688300,2021-10,0.004777278220566679
6968106554514688300,2021-10,0.005144757261096531
51762959302415533,2021-09,0.015658220799863516
1611146298923153842,2021-09,0.09337409693955698
1611146298923153842,2021-09,0.10861108222579943
1611146298923153842,2021-10,0.06333805554447813
1611146298923153842,2021-10,0.04303185420616334
8185063234515056194,2021-09,0.0024365915319204457
8185063234515056194,2021-09,0.0024365915319204457
8185063234515056194,2021-10,0.002349402501170289
8185063234515056194,2021-10,0.0021863558887786124
1414132620714431952,2021-09,0.5308261292188201
465309249432033993,2021-09,0.022280937005814426
465309249432033993,2021-09,0.019024918605509485
465309249432033993,2021-10,0.011231617108602267
2423599281313969582,2021-09,0.11706090026675861
2762573180349093009,2021-09,0.03622610230028165
7637066986811047950,2021-09,0.020581486870632337
7637066986811047950,2021-10,0.028025116191488654
7637066986811047950,2021-10,0.03209398429985425
7637066986811047950,2021-10,0.02382680033724771
7637066986811047950,2021-10,0.07037478269178288
4444330375740387073,2021-09,0.04859888301321477
4444330375740387073,2021-10,0.05412204592314681
4444330375740387073,2021-10,0.05412204592314681
2763141362035716801,2021-09,0.006236210085933743
2763141362035716801,2021-09,0.005905508555175255
4569866309119931805,2021-09,0.18648249534039021
4569866309119931805,2021-10,0.26125543874454893
4569866309119931805,2021-10,0.002984918476037493
4569866309119931805,2021-10,0.002908372211967226
1507697130807703164,2021-09,0.012651975845034667
665854826624598350,2021-09,0.015917287838640385
665854826624598350,2021-10,0.016665826137450695
665854826624598350,2021-10,0.01619480698910477
7692330898726665144,2021-09,0.00593566905150559
7692330898726665144,2021-09,0.008994881934086575
7692330898726665144,2021-10,0.005736155542370786
7692330898726665144,2021-10,0.00781375604228677
7692330898726665144,2021-10,0.004352205425773665
1717812527056208209,2021-09,0.2038057261286297
1717812527056208209,2021-10,0.22902371889144912
2535803443850893368,2021-09,0.8061793135649802
2535803443850893368,2021-10,0.057352348789326144
2535803443850893368,2021-10,0.022478694115053946
2535803443850893368,2021-10,0.06230805009999098
6681781879793693802,2021-09,0.0063804097631868055
6681781879793693802,2021-10,0.00618974806465864
4210463673385510745,2021-09,0.35990998379206185
4210463673385510745,2021-10,0.11289337711078844
4210463673385510745,2021-10,0.10331647074266585
1951407691087813358,2021-09,0.004559639631293013
1951407691087813358,2021-09,0.005334147815136154
1951407691087813358,2021-10,0.027169919322146803
7451017400765373278,2021-09,0.006151665838968039
7451017400765373278,2021-10,0.008035491465291382
6795467882769787169,2021-09,0.003790556386325893
6795467882769787169,2021-10,0.003929901165643183
6795467882769787169,2021-10,0.0024797642721872118
2347028805684088098,2021-09,0.0017755070958956369
2347028805684088098,2021-09,0.001927811244131858
2347028805684088098,2021-10,0.001672090847675241
2347028805684088098,2021-10,0.0017267911517563263
2900002014851776114,2021-09,0.1661263301403128
2900002014851776114,2021-10,0.08405407637531388
2900002014851776114,2021-10,0.08405407637531388
2900002014851776114,2021-10,0.2620264659547323
1698828605814171242,2021-09,0.005476417475586877
1698828605814171242,2021-10,0.010768066073074279
1698828605814171242,2021-10,0.005916844766309249
1698828605814171242,2021-10,0.008483866569124096
5893903674205161232,2021-09,0.02359854828218724
4862285428951244424,2021-09,0.001470815544140828
4862285428951244424,2021-09,0.0012909995362106073
4862285428951244424,2021-09,0.0015497830094077037
4862285428951244424,2021-10,0.001255744326854753
4862285428951244424,2021-10,0.0015599560129175437
4862285428951244424,2021-10,0.0012082351070440518
4862285428951244424,2021-10,0.0015897797557142732
5606267905834401873,2021-09,0.002860156446330541
5606267905834401873,2021-09,0.0033252150149466458
5606267905834401873,2021-10,0.007310212361204239
4982042089827666585,2021-09,0.09535970157808472
8854680481766219396,2021-09,0.19980859716029847
8854680481766219396,2021-10,0.3308036333923877
8854680481766219396,2021-10,0.32329498644134513
6204723742351094322,2021-09,0.007325230820657826
6204723742351094322,2021-10,0.00527801710290153
6204723742351094322,2021-10,0.005373132157965517
3713742318997880410,2021-09,0.008305946570736189
3713742318997880410,2021-10,0.008010996070847286
3713742318997880410,2021-10,0.006641066764680352
1106971614386004604,2021-09,0.01095623081444053
1368430815953333691,2021-09,0.1528294584938398
1368430815953333691,2021-10,0.14309020482940263
1368430815953333691,2021-10,0.21944997599542843
662944582644865942,2021-09,0.030437107063268378
662944582644865942,2021-10,0.02638009430725313
940214356651040716,2021-09,0.24082607878648932
3192341047315717823,2021-09,0.014762314677364557
5198904647759787695,2021-09,0.05013037959744305
5198904647759787695,2021-09,0.04885244495860963
1420529738304793615,2021-09,0.10408057945748521
1420529738304793615,2021-10,0.11771662068373155
1420529738304793615,2021-10,0.1306442198226927
4898797487317475277,2021-09,0.06571117831418218
7200509200540839533,2021-09,0.05442723202634765
7200509200540839533,2021-10,0.013054274194248103
7200509200540839533,2021-10,0.04394739040373009
7200509200540839533,2021-10,0.013566064603554334
7492389223353246125,2021-09,0.18593992893687544
287529573188507001,2021-09,0.020539160431282538
7395696797140470088,2021-09,0.0029273882260400542
7395696797140470088,2021-10,0.004659443821774241
6532139198609901627,2021-09,0.005114178672456875
6532139198609901627,2021-10,0.0037141012850914618
8255085612985072878,2021-09,0.0033230642615737606
8255085612985072878,2021-10,0.0031231641578598783
8255085612985072878,2021-10,0.0029290005690804843
4675067298171588603,2021-09,0.07385703495479513
4675067298171588603,2021-10,0.123834728414206
4675067298171588603,2021-10,0.07350124721256247
4675067298171588603,2021-10,0.05608556828739301
1210783884008131648,2021-09,0.0070758917888317325
7968118679747232249,2021-09,0.6861423287661309
7968118679747232249,2021-10,0.8752681436106118
7968118679747232249,2021-10,0.5117471151744465
3472934456083131714,2021-09,0.0073244154884153645
3156852928909455203,2021-09,0.02103275893238303
3156852928909455203,2021-10,0.02637648107019718
3156852928909455203,2021-10,0.36175877846408433
3156852928909455203,2021-10,0.021149759266276654
6486277549325701534,2021-09,0.009927086422753265
6486277549325701534,2021-09,0.009927086422753265
6486277549325701534,2021-10,0.011571331700481186
6486277549325701534,2021-10,0.01053854193686447
6486277549325701534,2021-10,0.009823160609057927
1003144834589372198,2021-09,0.005472525770938852
1003144834589372198,2021-09,0.005517566389529834
1003144834589372198,2021-10,0.004609214096066936
1003144834589372198,2021-10,0.041460324628738415
1003144834589372198,2021-10,0.0050214112330032945
1003144834589372198,2021-10,0.0058380081016945525
1003144834589372198,2021-10,0.005010222971563303
410843023337872279,2021-09,0.013188437980267876
410843023337872279,2021-10,0.2734238787182826
410843023337872279,2021-10,0.013011245968413005
410843023337872279,2021-10,0.02346254359377143
1430896989654626045,2021-09,0.0050044362089126555
4986060939759481610,2021-09,0.4581478155654853
6394935036014530592,2021-09,0.049209617620484876
6394935036014530592,2021-10,0.047746287071536615
6394935036014530592,2021-10,0.0414064605628513
6394935036014530592,2021-10,0.039983674833928666
6394935036014530592,2021-10,0.04460790479981334
6394935036014530592,2021-10,0.08877906384521127
7848910047105468475,2021-09,0.47934294419287815
5795100045494475994,2021-09,0.044499531418093964
7818340804682162328,2021-09,0.06036054807682971
7818340804682162328,2021-10,0.8007199668596219
5271966906483787417,2021-09,0.03710249937120704
5383359512938607117,2021-09,0.08803266542692176
2106875407768047316,2021-09,0.011080997450887226
2106875407768047316,2021-10,0.20695970141352646
2106875407768047316,2021-10,0.008238380181842845
798425422240919854,2021-09,0.006661954742033175
798425422240919854,2021-10,0.0032724615469782994
798425422240919854,2021-10,0.00274423851453204
3685376304786338340,2021-09,0.0377391330449072
3965955331400146488,2021-09,0.5567874849311996
7442192566700924647,2021-09,0.0038238733555826655
7442192566700924647,2021-10,0.0028228790155728784
7442192566700924647,2021-10,0.0028228790155728784
7442192566700924647,2021-10,0.0025944707348860454
7442192566700924647,2021-10,0.0029546498305980996
7442192566700924647,2021-10,0.0033945515982585365
7442192566700924647,2021-10,0.0025046821988615646
2988042199057874759,2021-09,0.011489808060792965
2988042199057874759,2021-09,0.011489808060792965
2988042199057874759,2021-10,0.005937252606323535
2988042199057874759,2021-10,0.0055021076425934776
521351744568531135,2021-09,0.029951795801446995
521351744568531135,2021-10,0.034541943791559955
6462952350255736003,2021-09,0.011203924175080478
6462952350255736003,2021-10,0.008670199072233289
8245393384938410770,2021-09,0.00613751819365239
8245393384938410770,2021-10,0.0030345142928372855
8245393384938410770,2021-10,0.003496345773254067
8245393384938410770,2021-10,0.006180038331914095
8245393384938410770,2021-10,0.006196197541801236
7889351655716537527,2021-10,0.04269065783566198
3218226066162129945,2021-10,0.12864157079365127
3218226066162129945,2021-10,0.9323875301680384
3750579377644235511,2021-10,0.059036988686625505
1617695035450525647,2021-10,0.002608093015260826
1617695035450525647,2021-10,0.0070805248660704085
1617695035450525647,2021-10,0.003122457031191798
1617695035450525647,2021-10,0.00251924270405792
5448628641564935127,2021-10,0.013246279767311646
5448628641564935127,2021-10,0.008721182056627561
4935929591787890253,2021-10,0.0057589938685098955
4935929591787890253,2021-10,0.05663145795680198
6337915293429442229,2021-10,0.13655587933943095
15070048310374146,2021-10,0.11185396250190989
15070048310374146,2021-10,0.07639549469250752
2088532321693492263,2021-10,0.02074171174503817
5477900120643078645,2021-10,0.030951800973445607
5477900120643078645,2021-10,0.028859876240536726
2209806355660046187,2021-10,0.003011309713908634
2209806355660046187,2021-10,0.002916228367001469
5791518044186095039,2021-10,0.002794050641735026
1661240395903230676,2021-10,0.1261435337089663
1661240395903230676,2021-10,0.14418178052859995
843896882208504179,2021-10,0.7544544540002606
3682570285558758138,2021-10,0.028709698192395397
1667173444642500307,2021-10,0.008644305887791115
1998941557906036376,2021-10,0.014010666318314694
1998941557906036376,2021-10,0.012605275118742959
1998941557906036376,2021-10,0.009050402039051279
2290083177086946553,2021-10,0.012543211937033425
2290083177086946553,2021-10,0.0072535519714171685
2290083177086946553,2021-10,0.007788510496350455
3632378524835692731,2021-10,0.0016482842128581379
3632378524835692731,2021-10,0.00594476528099062
6330043096034525408,2021-10,0.12285489973426572
6330043096034525408,2021-10,0.08685701040081187
6330043096034525408,2021-10,0.08301385771014463
6330043096034525408,2021-10,0.8340144188606933
6330043096034525408,2021-10,0.09988538178288318
6330043096034525408,2021-10,0.6368743852933542
6330043096034525408,2021-10,0.07014538769429746
6330043096034525408,2021-10,0.07075746508176596
1235244772550233980,2021-10,0.005484365202211169
7176848230239877915,2021-10,0.004691830910787576
7176848230239877915,2021-10,0.004691830910787576
7176848230239877915,2021-10,0.0037141761028564365
4183921942053157552,2021-10,0.017969439258777104
4183921942053157552,2021-10,0.016979451502931328
4183921942053157552,2021-10,0.016979451502931328
4110562609148185966,2021-10,0.23702259130620026
8733525963966339207,2021-10,0.2924728351504325
5029701292539093910,2021-10,0.033217913473345115
5029701292539093910,2021-10,0.03146321631070785
2025898153078562640,2021-10,0.018773220029585876
1115703227712697214,2021-10,0.024855699213890362
1115703227712697214,2021-10,0.019951159451405964
1115703227712697214,2021-10,0.0163670169325619
1115703227712697214,2021-10,0.019118337824675504
3724562776372632620,2021-10,0.12338025783595921
4537982850248578883,2021-10,0.012192970119211097
8843432852270832388,2021-10,0.007180985847813595
8843432852270832388,2021-10,0.14868330072939462
8464809590757561185,2021-10,0.014541283109049766
8464809590757561185,2021-10,0.014809937632749872
3421433989501830226,2021-10,0.05299787462365502
6810366761249506182,2021-10,0.008971416095682578
851897122328714307,2021-10,0.003307450903550676
6784879562354696650,2021-10,0.010758154946514931
6784879562354696650,2021-10,0.010102197504430815
93982185886107798,2021-10,0.019823024109205493
93982185886107798,2021-10,0.014566174159483084
121658372387044248,2021-10,0.007179912211573461
121658372387044248,2021-10,0.006535296746731082
121658372387044248,2021-10,0.053348003838836956
5931905128207886847,2021-10,0.15182218596239086
1953058402621337677,2021-10,0.013705408007787707
1953058402621337677,2021-10,0.007452598428914321
1953058402621337677,2021-10,0.008803224885862727
8090492548102964782,2021-10,0.12198208890984683
5735794880899687600,2021-10,0.05719942871841865
5735794880899687600,2021-10,0.023955995448067882
5735794880899687600,2021-10,0.019565992455536606
7828430488099134389,2021-10,0.21485825708837472
7828430488099134389,2021-10,0.1894858914195049
7485107528960607346,2021-10,0.016088604241329615
7485107528960607346,2021-10,0.01815797320294166
7485107528960607346,2021-10,0.3189417338364909
7485107528960607346,2021-10,0.020896281643343846
3156580765759568020,2021-10,0.23328223742706297
6643358471662528195,2021-10,0.001492167907512718
5489089370448387505,2021-10,0.8977103019213774
7719877724419004325,2021-10,0.044615330715859526
4858887739802767402,2021-10,0.006582094067761719
1069093308328204542,2021-10,0.003347592064236717
1069093308328204542,2021-10,0.0030103884198235697
8292458529987016717,2021-10,0.015443413410126854
3423512048884192208,2021-10,0.1139454267169296
3423512048884192208,2021-10,0.15470909234385175
8918635099296971351,2021-10,0.040703392643823576
4187591029730357479,2021-10,0.01323008658505334
4187591029730357479,2021-10,0.013785665715738717
1129657311668961746,2021-10,0.042324897023003155
6122719618012473549,2021-10,0.8633928852097621
7236776406341522879,2021-10,0.00668897698424878
6547707428090179960,2021-10,0.03779499366816573
6547707428090179960,2021-10,0.03779499366816573
6547707428090179960,2021-10,0.05901271069577104
8248484932270772248,2021-10,0.06143745268909751
8248484932270772248,2021-10,0.022768622358758695
5752688018135006198,2021-10,0.3786202040498651
5752688018135006198,2021-10,0.004243891235178228
2191990606593345695,2021-10,0.06933731232156319
2191990606593345695,2021-10,0.05941644768184274
2191990606593345695,2021-10,0.10193683333883069
4641659186059167709,2021-10,0.7226169946542801
8400764778654490278,2021-10,0.30674298187740284
8400764778654490278,2021-10,0.040233080611637384
2759416556905651870,2021-10,0.33067159430301585
7206599058451025691,2021-10,0.007736904506587526
1036256411320325774,2021-10,0.008197929545520384
1036256411320325774,2021-10,0.004113955499851728
5162621729453966204,2021-10,0.2972365902783434
5162621729453966204,2021-10,0.3572234750680354
3660744270380078352,2021-10,0.6885602599104238
3660744270380078352,2021-10,0.006899245531093957
1273229638516517354,2021-10,0.048016987413730915
1467843186411742274,2021-10,0.024089557196554295
1467843186411742274,2021-10,0.016518476069136936
3571198145319411787,2021-10,0.023015690214671623
2310272650667756227,2021-10,0.8621925525823444
3161361581909316305,2021-10,0.600285855934755
3161361581909316305,2021-10,0.007303285356248213
5855956854975734380,2021-10,0.20996293353758227
5855956854975734380,2021-10,0.007300599175011891
4556737702757145073,2021-10,0.12172115995198213
5799279645678609726,2021-10,0.025015333584475115
5732713959930509093,2021-10,0.03353616206811224
1002362614649347438,2021-10,0.14679826136896393
1002362614649347438,2021-10,0.13965285556448567
8163895533020293251,2021-10,0.9590270463386634
8163895533020293251,2021-10,0.954874689118968
8163895533020293251,2021-10,0.9480360842633166
2768068015169423097,2021-10,0.019115915168127186
2768068015169423097,2021-10,0.01918834350226411
3195023578711095555,2021-10,0.056590068921255884
5369576709077493659,2021-10,0.013967900320378129
5369576709077493659,2021-10,0.011775398241384039
1997130697107291654,2021-10,0.053964270419866456
7665801401860589626,2021-10,0.013535562175463747
1028630885537616736,2021-10,0.021791107520244945
1028630885537616736,2021-10,0.015232851172581465
1269153452773908541,2021-10,0.006490618449598716
6100972975033180377,2021-10,0.006944151180517813
8080988579391900405,2021-10,0.005924615206419545
8080988579391900405,2021-10,0.0058071258478296335
8080988579391900405,2021-10,0.0052038038438978786
7719481195372677540,2021-10,0.004248092123335674
2032592272238235730,2021-10,0.02969462117460123
2032592272238235730,2021-10,0.042455448690576984
89342157110910412,2021-10,0.03967755650256089
6012031176108922616,2021-10,0.00668862356899143
6012031176108922616,2021-10,0.007092119456086124
6012031176108922616,2021-10,0.006793080933416873
7501763663852779083,2021-10,0.043114749041251
503021894071666233,2021-10,0.08679261085731685
503021894071666233,2021-10,0.08106020837275556
503021894071666233,2021-10,0.07541039384717749
3118683330911759410,2021-10,0.22021207220611794
3118683330911759410,2021-10,0.2767527089974756
7779268298304613772,2021-10,0.005616328876430077
7779268298304613772,2021-10,0.0036132334187659403
7779268298304613772,2021-10,0.010902295570989068
7779268298304613772,2021-10,0.010695983118837845
7779268298304613772,2021-10,0.008792286983704744
5303720405946805990,2021-10,0.00477546345275621
6521201759558790083,2021-10,0.0062096041036198615
6521201759558790083,2021-10,0.007095160956074915
717981637594591016,2021-10,0.002034247141291309
2973474340148068982,2021-10,0.8642187687246335
8684964138237894839,2021-10,0.13062102112473953
7041489327620930099,2021-10,0.0031894855379802417
3447213159487287154,2021-10,0.010152472808671046
3447213159487287154,2021-10,0.00956743127402658
5225029212547588718,2021-10,0.00439873996318319
1735718258017802778,2021-10,0.009200256932195654
1735718258017802778,2021-10,0.010238549153845972
2550506309527280168,2021-10,0.04068747416066132
2550506309527280168,2021-10,0.03999579974310684
5376084855227654309,2021-10,0.24743455590900107
5376084855227654309,2021-10,0.22569311198898986
165658847908185334,2021-10,0.03270508139517584
4527499691197377217,2021-10,0.0038445667548799517
8535586342375301953,2021-10,0.005497804464024806
3970572142453508637,2021-10,0.4473892665692986
5200455618694210402,2021-10,0.008380971161821594
7595945751692012281,2021-10,0.02085186306507311
3283662016127058429,2021-10,0.00492727896383235
3248432590399829766,2021-10,0.0047864059100906926
9108733472015251498,2021-10,0.0033284224912835847
9108733472015251498,2021-10,0.003741316755420598
7710364735942975505,2021-10,0.011587601356917856
6143250120040658989,2021-10,0.6941392907804856
8967780934636007142,2021-10,0.01849830776598244
3027683745465216663,2021-10,0.011153712577075906
5758033363847724111,2021-10,0.0016179250220707216
5758033363847724111,2021-10,0.0016507555697677315
5758033363847724111,2021-10,0.0018626916872579052
5758033363847724111,2021-10,0.001787460864152279
6985631100944640910,2021-10,0.36964459693489854
8536980239903840341,2021-10,0.005666234001756775
7330131219998265639,2021-10,0.015437305052161976
7628167057144760589,2021-10,0.023988826326506726
8559143756893267192,2021-10,0.067663147203598
5055200744384119654,2021-10,0.036010642365386696
3970610368027129821,2021-10,0.0034470555121166114
66220087398241662,2021-10,0.012188164339880774
66220087398241662,2021-10,0.011963625510936533
2598475569074240783,2021-10,0.014433701200636964
4562495119288161876,2021-10,0.023890724625794148
6338963608593807081,2021-10,0.021881374032193698
644457054514416604,2021-10,0.7777096100450399
644457054514416604,2021-10,0.7386723339434578
4566920105008626302,2021-10,0.007112394206342734
4566920105008626302,2021-10,0.008062563866594378
8570963260597299378,2021-10,0.002353205725790625
8313765100460016738,2021-10,0.40373222763079214
8313765100460016738,2021-10,0.4333145578731395
8012945665375811304,2021-10,0.22400234892809548
8012016968380185372,2021-10,0.2077935536104497
3361278050140871809,2021-10,0.46368989379007164
5122095358293179297,2021-10,0.005394615396983226
670573866376512619,2021-10,0.037920821866746154
670573866376512619,2021-10,0.04088420290617922
4831939798545673038,2021-10,0.04364196773457051
1219954496802643881,2021-10,0.404819386947017
8680213253228719510,2021-10,0.01921102399049545
8680213253228719510,2021-10,0.03675985445339768
2785178201607654410,2021-10,0.0731638247708403
4997308257850209705,2021-10,0.04215366882986261
5986344948775572227,2021-10,0.5314006901177498
4723919748432185874,2021-10,0.004852588605035715
4723919748432185874,2021-10,0.00672036752479394
4723919748432185874,2021-10,0.006130483251206835
6080407793834027692,2021-10,0.006070286165807587
922040072471333951,2021-10,0.5772589355484837
6598561842700412652,2021-10,0.8614019758522057
1874387298050692165,2021-10,0.03049228793337521
8991419601067014006,2021-10,0.005202230967140591
1748142500108801439,2021-10,0.13594655119632568
1311488706225587300,2021-10,0.27466173512087794
3275327267689584006,2021-10,0.7344508105192401
3275327267689584006,2021-10,0.7388795148707997
2208316821038817776,2021-10,0.2445003480462707
1963239178085807816,2021-10,0.009836231222428203
2467590416042313927,2021-10,0.0028373437400969793
345033315379741874,2021-10,0.041911095198396114
4237135112070444140,2021-10,0.03729317271275216
8222831719332844924,2021-10,0.08129693755388616
8278233100278581012,2021-10,0.1038025538105111
8480109508191086169,2021-10,0.003746300414028722
8480109508191086169,2021-10,0.0036583001961317564
3536704882799524586,2021-10,0.031186845186384447
8398000036517692656,2021-10,0.25417700414866884
2003221759676247813,2021-10,0.002379921753426993
2322847438374159400,2021-10,0.002739039836529002
866011924076225884,2021-10,0.010157692501203722
4570863207041489270,2021-10,0.022937416796114163
2439954154030259398,2021-10,0.018879173688899853
2439954154030259398,2021-10,0.018879173688899853
4104959289203999917,2021-10,0.007521481625773484
5499433941404698208,2021-10,0.0173355389926161
271068078606473697,2021-10,0.004837859893437617
8706851346184249504,2021-10,0.0030329380516744852
1423952977138155129,2021-10,0.010530802566104617
3906045000005838812,2021-10,0.7385661134032244
4225765667813563302,2021-10,0.09617959576474434
8737605759444448951,2021-10,0.015651040269311835
8915958534285799867,2021-10,0.4600854079580041
8013668117699219722,2021-10,0.048612049367661246
3979129042322937623,2021-10,0.339295027791584
4900073965147412482,2021-10,0.002239665625734398
2179772649873197365,2021-10,0.8664627607715569
6053752047545474051,2021-10,0.022810679434151354
6053752047545474051,2021-10,0.022694171090193362
6053752047545474051,2021-10,0.01180400143474417
6053752047545474051,2021-10,0.01246618931238059
6053752047545474051,2021-10,0.015995980662944827
6053752047545474051,2021-10,0.033783108883730234
6053752047545474051,2021-11,0.034292742323371504
6053752047545474051,2021-11,0.034292742323371504
6053752047545474051,2021-11,0.14094922366943335
6053752047545474051,2021-11,0.012940349524083765
6053752047545474051,2021-11,0.03214288399925409
6053752047545474051,2021-11,0.011393546982005539
6053752047545474051,2021-11,0.7475828910968485
6053752047545474051,2021-11,0.010882055679626459
2772135008486239291,2021-10,0.030326477717280052
2772135008486239291,2021-10,0.03159020204118372
7031913170099381454,2021-10,0.05644281011151053
7031913170099381454,2021-11,0.02469865760179614
5373371196946859811,2021-10,0.009863671423545647
5373371196946859811,2021-10,0.02527088589399478
5373371196946859811,2021-11,0.016030826888875395
5373371196946859811,2021-11,0.014439466895710695
5373371196946859811,2021-11,0.008864258037433964
2201150681962815877,2021-10,0.012211573730198783
2201150681962815877,2021-10,0.020049593547359155
2201150681962815877,2021-10,0.20728076862739275
2201150681962815877,2021-11,0.47022438223428137
2201150681962815877,2021-11,0.008933952635323306
2201150681962815877,2021-11,0.0077986627844596375
4717717003637613480,2021-10,0.007262779673878756
4717717003637613480,2021-11,0.008372728174977405
4717717003637613480,2021-11,0.008081460163656828
7692330898726665144,2021-10,0.007262010944889833
7692330898726665144,2021-10,0.007409838118752332
7692330898726665144,2021-10,0.00831921349012706
7692330898726665144,2021-10,0.008215317676792457
7692330898726665144,2021-11,0.0068180905848480265
7692330898726665144,2021-11,0.006611243277292306
7692330898726665144,2021-11,0.00670688632394675
7692330898726665144,2021-11,0.00861550064105522
4327694790333781288,2021-10,0.0019867628629037263
4327694790333781288,2021-10,0.0017518226647543745
4327694790333781288,2021-10,0.001218216781102895
4327694790333781288,2021-11,0.001520984615307536
4327694790333781288,2021-11,0.001355823058132102
7930644815080409701,2021-10,0.02839823575056251
5029701292539093910,2021-10,0.037020960780621684
5029701292539093910,2021-11,0.040106552022664325
5029701292539093910,2021-11,0.030607429397397624
5029701292539093910,2021-11,0.026389013375871618
6784879562354696650,2021-10,0.010245680493711284
6784879562354696650,2021-10,0.012048241563380828
6784879562354696650,2021-11,0.009333331471233492
6784879562354696650,2021-11,0.010203492128432691
1958660709350677213,2021-10,0.39657878882787573
1958660709350677213,2021-10,0.21456315002097062
1958660709350677213,2021-11,0.21005265702186188
7613717984547031729,2021-10,0.003278237725879142
7613717984547031729,2021-10,0.004862705403114484
7613717984547031729,2021-10,0.004201431321515414
7613717984547031729,2021-10,0.004091209515703309
7613717984547031729,2021-11,0.005353081603995921
7613717984547031729,2021-11,0.006686205290523541
7613717984547031729,2021-11,0.03209288163439422
7613717984547031729,2021-11,0.08208681941676259
7613717984547031729,2021-11,0.005929036310718299
7613717984547031729,2021-11,0.00471237444776115
5897410907783139228,2021-10,0.008442872226862377
5897410907783139228,2021-10,0.008441712921272677
5897410907783139228,2021-10,0.008195329605036713
5897410907783139228,2021-11,0.011976157662332248
5897410907783139228,2021-11,0.5998932359946165
5897410907783139228,2021-11,0.009785061871342189
5897410907783139228,2021-11,0.007386120605632583
6715993871935527857,2021-10,0.5411616186263771
5176940320835464459,2021-10,0.011084113679545118
5176940320835464459,2021-10,0.008897712916789079
5176940320835464459,2021-10,0.007947879478633669
5176940320835464459,2021-10,0.008976472138714293
5176940320835464459,2021-10,0.008447202664702173
5176940320835464459,2021-10,0.013015870929604097
5176940320835464459,2021-10,0.031161048244346602
5176940320835464459,2021-10,0.016251391036013533
5176940320835464459,2021-10,0.019443400078691338
5176940320835464459,2021-10,0.014106530070112377
5176940320835464459,2021-10,0.009695070865336518
5176940320835464459,2021-11,0.006113167734310076
5176940320835464459,2021-11,0.007523198606810813
5176940320835464459,2021-11,0.009829202339029442
5176940320835464459,2021-11,0.005651438397498348
5176940320835464459,2021-11,0.006183309617525303
5176940320835464459,2021-11,0.006515124120525996
5176940320835464459,2021-11,0.006183309617525303
5176940320835464459,2021-11,0.018114821442267254
5176940320835464459,2021-11,0.005460822967825974
5176940320835464459,2021-11,0.009542638363978949
5176940320835464459,2021-11,0.009459374212450508
5176940320835464459,2021-11,0.008201517557062908
2128970218770090704,2021-10,0.009139786604168183
2128970218770090704,2021-10,0.010153915915302946
2128970218770090704,2021-10,0.00656818305679817
1156053485989336481,2021-10,0.25464494321218933
1156053485989336481,2021-10,0.25213750148468866
1156053485989336481,2021-10,0.2569670115832222
1156053485989336481,2021-10,0.25213750148468866
1156053485989336481,2021-10,0.2569670115832222
1156053485989336481,2021-10,0.24590203767869265
1156053485989336481,2021-10,0.24188757748036063
1156053485989336481,2021-10,0.2615329165010849
1156053485989336481,2021-10,0.24722964634905314
1156053485989336481,2021-10,0.2455864283997171
1156053485989336481,2021-10,0.2546435955933497
1156053485989336481,2021-10,0.23266071503347868
1156053485989336481,2021-10,0.23858559970748466
1156053485989336481,2021-10,0.23399276253412354
1156053485989336481,2021-10,0.6870384054474504
1156053485989336481,2021-10,0.24583136074620568
1156053485989336481,2021-10,0.25648839187233025
1156053485989336481,2021-10,0.24583136074620568
1156053485989336481,2021-10,0.2528682464576365
1156053485989336481,2021-10,0.2602380417028101
1156053485989336481,2021-10,0.2564896035998412
1156053485989336481,2021-10,0.2743339906771638
1156053485989336481,2021-11,0.21620962300580165
1156053485989336481,2021-11,0.22768611145676199
1156053485989336481,2021-11,0.25623353660059706
1156053485989336481,2021-11,0.20051217204677318
1156053485989336481,2021-11,0.18847076490874687
1156053485989336481,2021-11,0.1845566436082381
1156053485989336481,2021-11,0.1845566436082381
1156053485989336481,2021-11,0.1894080463787904
1156053485989336481,2021-11,0.20513682597742694
1156053485989336481,2021-11,0.20414131276241565
1156053485989336481,2021-11,0.20513682597742694
1156053485989336481,2021-11,0.26822773261387534
1156053485989336481,2021-11,0.2238874526703261
1156053485989336481,2021-11,0.2542491068178938
1156053485989336481,2021-11,0.6857932455488628
1156053485989336481,2021-11,0.21254974010369748
1156053485989336481,2021-11,0.2000033336580357
1156053485989336481,2021-11,0.20515862319484177
1156053485989336481,2021-11,0.21254974010369748
1156053485989336481,2021-11,0.1815180760766102
1156053485989336481,2021-11,0.2238874526703261
1156053485989336481,2021-11,0.20045840367340192
1156053485989336481,2021-11,0.2070955575453911
1156053485989336481,2021-11,0.21302575552300998
1156053485989336481,2021-11,0.20578315241687997
3118152790263512426,2021-10,0.0038771371936672794
3118152790263512426,2021-10,0.005117802721333263
3118152790263512426,2021-10,0.006303176974652153
3118152790263512426,2021-10,0.00479672643415692
3118152790263512426,2021-11,0.004296379971379804
3118152790263512426,2021-11,0.004034925196124004
3118152790263512426,2021-11,0.0042160924640230295
3118152790263512426,2021-11,0.0037559725332008635
2333404192508932057,2021-10,0.011467517466949084
2333404192508932057,2021-10,0.011524884515998082
2333404192508932057,2021-10,0.013299965803223592
2333404192508932057,2021-11,0.007437397158916486
5761480994209806499,2021-10,0.0025833254866697406
5761480994209806499,2021-10,0.003101217904309718
5761480994209806499,2021-10,0.003111910527816715
5761480994209806499,2021-10,0.0024821035959654786
5761480994209806499,2021-10,0.0034073181950967078
5761480994209806499,2021-10,0.0032652212093131415
5761480994209806499,2021-10,0.003467908008155186
5761480994209806499,2021-10,0.06171402201546802
5761480994209806499,2021-10,0.003401930182684063
5761480994209806499,2021-10,0.0033779147014598994
5761480994209806499,2021-10,0.0038351898039764277
5761480994209806499,2021-10,0.0033464883738714805
5761480994209806499,2021-10,0.0033596098791583364
5761480994209806499,2021-10,0.003979752081852576
5761480994209806499,2021-10,0.004276278861996871
5761480994209806499,2021-11,0.003200692139316991
5761480994209806499,2021-11,0.003214174208689031
5761480994209806499,2021-11,0.0029927159368180354
5761480994209806499,2021-11,0.003407449859214124
5761480994209806499,2021-11,0.0033585329983334845
5761480994209806499,2021-11,0.003111794501216245
5761480994209806499,2021-11,0.003072504778885992
5761480994209806499,2021-11,0.0032137633761689355
5761480994209806499,2021-11,0.0031691770594494176
5761480994209806499,2021-11,0.0029575016200340553
5761480994209806499,2021-11,0.0031894365480601814
5761480994209806499,2021-11,0.00283149756985269
5761480994209806499,2021-11,0.002777995570987535
5761480994209806499,2021-11,0.0029521001412845136
5761480994209806499,2021-11,0.0028858652009870625
5761480994209806499,2021-11,0.002513486530551556
5761480994209806499,2021-11,0.0024817322778551186
984915269987074754,2021-10,0.0021081277725584096
984915269987074754,2021-10,0.0018701690637641627
984915269987074754,2021-10,0.0022839650523403163
984915269987074754,2021-10,0.0022839650523403163
984915269987074754,2021-11,0.1336424388405378
8698916565946744099,2021-10,0.561628286724153
8015571584405428572,2021-10,0.04274238271627273
8015571584405428572,2021-11,0.00945495854879875
8529899700094903171,2021-10,0.006215102712112049
8529899700094903171,2021-10,0.006517409900716015
8529899700094903171,2021-10,0.005897755116840645
8529899700094903171,2021-10,0.006379507719438821
8529899700094903171,2021-10,0.009778257712303845
8529899700094903171,2021-10,0.006379507719438821
8529899700094903171,2021-10,0.007758437985316187
8529899700094903171,2021-10,0.006843745488158788
8529899700094903171,2021-10,0.008322180273309955
8529899700094903171,2021-11,0.013474510897903658
8529899700094903171,2021-11,0.011478920667982537
8529899700094903171,2021-11,0.010703443739163
8529899700094903171,2021-11,0.010703443739163
8529899700094903171,2021-11,0.007967927968671337
8529899700094903171,2021-11,0.010703443739163
8529899700094903171,2021-11,0.010971932852531976
8529899700094903171,2021-11,0.012769813746780231
8529899700094903171,2021-11,0.014193437572474647
8529899700094903171,2021-11,0.014193437572474647
8529899700094903171,2021-11,0.014193437572474647
2119292203323657032,2021-10,0.008172395618023768
2119292203323657032,2021-10,0.0064275175775575285
5462970244186515758,2021-10,0.003837286927658788
5462970244186515758,2021-10,0.0032517720706964582
5462970244186515758,2021-10,0.0033459832439408895
5462970244186515758,2021-10,0.0030037531096170737
5462970244186515758,2021-10,0.00390531153477874
5462970244186515758,2021-10,0.0036742500149185083
5462970244186515758,2021-10,0.003439292574121074
5462970244186515758,2021-11,0.003728691703245661
5462970244186515758,2021-11,0.034914828867955765
5462970244186515758,2021-11,0.0034640446704598637
5462970244186515758,2021-11,0.0032011219979378148
5462970244186515758,2021-11,0.003235993167984731
6964108750473070287,2021-10,0.006227833752246551
6964108750473070287,2021-10,0.005790001281657647
6964108750473070287,2021-10,0.005625381099104515
6964108750473070287,2021-10,0.006050840964382693
6964108750473070287,2021-10,0.004393517944926123
6964108750473070287,2021-10,0.004393517944926123
6964108750473070287,2021-10,0.0040440256137010315
6964108750473070287,2021-10,0.0040440256137010315
6964108750473070287,2021-10,0.006612784990346884
6964108750473070287,2021-10,0.003771625671029538
6964108750473070287,2021-10,0.005994306356055664
6964108750473070287,2021-10,0.007508092320958844
6964108750473070287,2021-11,0.004204583996026884
6964108750473070287,2021-11,0.005318859170016076
6964108750473070287,2021-11,0.0057212694980760094
6964108750473070287,2021-11,0.005318859170016076
6964108750473070287,2021-11,0.005717722852028109
6964108750473070287,2021-11,0.009082432341483624
6964108750473070287,2021-11,0.008850299449307403
6964108750473070287,2021-11,0.005182414303048927
6964108750473070287,2021-11,0.008850299449307403
6964108750473070287,2021-11,0.004847501671990858
6964108750473070287,2021-11,0.0045090686083756396
6964108750473070287,2021-11,0.004911596258140737
6964108750473070287,2021-11,0.004568708912158482
6964108750473070287,2021-11,0.004911596258140737
6964108750473070287,2021-11,0.004911596258140737
6964108750473070287,2021-11,0.004911596258140737
6964108750473070287,2021-11,0.004568708912158482
6964108750473070287,2021-11,0.005901369150013508
6964108750473070287,2021-11,0.005489765185966878
6828316696355015040,2021-10,0.008642929870080132
7206599058451025691,2021-10,0.009365578483655775
682352428813668634,2021-10,0.003759114843854287
682352428813668634,2021-10,0.003207661989054699
682352428813668634,2021-10,0.003529102236203423
682352428813668634,2021-10,0.006166722878244125
682352428813668634,2021-10,0.006166722878244125
682352428813668634,2021-11,0.003065649333945457
682352428813668634,2021-11,0.003065649333945457
682352428813668634,2021-11,0.003693741807247698
682352428813668634,2021-11,0.003548413878082211
682352428813668634,2021-11,0.004118485312836623
682352428813668634,2021-11,0.008950874855732505
682352428813668634,2021-11,0.004148846016350147
3829967475074118757,2021-10,0.7831406108968759
3829967475074118757,2021-10,0.778561993304919
3829967475074118757,2021-10,0.7552435784005739
3829967475074118757,2021-11,0.8137109338105335
2726314736140152277,2021-10,0.9417935558085847
2726314736140152277,2021-10,0.9123496172350964
459290606780222306,2021-10,0.005588173548982966
459290606780222306,2021-10,0.004282975130050378
459290606780222306,2021-10,0.0045632024098933525
459290606780222306,2021-10,0.005066356661148886
459290606780222306,2021-10,0.00607165425387499
459290606780222306,2021-10,0.004402561486697597
459290606780222306,2021-11,0.004959728459614523
459290606780222306,2021-11,0.005044542518843215
459290606780222306,2021-11,0.004574348648171229
459290606780222306,2021-11,0.005603665189617218
459290606780222306,2021-11,0.004341068653682802
7141263195360679278,2021-10,0.02864973163423458
7141263195360679278,2021-10,0.021361579091008893
7141263195360679278,2021-10,0.024120401025821886
7141263195360679278,2021-10,0.021843667061862984
7141263195360679278,2021-10,0.03638337009596792
7141263195360679278,2021-10,0.03525349654098979
7141263195360679278,2021-11,0.015726466181357337
7141263195360679278,2021-11,0.015864095437181435
7141263195360679278,2021-11,0.01498564993392029
7141263195360679278,2021-11,0.011857416634921075
7910340581026492945,2021-10,0.004587571340349374
7910340581026492945,2021-10,0.0027700349862240336
7910340581026492945,2021-10,0.003825511865513873
7910340581026492945,2021-10,0.003605089472757276
7910340581026492945,2021-10,0.004673122862649702
7910340581026492945,2021-11,0.0030335370677521015
7910340581026492945,2021-11,0.003251929514592498
3690886209682028027,2021-10,0.025211705594996556
3690886209682028027,2021-10,0.03106692746831429
3690886209682028027,2021-11,0.013960121747364832
1579681122696922043,2021-10,0.011708179921266186
5057726374207815794,2021-10,0.1590572049719635
1661240395903230676,2021-10,0.16410087026727344
1661240395903230676,2021-11,0.15792738658830532
1661240395903230676,2021-11,0.12374818417680708
1661240395903230676,2021-11,0.11955256897575368
1661240395903230676,2021-11,0.14894810566315694
1661240395903230676,2021-11,0.14491731657497525
8079157452200263869,2021-10,0.8438938227644102
1253437108265925705,2021-10,0.001446439048492203
1253437108265925705,2021-10,0.0016740136569958729
1253437108265925705,2021-10,0.0014601991492531852
1253437108265925705,2021-10,0.0019894534541112364
1253437108265925705,2021-11,0.002723724586788195
1253437108265925705,2021-11,0.0026452333294914305
4874157215501489741,2021-10,0.018460044030102478
4874157215501489741,2021-10,0.036943166143305
4874157215501489741,2021-10,0.02063057394044993
4874157215501489741,2021-10,0.014871913410309743
4874157215501489741,2021-10,0.014871913410309743
4874157215501489741,2021-11,0.015257139107124156
4874157215501489741,2021-11,0.01434174484266003
3511416927745338332,2021-10,0.0031152522591385273
3511416927745338332,2021-10,0.0032306603764259523
3511416927745338332,2021-11,0.0019508472127935234
2773493808492482979,2021-10,0.003454042193582296
2773493808492482979,2021-10,0.00396912895594176
7451017400765373278,2021-10,0.010458747898695908
7451017400765373278,2021-10,0.012903108365904177
7451017400765373278,2021-10,0.01289292189327776
7451017400765373278,2021-11,0.009370897561809751
7451017400765373278,2021-11,0.006925872073410123
7451017400765373278,2021-11,0.007642387054719939
3979129042322937623,2021-10,0.3522741156086271
3979129042322937623,2021-10,0.26415920450768116
3979129042322937623,2021-10,0.3999627940951973
170089315547146305,2021-10,0.005663965681670541
170089315547146305,2021-10,0.0067603862435466665
170089315547146305,2021-10,0.012109452394262643
170089315547146305,2021-11,0.0048616273062882355
170089315547146305,2021-11,0.00940743086054128
170089315547146305,2021-11,0.0048882082314562515
7325545718770538459,2021-10,0.004183140818809981
7325545718770538459,2021-10,0.003677785805255041
7325545718770538459,2021-10,0.004161125241306768
7325545718770538459,2021-10,0.02069253162671768
7325545718770538459,2021-10,0.02249258273675146
7325545718770538459,2021-11,0.023986197437888306
7325545718770538459,2021-11,0.016729296169570584
7325545718770538459,2021-11,0.017114370344367205
7325545718770538459,2021-11,0.017114370344367205
7325545718770538459,2021-11,0.015841026173194356
7325545718770538459,2021-11,0.015514141867297694
7325545718770538459,2021-11,0.017299849082037504
4972567100282306577,2021-10,0.010426405454232238
4972567100282306577,2021-10,0.009351050727523914
4972567100282306577,2021-10,0.010686031005553384
4972567100282306577,2021-10,0.011806143297391861
4972567100282306577,2021-11,0.009372472628212513
4972567100282306577,2021-11,0.00909643213591561
175003104385133396,2021-10,0.003491620102982803
175003104385133396,2021-11,0.006331120850767153
7398738404146260251,2021-10,0.003712996762570698
7398738404146260251,2021-11,0.05511461659346535
2658946240987854807,2021-10,0.005683854189193582
2658946240987854807,2021-11,0.006912681123318141
2658946240987854807,2021-11,0.06274820803064192
2658946240987854807,2021-11,0.006912681123318141
2658946240987854807,2021-11,0.005834830624341667
326257359176916767,2021-10,0.0020704046776591554
8785648114090695180,2021-10,0.008835563985797998
8785648114090695180,2021-11,0.01653957887988093
8785648114090695180,2021-11,0.014631977337738708
8784237149961904,2021-10,0.007125832974654338
8784237149961904,2021-10,0.00923856575612275
8784237149961904,2021-10,0.00747607956668553
8784237149961904,2021-10,0.007697680876967885
8784237149961904,2021-11,0.008190201804086517
8784237149961904,2021-11,0.0066411542065535475
8784237149961904,2021-11,0.0060771878604297235
8784237149961904,2021-11,0.005317026662340189
6759864637454708017,2021-10,0.05672806182148857
6759864637454708017,2021-10,0.05735702769341249
6759864637454708017,2021-10,0.05467460026799902
6759864637454708017,2021-10,0.04998780207385582
6759864637454708017,2021-10,0.05134664628316157
6759864637454708017,2021-11,0.05365340389914102
6759864637454708017,2021-11,0.08987248846994098
5694881483989656694,2021-10,0.007088889901041594
5694881483989656694,2021-10,0.010936779258009803
5694881483989656694,2021-11,0.022092966513496386
5694881483989656694,2021-11,0.018362637730083654
209314261782935157,2021-10,0.5173280378357952
2759416556905651870,2021-10,0.4622298516010045
2759416556905651870,2021-11,0.43319459902788826
2022367282554149730,2021-10,0.008572587084804429
2022367282554149730,2021-10,0.008654332293823305
2022367282554149730,2021-10,0.00808315444661093
2022367282554149730,2021-10,0.006932530514277218
2022367282554149730,2021-10,0.008457338728300777
2022367282554149730,2021-11,0.008045156170700398
2022367282554149730,2021-11,0.008423213264309209
2022367282554149730,2021-11,0.007056487088477647
2022367282554149730,2021-11,0.007471408407396561
2022367282554149730,2021-11,0.007471408407396561
2022367282554149730,2021-11,0.00656909807197695
8173830874846355280,2021-10,0.007124194734658173
8173830874846355280,2021-10,0.006984045774885401
8173830874846355280,2021-10,0.007124194734658173
8173830874846355280,2021-10,0.006362593077539824
8173830874846355280,2021-10,0.006237332417222684
8173830874846355280,2021-10,0.005785356536811578
8173830874846355280,2021-10,0.005785356536811578
8173830874846355280,2021-10,0.005785356536811578
8173830874846355280,2021-10,0.006121261310331341
8173830874846355280,2021-10,0.006720921122050916
8173830874846355280,2021-11,0.00337758125347417
8173830874846355280,2021-11,0.004069885678875845
8173830874846355280,2021-11,0.0033375294815840843
8173830874846355280,2021-11,0.03884912984934466
8173830874846355280,2021-11,0.003166075635422893
8173830874846355280,2021-11,0.003129713798077376
8173830874846355280,2021-11,0.0036992436075240424
8173830874846355280,2021-11,0.0032350230179933577
8173830874846355280,2021-11,0.002995083445211187
8173830874846355280,2021-11,0.0035748410584663316
8173830874846355280,2021-11,0.003127556105551627
8173830874846355280,2021-11,0.0031956673404770486
8173830874846355280,2021-11,0.003507508246151202
8173830874846355280,2021-11,0.0033746124992469068
8173830874846355280,2021-11,0.003127556105551627
8173830874846355280,2021-11,0.0031956673404770486
3382624494518753363,2021-10,0.0919387204686036
3382624494518753363,2021-10,0.16491991704475273
3382624494518753363,2021-11,0.12405184519294626
3382624494518753363,2021-11,0.13815690128021677
3382624494518753363,2021-11,0.12870674979321534
2123312420728961012,2021-10,0.01361874708163323
2123312420728961012,2021-10,0.012851000577941913
2123312420728961012,2021-10,0.012702317269253369
5082813456193598086,2021-10,0.0060539139148682005
5082813456193598086,2021-10,0.0063185853048953276
5082813456193598086,2021-10,0.0063185853048953276
3279078057358159966,2021-10,0.020974556771867926
4334472256949955221,2021-10,0.007447803350059285
4334472256949955221,2021-10,0.010856196297222453
4334472256949955221,2021-10,0.013484922838795365
4334472256949955221,2021-10,0.015850316225639514
4334472256949955221,2021-11,0.0957857052192459
4334472256949955221,2021-11,0.01100636133066265
4347826483121154490,2021-10,0.0016975124802073712
4347826483121154490,2021-10,0.002505723015689967
4347826483121154490,2021-10,0.0034684941395912504
4347826483121154490,2021-10,0.0016128019055059002
4347826483121154490,2021-11,0.002121346493519075
4347826483121154490,2021-11,0.001746010862309605
4347826483121154490,2021-11,0.0015672907008110802
4347826483121154490,2021-11,0.001916175767639614
4347826483121154490,2021-11,0.0021778782477096586
819552547620904652,2021-10,0.14594432137630972
819552547620904652,2021-10,0.1631357511053242
819552547620904652,2021-10,0.15435180055433292
819552547620904652,2021-10,0.16501988326637868
819552547620904652,2021-11,0.15395506737897463
8596605705893456305,2021-10,0.8175766572244192
8596605705893456305,2021-10,0.8120398591170808
8596605705893456305,2021-10,0.8206207664233185
8596605705893456305,2021-11,0.8360923698842633
8596605705893456305,2021-11,0.7354782784719928
8919892162361650175,2021-10,0.48608540460969274
8919892162361650175,2021-10,0.48594986239284127
8919892162361650175,2021-10,0.531611656358395
8919892162361650175,2021-11,0.5543267939784376
8919892162361650175,2021-11,0.541016983688471
2033394215069562776,2021-10,0.037074662413291735
2033394215069562776,2021-10,0.06758819402746571
2033394215069562776,2021-11,0.03397566558060092
2033394215069562776,2021-11,0.03069612683446616
2033394215069562776,2021-11,0.04183529008512026
1069093308328204542,2021-10,0.0046930656634696
1069093308328204542,2021-10,0.0039370863521088996
3941676647656952109,2021-10,0.4410177243436014
3941676647656952109,2021-10,0.38566231678929785
3941676647656952109,2021-11,0.5041371669244039
3941676647656952109,2021-11,0.6033045670014935
3941676647656952109,2021-11,0.4967532246460896
2451708306555441014,2021-10,0.008434773904548047
2451708306555441014,2021-11,0.010094350679332396
3812760626052898456,2021-10,0.004750636402537469
3812760626052898456,2021-11,0.0037832377197668425
1366416810235233769,2021-10,0.00576767007975879
1366416810235233769,2021-10,0.01943852600865215
1366416810235233769,2021-10,0.011340966819860396
1366416810235233769,2021-11,0.0572568743249256
1366416810235233769,2021-11,0.020968913430655607
2302464746243069589,2021-10,0.005466150473217839
2302464746243069589,2021-10,0.006322996677845751
2302464746243069589,2021-11,0.008260747038572843
4850722092974676955,2021-10,0.005701991281187377
6367769402148499693,2021-10,0.007226435001313492
6367769402148499693,2021-10,0.006817901677310579
6367769402148499693,2021-11,0.005684963857627458
4935929591787890253,2021-10,0.0035969263538703517
4935929591787890253,2021-10,0.006658576679262123
4935929591787890253,2021-11,0.0043627040496935655
4935929591787890253,2021-11,0.0025586661597872826
314309872114206760,2021-10,0.06603436396355222
5369576709077493659,2021-10,0.013716617699082247
5369576709077493659,2021-10,0.08536902394714622
5369576709077493659,2021-11,0.29170778251878615
5369576709077493659,2021-11,0.022409927582469798
5369576709077493659,2021-11,0.03183401274578593
5810778736737569699,2021-10,0.014283801132890477
5810778736737569699,2021-10,0.01413539554540898
5810778736737569699,2021-11,0.015648574619631123
5810778736737569699,2021-11,0.016894737951385536
1088521227159442264,2021-10,0.005338330908874201
1088521227159442264,2021-10,0.005091937189930368
1088521227159442264,2021-10,0.005404928116635291
1088521227159442264,2021-10,0.015063731522987666
1088521227159442264,2021-11,0.005364629314041554
1088521227159442264,2021-11,0.008831757328763422
1088521227159442264,2021-11,0.46603301566250654
1088521227159442264,2021-11,0.0046360067331812785
6518776090651183119,2021-10,0.7624325979551403
1551531256789550891,2021-10,0.004821765131444327
1551531256789550891,2021-10,0.01061979722653035
1551531256789550891,2021-11,0.005324944297224569
2083323809219952960,2021-10,0.017729656977857403
2083323809219952960,2021-10,0.008443966198220307
2083323809219952960,2021-10,0.021856664878127385
2083323809219952960,2021-10,0.021856664878127385
2083323809219952960,2021-11,0.005698211574756393
2083323809219952960,2021-11,0.0057348661231767595
2083323809219952960,2021-11,0.008155907403444101
2083323809219952960,2021-11,0.007575192221292209
1292049196559782171,2021-10,0.0026718208966646935
1292049196559782171,2021-10,0.002869019549300564
1292049196559782171,2021-10,0.0038297264520593646
1292049196559782171,2021-10,0.0030959171296737103
1292049196559782171,2021-10,0.003938107039860704
1292049196559782171,2021-10,0.004871360907749489
1292049196559782171,2021-11,0.0047611182142321155
1292049196559782171,2021-11,0.0047611182142321155
1292049196559782171,2021-11,0.0049635381794373564
1292049196559782171,2021-11,0.0037889979293083058
1292049196559782171,2021-11,0.003931128439761095
3591324331706630867,2021-10,0.0828907565525251
3591324331706630867,2021-10,0.15409229023483992
3591324331706630867,2021-11,0.032121809829688076
2382123267535341265,2021-10,0.005956991053112517
8609938720215175911,2021-10,0.018700324482586187
8609938720215175911,2021-10,0.019812649055941312
8609938720215175911,2021-10,0.02697837421308988
8609938720215175911,2021-10,0.019292496768739814
8609938720215175911,2021-11,0.020023430184283462
8609938720215175911,2021-11,0.016367203876605903
8609938720215175911,2021-11,0.025260928985776556
8609938720215175911,2021-11,0.5075250063588201
8609938720215175911,2021-11,0.02185034927192887
2808145376905474927,2021-10,0.020183630075226
2808145376905474927,2021-11,0.012980654867605058
2808145376905474927,2021-11,0.012463726009770106
7750874287225529604,2021-10,0.004368838461147303
7750874287225529604,2021-10,0.0056344093387991935
7750874287225529604,2021-10,0.006254688402441527
7750874287225529604,2021-11,0.0038680240648759925
7750874287225529604,2021-11,0.003897347587426793
6969348581033924947,2021-10,0.031008169219681612
6969348581033924947,2021-10,0.03376671210708846
6969348581033924947,2021-10,0.04390631451705053
6969348581033924947,2021-10,0.04559965831933754
6969348581033924947,2021-10,0.04152992350705196
6969348581033924947,2021-11,0.021444280499708028
6969348581033924947,2021-11,0.01794117920337823
6969348581033924947,2021-11,0.016891363993453184
6969348581033924947,2021-11,0.019302329021064813
6969348581033924947,2021-11,0.018938384720005925
5931905128207886847,2021-10,0.19802467246147645
8252215766413781202,2021-10,0.020252381625488383
2645324649046215594,2021-10,0.008499770288763166
2645324649046215594,2021-10,0.010066958293183258
2645324649046215594,2021-10,0.009546510487418053
2645324649046215594,2021-10,0.008178188900360484
2645324649046215594,2021-11,0.009726436862495774
2645324649046215594,2021-11,0.01033811500149595
2645324649046215594,2021-11,0.01089244714464058
2645324649046215594,2021-11,0.012927991195831224
2645324649046215594,2021-11,0.012875859421772214
6916556752218696485,2021-10,0.004410366060413371
6916556752218696485,2021-10,0.0033139417811135926
6916556752218696485,2021-10,0.0033139417811135926
6916556752218696485,2021-10,0.003908381251133138
6916556752218696485,2021-10,0.005262729559361137
6916556752218696485,2021-10,0.005822607071568365
6916556752218696485,2021-10,0.007285044971468257
6916556752218696485,2021-10,0.005990529647459371
6916556752218696485,2021-10,0.005686758807863018
6916556752218696485,2021-10,0.005686758807863018
6916556752218696485,2021-11,0.7152607180003512
6916556752218696485,2021-11,0.004790713453958186
6916556752218696485,2021-11,0.005784310758507989
6916556752218696485,2021-11,0.005784310758507989
6916556752218696485,2021-11,0.0050071652208253156
6916556752218696485,2021-11,0.006039535089926408
6916556752218696485,2021-11,0.006536532533550607
6916556752218696485,2021-11,0.0036909909359925785
4210463673385510745,2021-10,0.14941111242619903
4210463673385510745,2021-10,0.20327148350934748
4210463673385510745,2021-11,0.9658423892325065
4210463673385510745,2021-11,0.10997126562968997
4210463673385510745,2021-11,0.11511164485735348
4679462479444735708,2021-10,0.024297533771758084
4679462479444735708,2021-10,0.8513827085354276
4679462479444735708,2021-10,0.029858255956867245
4679462479444735708,2021-11,0.0186289714858783
4679462479444735708,2021-11,0.02091139673666118
4237135112070444140,2021-10,0.056954062002463265
4237135112070444140,2021-10,0.055809251110572076
4237135112070444140,2021-11,0.07055182222211245
7177785309735471560,2021-10,0.002822590448119158
7177785309735471560,2021-10,0.003571892863928765
7177785309735471560,2021-10,0.005498593781315002
7177785309735471560,2021-10,0.004717439074818424
7177785309735471560,2021-11,0.0038998145400990433
7177785309735471560,2021-11,0.0034705926039512976
7177785309735471560,2021-11,0.0025095314822457
1097345589386012260,2021-10,0.003696278958802092
1097345589386012260,2021-10,0.0042971468662317365
1097345589386012260,2021-11,0.006118024190664702
1097345589386012260,2021-11,0.0085739640894149
8385636129786687263,2021-10,0.006968307058023502
8385636129786687263,2021-10,0.007842178523613286
8385636129786687263,2021-11,0.008455843111113215
873223039957991123,2021-10,0.01831748471083631
8313765100460016738,2021-10,0.4903372741314072
8313765100460016738,2021-10,0.49599992947271404
8313765100460016738,2021-10,0.7143172744667924
8313765100460016738,2021-10,0.496892491214699
8313765100460016738,2021-11,0.5203701353316514
8163895533020293251,2021-10,0.9316372697216684
8163895533020293251,2021-10,0.9111795535194482
8163895533020293251,2021-11,0.8573594214633427
8163895533020293251,2021-11,0.9433824065104617
7930925883736021864,2021-10,0.09422037191514555
7930925883736021864,2021-10,0.0033270183781701494
7930925883736021864,2021-10,0.003438331906377843
7930925883736021864,2021-10,0.0036687527567496707
7930925883736021864,2021-10,0.003888041325079312
7930925883736021864,2021-10,0.003730349171779885
7930925883736021864,2021-10,0.004474544185515465
7930925883736021864,2021-10,0.004773630152129502
7930925883736021864,2021-10,0.004651053759962747
7930925883736021864,2021-11,0.13024005080370807
7930925883736021864,2021-11,0.004592126519365467
7930925883736021864,2021-11,0.005090675774935681
7930925883736021864,2021-11,0.0052091152459523065
7930925883736021864,2021-11,0.004502289309176199
7930925883736021864,2021-11,0.003876822608553776
7930925883736021864,2021-11,0.003376311010060017
7930925883736021864,2021-11,0.0033117339782983615
7930925883736021864,2021-11,0.0031896207874531424
5577659616907513811,2021-10,0.9000379269008523
5577659616907513811,2021-11,0.8394591316095965
5577659616907513811,2021-11,0.9091324051415878
2771214050521171719,2021-10,0.002409447541924547
2771214050521171719,2021-11,0.0026151702275147275
2771214050521171719,2021-11,0.0024328794923008505
2771214050521171719,2021-11,0.0028550872168093327
824632039241482307,2021-10,0.03254085256211629
4071158585850879204,2021-10,0.014509012527522793
4071158585850879204,2021-10,0.021761208906732343
4071158585850879204,2021-11,0.17116250370445366
4071158585850879204,2021-11,0.014024362095162326
4071158585850879204,2021-11,0.013476160567143044
4071158585850879204,2021-11,0.014070101555080526
6486277549325701534,2021-10,0.014689592002797656
6486277549325701534,2021-11,0.012063947585978407
4995217181024687397,2021-10,0.002681825441701676
4995217181024687397,2021-10,0.002837559975308191
4995217181024687397,2021-11,0.0021770639403857353
4995217181024687397,2021-11,0.0019362033083811549
2870813069335519467,2021-10,0.04596916399090719
340285351737204923,2021-10,0.03218970866911814
340285351737204923,2021-10,0.04713003458342768
340285351737204923,2021-10,0.04198997209979602
8287608084245946173,2021-10,0.005201185142144685
8287608084245946173,2021-10,0.006097282993089818
8287608084245946173,2021-10,0.005937140631745393
8287608084245946173,2021-10,0.006299262738018896
8287608084245946173,2021-11,0.005911198174981716
8287608084245946173,2021-11,0.0055105699386154006
8287608084245946173,2021-11,0.004939527302732817
8287608084245946173,2021-11,0.004939527302732817
1977574645216036803,2021-10,0.5381023634494461
1977574645216036803,2021-11,0.761695862619566
1977574645216036803,2021-11,0.7821178215350627
4571290108043699959,2021-10,0.0019185489731818608
4571290108043699959,2021-10,0.0019092516450192603
4571290108043699959,2021-11,0.0015432779234119144
4571290108043699959,2021-11,0.32275851456497506
4571290108043699959,2021-11,0.0018580003921601352
4571290108043699959,2021-11,0.001413431613897552
4571290108043699959,2021-11,0.001614596472431111
3095686599956852697,2021-10,0.007545147993263714
3095686599956852697,2021-10,0.04194620115023166
3095686599956852697,2021-11,0.011293146545884728
3095686599956852697,2021-11,0.0076659809739684105
4593070249039532001,2021-10,0.004455431675401433
4593070249039532001,2021-11,0.004346461174286635
4593070249039532001,2021-11,0.004346461174286635
4045739494965095560,2021-10,0.004037622685633199
4045739494965095560,2021-10,0.00400642502488533
4045739494965095560,2021-10,0.005567055262879212
4045739494965095560,2021-10,0.009750495146726117
4045739494965095560,2021-10,0.00801074179836605
4045739494965095560,2021-11,0.006664976958690302
4045739494965095560,2021-11,0.006286548115492342
4045739494965095560,2021-11,0.007288456657521155
4045739494965095560,2021-11,0.00727684331920049
4045739494965095560,2021-11,0.005997187561692596
4045739494965095560,2021-11,0.00794918519748835
4045739494965095560,2021-11,0.0053501527015442606
7085295800541340563,2021-10,0.010814423323629313
7085295800541340563,2021-10,0.02513583064354654
7085295800541340563,2021-10,0.024364566634996657
7085295800541340563,2021-10,0.009777337302737513
7085295800541340563,2021-10,0.020846292637656503
7085295800541340563,2021-10,0.01921224763470998
7085295800541340563,2021-11,0.07419443107098121
7085295800541340563,2021-11,0.022781449947117907
7085295800541340563,2021-11,0.0212306974635435
6238903426443761049,2021-10,0.01642024499923985
6238903426443761049,2021-10,0.01642024499923985
6238903426443761049,2021-10,0.019897313759411294
6238903426443761049,2021-10,0.018298012844063117
6238903426443761049,2021-10,0.022458905714324857
6238903426443761049,2021-10,0.01812821790746588
6238903426443761049,2021-10,0.03243207948919169
6238903426443761049,2021-11,0.04495298655298366
6238903426443761049,2021-11,0.033871095581073235
6238903426443761049,2021-11,0.03637774690490783
8826489829259520138,2021-10,0.002964423635526953
8826489829259520138,2021-11,0.003751171506328944
8826489829259520138,2021-11,0.02973353310788721
8826489829259520138,2021-11,0.003078973845080922
5166128847048245697,2021-10,0.008177831561793572
5166128847048245697,2021-10,0.004361139984093908
5166128847048245697,2021-10,0.006420732218464405
5166128847048245697,2021-11,0.005248847965585768
5166128847048245697,2021-11,0.00508492108647824
4465150716052427320,2021-10,0.007187074494760386
4465150716052427320,2021-11,0.007340877380524016
4465150716052427320,2021-11,0.016136741909938523
4465150716052427320,2021-11,0.009012362103211703
7595945751692012281,2021-10,0.007876773863584105
7595945751692012281,2021-10,0.008408190615801185
2493305884832539159,2021-10,0.021364714048166766
2493305884832539159,2021-10,0.03150474528497454
324916756972236008,2021-10,0.03045089643173506
324916756972236008,2021-10,0.016358752090422563
324916756972236008,2021-10,0.01632341713183497
324916756972236008,2021-10,0.021367154182055998
324916756972236008,2021-10,0.015477889143037138
324916756972236008,2021-11,0.013339251045690996
324916756972236008,2021-11,0.016657677384968532
8994944800097997361,2021-10,0.011575514366607914
8994944800097997361,2021-11,0.010781977290501048
8994944800097997361,2021-11,0.01426246821858425
8706851346184249504,2021-10,0.0031278545907435867
8706851346184249504,2021-10,0.0025401602373324944
8706851346184249504,2021-11,0.003043659740498493
8706851346184249504,2021-11,0.003098728038618025
3713742318997880410,2021-10,0.009788912645635046
3713742318997880410,2021-10,0.012920989612418608
1708019696828098378,2021-10,0.8406715276065939
1708019696828098378,2021-10,0.8646469160625098
1708019696828098378,2021-11,0.757686662127724
3022528659032597047,2021-10,0.022459218009204085
3022528659032597047,2021-10,0.044412060248645725
3022528659032597047,2021-11,0.04144070051108701
3022528659032597047,2021-11,0.03337830892594356
7708030042671632236,2021-10,0.010423722218810787
7708030042671632236,2021-10,0.0072819938774649024
7708030042671632236,2021-10,0.007495569662368777
5440313607363845188,2021-10,0.00314292046400944
5440313607363845188,2021-11,0.002424775115960923
5383359512938607117,2021-10,0.07480136668060529
3263212305228307743,2021-10,0.00388262545698718
3263212305228307743,2021-11,0.002720706851860912
3263212305228307743,2021-11,0.0026379482027916413
2598475569074240783,2021-10,0.01286049973468787
2598475569074240783,2021-10,0.07050060985490578
2598475569074240783,2021-11,0.043348373402697024
1617695035450525647,2021-10,0.0030351722105716617
1617695035450525647,2021-10,0.0030351722105716617
1617695035450525647,2021-10,0.0026823332327780866
1617695035450525647,2021-10,0.00697262150149766
1617695035450525647,2021-10,0.00697262150149766
1617695035450525647,2021-10,0.0049272809593057
1617695035450525647,2021-11,0.0015519059632573954
3634047863995720708,2021-10,0.0058487403172085084
3634047863995720708,2021-10,0.005877906600136501
1951407691087813358,2021-10,0.003045110355627472
1951407691087813358,2021-11,0.006276332460264597
1951407691087813358,2021-11,0.006229955248557386
6817075905797098547,2021-10,0.06002956946741411
6817075905797098547,2021-10,0.06002956946741411
6817075905797098547,2021-10,0.028881724480185608
6817075905797098547,2021-11,0.036404813661534724
644457054514416604,2021-10,0.7599042779804044
472772897496154354,2021-10,0.02807872482193694
472772897496154354,2021-11,0.0118803627692473
2550506309527280168,2021-10,0.03177590537515691
6681781879793693802,2021-10,0.008276952519754155
6681781879793693802,2021-11,0.004918225915859766
4008627434689715639,2021-10,0.10374033733403928
4008627434689715639,2021-11,0.3365729425221083
5753677550753111444,2021-10,0.0012610845874504624
5753677550753111444,2021-10,0.0014058864743871325
5753677550753111444,2021-10,0.001157034001257845
5753677550753111444,2021-10,0.0013226774432637672
5753677550753111444,2021-11,0.0011719834870104725
6198047969028248384,2021-10,0.0052977364677961256
6198047969028248384,2021-10,0.005167613038856627
6198047969028248384,2021-11,0.004315387437647929
924957821424248698,2021-10,0.003322818368917309
924957821424248698,2021-10,0.003058648946200168
924957821424248698,2021-10,0.00339126012811994
924957821424248698,2021-11,0.002890939976370582
924957821424248698,2021-11,0.00426585464135252
1003144834589372198,2021-10,0.004212174002403945
1003144834589372198,2021-10,0.006299861904467374
1003144834589372198,2021-10,0.006558175548093833
1003144834589372198,2021-10,0.005798006975737128
1003144834589372198,2021-10,0.004196286324753634
1003144834589372198,2021-10,0.005696607507154289
1003144834589372198,2021-11,0.0065188223929120446
1003144834589372198,2021-11,0.0064048980283524645
1003144834589372198,2021-11,0.004718918992742788
1003144834589372198,2021-11,0.005436819724686368
1003144834589372198,2021-11,0.0050249197766623
1003144834589372198,2021-11,0.00521916871693847
1003144834589372198,2021-11,0.0055046786840520215
1003144834589372198,2021-11,0.0052868663272959355
6858769421191999702,2021-10,0.00502973644517255
6858769421191999702,2021-11,0.008164386139890862
7707459425750676368,2021-10,0.9573542691509378
1467843186411742274,2021-10,0.01544865039238036
1467843186411742274,2021-11,0.01230867957131593
1467843186411742274,2021-11,0.017278557990013443
2006188298374001315,2021-10,0.048298684225017756
2006188298374001315,2021-11,0.026302101316519607
8512214463586144353,2021-10,0.0061253840097590575
8512214463586144353,2021-10,0.009695725742282762
8512214463586144353,2021-11,0.004799798533394103
8512214463586144353,2021-11,0.005848574414191531
1477629972594346481,2021-10,0.08356568703464645
1477629972594346481,2021-11,0.07858186029131127
1477629972594346481,2021-11,0.08444046744180929
3660744270380078352,2021-10,0.013281883814182636
3660744270380078352,2021-10,0.017778881644595974
3660744270380078352,2021-11,0.01807032183110428
3660744270380078352,2021-11,0.01701557559174548
3660744270380078352,2021-11,0.02489915728527859
3660744270380078352,2021-11,0.07374528794079568
417157680860985231,2021-10,0.00390520413559568
417157680860985231,2021-10,0.4832997517858224
417157680860985231,2021-10,0.0031119594703331354
417157680860985231,2021-10,0.0033415315091094755
417157680860985231,2021-10,0.0029113552241850403
417157680860985231,2021-10,0.0027576257597737063
417157680860985231,2021-11,0.0022763077087695877
417157680860985231,2021-11,0.002387432068509841
417157680860985231,2021-11,0.0024063780313671973
417157680860985231,2021-11,0.0024064763584599152
524026009392362402,2021-10,0.5956772298917018
8348574220426911086,2021-10,0.007107159217805101
8348574220426911086,2021-10,0.008167484070824736
8348574220426911086,2021-10,0.01029552358397566
8348574220426911086,2021-10,0.024165982209118905
8348574220426911086,2021-11,0.0121374610575769
187117706370645370,2021-10,0.01813252512242017
187117706370645370,2021-10,0.02742818868311427
187117706370645370,2021-10,0.024235879667546822
187117706370645370,2021-11,0.028829495703162948
187117706370645370,2021-11,0.17722365071126533
187117706370645370,2021-11,0.01541767449370487
187117706370645370,2021-11,0.007493864077972965
8255085612985072878,2021-10,0.0023999596005806626
8255085612985072878,2021-11,0.002782427049093391
8255085612985072878,2021-11,0.002682491132029671
8343941262792249232,2021-10,0.039812835379733784
8343941262792249232,2021-10,0.039812835379733784
8343941262792249232,2021-10,0.039080676989244535
8343941262792249232,2021-10,0.039967212235404094
8343941262792249232,2021-11,0.05674021774935841
3977861004707764824,2021-10,0.06837401556031335
3977861004707764824,2021-10,0.030081667310827672
3977861004707764824,2021-10,0.03802566749354311
3977861004707764824,2021-10,0.04554001953402136
3977861004707764824,2021-10,0.03286094610906057
3977861004707764824,2021-10,0.031314740074527295
3977861004707764824,2021-10,0.04818919639322592
3977861004707764824,2021-10,0.04118364029496187
3977861004707764824,2021-10,0.04000174710233189
3977861004707764824,2021-11,0.07629372216696478
3977861004707764824,2021-11,0.06640560104475053
3977861004707764824,2021-11,0.0926109217050939
3977861004707764824,2021-11,0.06860474724388405
3977861004707764824,2021-11,0.06148195568508503
3977861004707764824,2021-11,0.06663135930602827
3977861004707764824,2021-11,0.058427330296241656
7458891296671174680,2021-10,0.6377026488494197
7458891296671174680,2021-10,0.5919162051228527
2371917341091102894,2021-10,0.06663973431424289
2371917341091102894,2021-10,0.05904873041771785
2371917341091102894,2021-10,0.037874887415945406
465309249432033993,2021-10,0.02248256810584468
465309249432033993,2021-10,0.019795505297674966
465309249432033993,2021-10,0.024363548618562082
465309249432033993,2021-11,0.06550384422705277
465309249432033993,2021-11,0.05957049291966766
465309249432033993,2021-11,0.03505644868241596
465309249432033993,2021-11,0.041578445926282195
1717812527056208209,2021-10,0.2331684709483263
1717812527056208209,2021-11,0.2830422012020781
3629889536335411116,2021-10,0.03398303766902058
2408009918678280470,2021-10,0.06622484652993775
2408009918678280470,2021-10,0.0655306198052165
2408009918678280470,2021-10,0.06397069787293007
2408009918678280470,2021-10,0.09005646126936814
2408009918678280470,2021-10,0.06702382616072887
2408009918678280470,2021-10,0.07610624384865403
2408009918678280470,2021-11,0.08017580896428657
2408009918678280470,2021-11,0.08875647019271729
2408009918678280470,2021-11,0.09400416940019263
2408009918678280470,2021-11,0.13275950575193013
5883155883105348987,2021-10,0.00804707537864969
5883155883105348987,2021-10,0.010399320725075536
5883155883105348987,2021-10,0.010550546538889868
5883155883105348987,2021-10,0.18755737427878794
5883155883105348987,2021-10,0.012890666096322546
5883155883105348987,2021-10,0.011913284681754602
5883155883105348987,2021-10,0.011540263821683805
5883155883105348987,2021-10,0.03904100857861037
5883155883105348987,2021-11,0.3232920570791194
5883155883105348987,2021-11,0.015176177406796287
5883155883105348987,2021-11,0.010624620143432573
5883155883105348987,2021-11,0.24179032576221518
5883155883105348987,2021-11,0.011846707908691018
5883155883105348987,2021-11,0.014645533096057413
5883155883105348987,2021-11,0.12485693341666568
5883155883105348987,2021-11,0.009776335993315703
5883155883105348987,2021-11,0.42967920229649903
2619109825960703851,2021-10,0.026742388169068737
2619109825960703851,2021-10,0.030895507356869013
2619109825960703851,2021-11,0.03631466594595451
2619109825960703851,2021-11,0.05207449168861786
2619109825960703851,2021-11,0.05207449168861786
2619109825960703851,2021-11,0.028587051692168047
8729164666041467296,2021-10,0.030513560380083404
3472934456083131714,2021-10,0.6906744286264002
3472934456083131714,2021-10,0.009027654950662382
3472934456083131714,2021-11,0.03475701161510071
6546850858912852316,2021-10,0.4968832469770125
6546850858912852316,2021-10,0.4502431895752791
2397171153213063761,2021-10,0.010147423710759758
2397171153213063761,2021-10,0.009166787572985516
2397171153213063761,2021-10,0.009339138434491316
2397171153213063761,2021-11,0.011614740886194512
2397171153213063761,2021-11,0.00706458657285889
2397171153213063761,2021-11,0.008499507459960337
2397171153213063761,2021-11,0.0067665355640624
2397171153213063761,2021-11,0.014026788496620046
2397171153213063761,2021-11,0.006689066296647576
1044568737046072781,2021-10,0.024824659021380913
1044568737046072781,2021-10,0.03287661684104508
1044568737046072781,2021-10,0.06946064905625082
1044568737046072781,2021-11,0.036523065248212194
1044568737046072781,2021-11,0.06189391826355785
5306165689101138983,2021-10,0.016822716519730215
8733525963966339207,2021-10,0.2892355105697267
8733525963966339207,2021-10,0.31515147187844267
8733525963966339207,2021-10,0.311169990175301
8733525963966339207,2021-11,0.9670958068918655
3137879241768961145,2021-10,0.003102765268000275
3137879241768961145,2021-10,0.002952221343245791
3137879241768961145,2021-10,0.0028271491912024243
3137879241768961145,2021-11,0.002432927261869179
3137879241768961145,2021-11,0.002089486817051371
6122719618012473549,2021-10,0.005167372648613917
6122719618012473549,2021-11,0.003516802648861784
6122719618012473549,2021-11,0.0031855838582604628
8901696535927078963,2021-10,0.003913607983073211
8901696535927078963,2021-10,0.004057678029389901
8901696535927078963,2021-10,0.004908327748494992
8901696535927078963,2021-11,0.47291353145888154
8901696535927078963,2021-11,0.005805122287916703
8901696535927078963,2021-11,0.006207766183767013
8724731934863284019,2021-10,0.027472474377614707
8724731934863284019,2021-10,0.025622435988475144
8724731934863284019,2021-10,0.028823331556894104
8724731934863284019,2021-11,0.038802663737783405
8724731934863284019,2021-11,0.3827104078369825
8724731934863284019,2021-11,0.039044269809749496
8724731934863284019,2021-11,0.032404075682036085
4335865859049992260,2021-10,0.005527460680126796
4335865859049992260,2021-10,0.007859495710877093
4335865859049992260,2021-10,0.01161804824472874
4335865859049992260,2021-10,0.01027345627604875
4335865859049992260,2021-11,0.0070280648359612174
4335865859049992260,2021-11,0.007159412956412449
4335865859049992260,2021-11,0.004858989091899174
5999145415800242177,2021-10,0.006750796169059357
5999145415800242177,2021-10,0.016340170727993444
5999145415800242177,2021-11,0.006969117824322513
5999145415800242177,2021-11,0.0075690248338469435
5999145415800242177,2021-11,0.00920254996678945
8213533889694327948,2021-10,0.0023648502522022005
8213533889694327948,2021-10,0.00295270508916062
8213533889694327948,2021-10,0.0021392889698547517
8213533889694327948,2021-10,0.0025350575561009702
8213533889694327948,2021-11,0.002633389774602998
8213533889694327948,2021-11,0.0025256840982118426
8213533889694327948,2021-11,0.0023283238394841243
8213533889694327948,2021-11,0.0025740219052953046
8213533889694327948,2021-11,0.0027236779528201126
6721448955097663572,2021-10,0.018374250217792674
6721448955097663572,2021-10,0.020503740407500887
6721448955097663572,2021-10,0.030310582100871793
6721448955097663572,2021-10,0.03168018964237597
6721448955097663572,2021-10,0.019962678926868094
6721448955097663572,2021-11,0.01389619666079222
5263285038415073073,2021-10,0.4156359040339716
5263285038415073073,2021-10,0.3304357165797298
3036967290595689189,2021-10,0.0056988710351264064
1192891347324061812,2021-10,0.002234501028737178
1192891347324061812,2021-10,0.002720208954435998
1192891347324061812,2021-10,0.0024266184197030733
1192891347324061812,2021-10,0.003526238114483202
1192891347324061812,2021-10,0.004370413840823051
1192891347324061812,2021-10,0.004216795138074227
1192891347324061812,2021-11,0.004428524585499035
1192891347324061812,2021-11,0.004428524585499035
1192891347324061812,2021-11,0.004802383088545966
1192891347324061812,2021-11,0.004802046486539833
1192891347324061812,2021-11,0.0050605069567689325
1192891347324061812,2021-11,0.005869484529496612
1192891347324061812,2021-11,0.0027158155742305636
5048392903148444335,2021-10,0.07625428411156673
5048392903148444335,2021-11,0.07058801334714342
1276604410881911401,2021-10,0.03770427364192895
1276604410881911401,2021-10,0.029522981633524147
1276604410881911401,2021-10,0.6244237731213612
1276604410881911401,2021-10,0.06694183067182059
1276604410881911401,2021-10,0.029522981633524147
1276604410881911401,2021-11,0.08653781535270062
1276604410881911401,2021-11,0.06321917836774454
1276604410881911401,2021-11,0.04900092572316631
1329553496073467331,2021-10,0.009711857879740273
8779038337925278543,2021-10,0.023590714163912802
761746217261797478,2021-10,0.0020489655704014134
761746217261797478,2021-10,0.002395438061808352
761746217261797478,2021-11,0.0025496903434794036
761746217261797478,2021-11,0.002194589975269272
2983174282784691273,2021-10,0.0046700652722661004
2983174282784691273,2021-10,0.004553654331293483
2983174282784691273,2021-10,0.005046738194149294
2983174282784691273,2021-11,0.5554432408103277
5122095358293179297,2021-10,0.005292760944945384
5122095358293179297,2021-10,0.005017997931193116
5122095358293179297,2021-11,0.007260235067891801
5122095358293179297,2021-11,0.10892627691529282
5122095358293179297,2021-11,0.00847157736553235
3480297543931395935,2021-10,0.4204492953524087
3480297543931395935,2021-10,0.45746262996098175
5058298901476893676,2021-10,0.03590157662912875
5058298901476893676,2021-11,0.00660570872306661
5058298901476893676,2021-11,0.004987964672638339
8464809590757561185,2021-10,0.013885976129756172
8464809590757561185,2021-10,0.015534325217768192
8464809590757561185,2021-10,0.014033913890124277
8464809590757561185,2021-10,0.014033913890124277
8464809590757561185,2021-11,0.029759792944039416
8464809590757561185,2021-11,0.7004370306200788
8464809590757561185,2021-11,0.03411461745154463
8464809590757561185,2021-11,0.02845233825181901
6941381638534728190,2021-10,0.0018967064349697611
6941381638534728190,2021-11,0.05426732740293463
6941381638534728190,2021-11,0.0028439571312130897
6941381638534728190,2021-11,0.0026387914063279493
6941381638534728190,2021-11,0.0026387914063279493
3355881107559250653,2021-10,0.0031872572914033595
3355881107559250653,2021-10,0.0026254993222236587
3355881107559250653,2021-10,0.003893188707509576
3355881107559250653,2021-10,0.003893188707509576
3355881107559250653,2021-10,0.003947302415290767
3355881107559250653,2021-10,0.00679582720950715
3355881107559250653,2021-11,0.004748248797508064
3355881107559250653,2021-11,0.27027338707768106
3355881107559250653,2021-11,0.006536806443307354
3355881107559250653,2021-11,0.006536806443307354
6118873739225005756,2021-10,0.0037295632720859384
6118873739225005756,2021-10,0.0042136750411197015
8067924767167570288,2021-10,0.09570209144479687
8067924767167570288,2021-10,0.08087372153251708
6826420906256954294,2021-10,0.12090192944757477
8536980239903840341,2021-10,0.008315969900992766
8536980239903840341,2021-10,0.017781091407093573
8536980239903840341,2021-10,0.017751160585953104
8536980239903840341,2021-11,0.007402736979451685
8536980239903840341,2021-11,0.01087875150938651
1192810733461560329,2021-10,0.0014581847206740538
1192810733461560329,2021-10,0.0035857518948533692
1192810733461560329,2021-10,0.0014380670519628363
1192810733461560329,2021-10,0.0016643812591379868
1192810733461560329,2021-10,0.004304155739069474
1192810733461560329,2021-11,0.0016803057187409346
1192810733461560329,2021-11,0.0016803057187409346
1192810733461560329,2021-11,0.0013993734096983664
1192810733461560329,2021-11,0.0015816824786331312
4489904752023469353,2021-10,0.08813560837950732
4489904752023469353,2021-10,0.09562144552018327
4489904752023469353,2021-11,0.8347872227988844
4489904752023469353,2021-11,0.11161197060321597
5880041582322293710,2021-10,0.018106704617843264
5880041582322293710,2021-10,0.01939303831979322
5880041582322293710,2021-10,0.017838612717197843
5880041582322293710,2021-10,0.017838612717197843
5880041582322293710,2021-10,0.02387724690106498
5880041582322293710,2021-10,0.027316513848705773
5108407319813072955,2021-10,0.017194732139865478
5108407319813072955,2021-10,0.018701233628663633
5108407319813072955,2021-10,0.023918353878298566
5108407319813072955,2021-10,0.020363632815831555
5108407319813072955,2021-11,0.012054782300185892
5108407319813072955,2021-11,0.009996486745768635
4740535838297269949,2021-10,0.0027432135351704223
4740535838297269949,2021-11,0.028455440355125955
4740535838297269949,2021-11,0.003373732289321738
2467590416042313927,2021-10,0.0027655222389915933
2467590416042313927,2021-11,0.0026458364142886884
8909740532547211288,2021-10,0.006049676680331833
8909740532547211288,2021-10,0.006970988109883071
8909740532547211288,2021-10,0.0053292947675846105
8909740532547211288,2021-11,0.004144545540292582
8909740532547211288,2021-11,0.003122337633735908
7963861799566207637,2021-10,0.0012865987261861365
7963861799566207637,2021-10,0.0013300161779843786
7963861799566207637,2021-10,0.0013390138580598608
7963861799566207637,2021-11,0.0013493663832933496
274692171162531764,2021-10,0.08485002548316213
274692171162531764,2021-10,0.09793151555807586
5499433941404698208,2021-10,0.017280025840573077
5499433941404698208,2021-10,0.061942727978616795
5499433941404698208,2021-11,0.027587789003728193
660382477567765256,2021-10,0.006512672274781309
660382477567765256,2021-10,0.005671817814347875
660382477567765256,2021-11,0.01312151269629861
660382477567765256,2021-11,0.009184305782313997
5993765508162121762,2021-10,0.03810399824036457
5993765508162121762,2021-10,0.05565954977389259
5993765508162121762,2021-11,0.05011875028970613
5993765508162121762,2021-11,0.03751812203352086
5993765508162121762,2021-11,0.03150465965156141
1536087798470875922,2021-10,0.1610245869317914
1536087798470875922,2021-10,0.1635925576531712
1536087798470875922,2021-11,0.24258696771206245
8564920972266217847,2021-10,0.010770786724325722
8564920972266217847,2021-11,0.00903426916958224
8564920972266217847,2021-11,0.009741729415827807
6330043096034525408,2021-10,0.5948916735845364
6330043096034525408,2021-10,0.06717017001082469
6330043096034525408,2021-10,0.8403186569984967
6330043096034525408,2021-10,0.07244067048459964
6330043096034525408,2021-10,0.11472950747393947
6330043096034525408,2021-11,0.05721371827849611
2432667449154431819,2021-10,0.7648639990062606
521351744568531135,2021-10,0.01724714033350865
521351744568531135,2021-11,0.01910878094051823
521351744568531135,2021-11,0.015981847261553567
4414438591613884911,2021-10,0.0060040830122707195
4414438591613884911,2021-11,0.014074660441347975
4414438591613884911,2021-11,0.016658371648204513
4414438591613884911,2021-11,0.015932443160832175
8961924617442201922,2021-10,0.0020427015121879046
8961924617442201922,2021-10,0.0028955394050104925
8961924617442201922,2021-11,0.0050522314659881525
8961924617442201922,2021-11,0.07664369818898026
8961924617442201922,2021-11,0.002912316312060504
8961924617442201922,2021-11,0.002912316312060504
717981637594591016,2021-10,0.14896385021312705
717981637594591016,2021-10,0.0022245633440134806
717981637594591016,2021-10,0.0022245633440134806
717981637594591016,2021-10,0.0022320802551355685
5225029212547588718,2021-10,0.004407263868791227
5225029212547588718,2021-10,0.0038740597856512984
5225029212547588718,2021-10,0.004159294757034088
5225029212547588718,2021-11,0.007750787073527863
1310335287370721834,2021-10,0.16824865739177652
2455576782104041698,2021-10,0.017948930741032557
2455576782104041698,2021-10,0.020485279475451364
2455576782104041698,2021-11,0.3821330456587613
5078307295214858596,2021-10,0.053794284022340634
5078307295214858596,2021-10,0.053794284022340634
5078307295214858596,2021-10,0.053794284022340634
5078307295214858596,2021-10,0.04529348486242763
7710364735942975505,2021-10,0.01958846864244609
7710364735942975505,2021-10,0.015946340064819438
7710364735942975505,2021-11,0.4025793242728701
7710364735942975505,2021-11,0.011516250860033871
7710364735942975505,2021-11,0.009639881595836775
6532139198609901627,2021-10,0.0035252197327210804
6532139198609901627,2021-11,0.003124033910423382
2677901391425651891,2021-10,0.015772688750191458
2677901391425651891,2021-10,0.021296085815069848
2677901391425651891,2021-11,0.01373137491053344
6457349126437565385,2021-10,0.5442557899381206
6457349126437565385,2021-10,0.5028978106907402
7686361238195690925,2021-10,0.006489510838777284
7686361238195690925,2021-11,0.005946347722291102
8080988579391900405,2021-10,0.0067188805356755
8080988579391900405,2021-10,0.0058320706873515125
8080988579391900405,2021-10,0.005588060496968732
8080988579391900405,2021-10,0.006020616011577578
5303720405946805990,2021-10,0.00918398042882881
5303720405946805990,2021-11,0.007370839162786178
5303720405946805990,2021-11,0.0030562134123137555
4187591029730357479,2021-10,0.016545984926823663
8874257794774679816,2021-10,0.015879534527675883
8874257794774679816,2021-10,0.014951804812075354
8874257794774679816,2021-10,0.014951804812075354
8874257794774679816,2021-10,0.014951804812075354
8874257794774679816,2021-11,0.019902600203434043
8874257794774679816,2021-11,0.01290441963129069
8874257794774679816,2021-11,0.009444970978712525
8874257794774679816,2021-11,0.015577870483258064
9184785003280841216,2021-10,0.007735075885299721
9184785003280841216,2021-10,0.007865872217944983
9184785003280841216,2021-11,0.006666801061273465
9184785003280841216,2021-11,0.004531447678026582
7403979270048469991,2021-10,0.002230998941025052
2819054834565698513,2021-10,0.01097317700208019
2819054834565698513,2021-10,0.01477503252528503
2819054834565698513,2021-11,0.013506857217187073
2819054834565698513,2021-11,0.020895626036301414
5611787644735474299,2021-10,0.001872673435377028
5611787644735474299,2021-10,0.0025581716847631634
5611787644735474299,2021-10,0.0025842174482862616
5611787644735474299,2021-10,0.002049925490182007
5611787644735474299,2021-10,0.0024611548940617557
5611787644735474299,2021-10,0.0025006730737181146
5611787644735474299,2021-10,0.003114469809967547
5611787644735474299,2021-10,0.002479130768379848
5611787644735474299,2021-11,0.002679626394918038
5611787644735474299,2021-11,0.0029879701036942697
5611787644735474299,2021-11,0.003988024895522046
5611787644735474299,2021-11,0.0037273569216344027
5611787644735474299,2021-11,0.003982681383430075
8090492548102964782,2021-10,0.1550775800630265
662944582644865942,2021-10,0.014976045865769167
662944582644865942,2021-10,0.01695857657102807
662944582644865942,2021-10,0.017343737221463266
662944582644865942,2021-10,0.04344599516600235
662944582644865942,2021-11,0.028085918234185794
662944582644865942,2021-11,0.03425668746927325
662944582644865942,2021-11,0.028364002061136408
662944582644865942,2021-11,0.040328572264524805
662944582644865942,2021-11,0.034712144510126934
257162352336759783,2021-10,0.006150912898619285
257162352336759783,2021-10,0.0056564226910950895
257162352336759783,2021-10,0.006376074539912217
257162352336759783,2021-11,0.006878719713866061
257162352336759783,2021-11,0.007334987242669781
257162352336759783,2021-11,0.007834951609976501
9205015186723569289,2021-10,0.48456717358599954
9205015186723569289,2021-11,0.049705824917840646
4661684997487171886,2021-10,0.012921521924675449
4661684997487171886,2021-10,0.01885134190072714
4661684997487171886,2021-10,0.012816023413823834
4661684997487171886,2021-11,0.02270666228349848
4661684997487171886,2021-11,0.016983268012282813
4661684997487171886,2021-11,0.0296000439567624
4661684997487171886,2021-11,0.02876774842922325
4661684997487171886,2021-11,0.02401720451613012
4661684997487171886,2021-11,0.026933210357340805
4365965554261111250,2021-10,0.3095439166951216
4365965554261111250,2021-10,0.38796251850492014
6885171468891031140,2021-10,0.02157116196410513
5067621068959932809,2021-10,0.024626526841204293
5067621068959932809,2021-10,0.014151253640103185
5067621068959932809,2021-10,0.014151253640103185
5067621068959932809,2021-10,0.03363103788414363
5067621068959932809,2021-10,0.018275568667833086
5067621068959932809,2021-10,0.03889504283908704
5067621068959932809,2021-11,0.026807760371910887
8505870778358741102,2021-10,0.03446082744059611
8505870778358741102,2021-10,0.03342361019135902
8505870778358741102,2021-10,0.03222420442539111
8505870778358741102,2021-11,0.025706908931208666
8505870778358741102,2021-11,0.019545220101910826
8505870778358741102,2021-11,0.02299110103273251
5042877476420217533,2021-10,0.007201547727337258
5042877476420217533,2021-10,0.010958654597610463
5042877476420217533,2021-10,0.019668099000400972
5042877476420217533,2021-11,0.012212823889180425
5042877476420217533,2021-11,0.011826809116921801
1454789421854453615,2021-10,0.02501441863274378
1454789421854453615,2021-10,0.023982085668376667
1454789421854453615,2021-10,0.02378263980796976
1454789421854453615,2021-10,0.02378263980796976
1454789421854453615,2021-11,0.027578346859745237
1454789421854453615,2021-11,0.023987528559330017
1454789421854453615,2021-11,0.435788213003511
1454789421854453615,2021-11,0.01737877167992998
1454789421854453615,2021-11,0.018279893075808993
3807130563335796378,2021-10,0.06523517957034797
4424973922927242822,2021-10,0.1845040856811227
4424973922927242822,2021-10,0.14918286236420378
4424973922927242822,2021-10,0.22928009350087353
1234611356650812259,2021-10,0.06958791662396471
6545052034269841737,2021-10,0.01249944103751642
6545052034269841737,2021-10,0.015163411523704944
6545052034269841737,2021-10,0.013915092375109158
312543480920432545,2021-10,0.003051395659832198
312543480920432545,2021-10,0.0037206831272506903
312543480920432545,2021-10,0.003350369129656898
312543480920432545,2021-11,0.002436167048622622
312543480920432545,2021-11,0.5840650046141106
312543480920432545,2021-11,0.002340593345280427
312543480920432545,2021-11,0.0023196794896202006
312543480920432545,2021-11,0.0020455573761084434
312543480920432545,2021-11,0.002017196807039844
3204108603682323936,2021-10,0.002122189488170569
3204108603682323936,2021-10,0.004041022731076534
3204108603682323936,2021-10,0.0032857276152126968
3204108603682323936,2021-11,0.0031997794414180773
3204108603682323936,2021-11,0.0030360568363288656
6927178425683104769,2021-10,0.002962791480008338
6927178425683104769,2021-10,0.003754218926033651
6927178425683104769,2021-10,0.006645184257376446
6927178425683104769,2021-10,0.004499651779149912
4862285428951244424,2021-10,0.00141017683755884
4862285428951244424,2021-10,0.001539613284587137
4862285428951244424,2021-11,0.001621169697718303
4850936440093751199,2021-10,0.004692068123449847
4850936440093751199,2021-10,0.0057015600493547204
4850936440093751199,2021-10,0.0062174236696431176
4850936440093751199,2021-10,0.005411522928346184
4850936440093751199,2021-10,0.0065052136623057364
4850936440093751199,2021-10,0.005912596670722185
4850936440093751199,2021-11,0.006484208504613768
4850936440093751199,2021-11,0.004806218687881004
8716163053080758848,2021-10,0.003769202750963232
8716163053080758848,2021-10,0.0043181766156035585
8716163053080758848,2021-10,0.004998211257446971
8716163053080758848,2021-10,0.004713636057379153
8716163053080758848,2021-11,0.012010844310658256
8716163053080758848,2021-11,0.008144982639460558
8716163053080758848,2021-11,0.008670681292030476
8716163053080758848,2021-11,0.006285399409148
7289435138601868544,2021-10,0.007203066189336924
7462607259426026440,2021-10,0.03487564182531194
7462607259426026440,2021-10,0.06616095632702183
7462607259426026440,2021-10,0.03742955276716186
7462607259426026440,2021-10,0.041771067164748876
7535160686416710323,2021-10,0.008926211657099049
7535160686416710323,2021-10,0.011466127585817429
3156580765759568020,2021-10,0.17567283499703396
3156580765759568020,2021-11,0.17725188004989717
3156580765759568020,2021-11,0.14197531902282656
8609211777002937758,2021-10,0.002504550076701101
8609211777002937758,2021-10,0.0034355409347281846
8609211777002937758,2021-11,0.003413281975957847
3285246914299291124,2021-10,0.005026025533002256
3285246914299291124,2021-10,0.005026025533002256
3285246914299291124,2021-10,0.0045760383273905185
3285246914299291124,2021-10,0.005228255233376337
3285246914299291124,2021-11,0.004863398523062964
3285246914299291124,2021-11,0.004036862701242861
3285246914299291124,2021-11,0.0037624997605141307
837142477962609471,2021-10,0.015483550581971274
837142477962609471,2021-10,0.01226777223784939
837142477962609471,2021-11,0.011198720479812942
837142477962609471,2021-11,0.011999319864112035
837142477962609471,2021-11,0.012708724580881755
1667173444642500307,2021-10,0.008577096302000287
6394935036014530592,2021-10,0.051082014739679674
6394935036014530592,2021-10,0.051082014739679674
6394935036014530592,2021-10,0.05199432139588593
6394935036014530592,2021-10,0.06424228188413783
6394935036014530592,2021-11,0.040997717830193195
6394935036014530592,2021-11,0.03165717188939341
6394935036014530592,2021-11,0.23101535748335633
6394935036014530592,2021-11,0.04201865928285267
6394935036014530592,2021-11,0.033891617700662006
6368582840625614207,2021-10,0.009050039111940217
6368582840625614207,2021-10,0.008528202894932614
7920896580423665241,2021-10,0.011039408185471259
7920896580423665241,2021-10,0.010324493089847656
7920896580423665241,2021-10,0.020967057990970723
7920896580423665241,2021-10,0.048093116853381745
7920896580423665241,2021-11,0.014778140917255458
7920896580423665241,2021-11,0.028324594548026865
8041261093764417881,2021-10,0.0030675256276423524
8041261093764417881,2021-10,0.0031045061470850494
8041261093764417881,2021-10,0.0032956525171624488
1182975716201409626,2021-10,0.013535019125713562
1182975716201409626,2021-10,0.012776304525408906
1182975716201409626,2021-10,0.012776304525408906
1182975716201409626,2021-10,0.7825288143015988
1182975716201409626,2021-10,0.014227623191048828
1182975716201409626,2021-11,0.025227212606272347
1182975716201409626,2021-11,0.025227212606272347
4717593620120611957,2021-10,0.004026626584169562
4795152981525833467,2021-10,0.01768906083368197
4795152981525833467,2021-10,0.013830281465356331
4795152981525833467,2021-11,0.01839320288186839
4795152981525833467,2021-11,0.02445541134055897
4795152981525833467,2021-11,0.00544022095570061
4795152981525833467,2021-11,0.00544022095570061
6448580780254847411,2021-10,0.0074090066445197025
6448580780254847411,2021-10,0.011700443097611563
6448580780254847411,2021-11,0.010467622989178043
4724876423989598202,2021-10,0.014333841933778093
4724876423989598202,2021-10,0.01358989063815501
4724876423989598202,2021-10,0.015617529423181894
4724876423989598202,2021-10,0.007757122649501541
4724876423989598202,2021-11,0.013984081106206941
4724876423989598202,2021-11,0.00749355943253341
4724876423989598202,2021-11,0.008651748463579922
4724876423989598202,2021-11,0.009782943866914412
1637960623843047520,2021-10,0.22698741668050795
8045116560666679751,2021-10,0.06592579398233898
4018182555897034052,2021-10,0.00517900330668424
4018182555897034052,2021-10,0.005034951821963667
4018182555897034052,2021-10,0.004530137622208107
4018182555897034052,2021-10,0.005646556550190619
4018182555897034052,2021-10,0.006618403512132457
4018182555897034052,2021-10,0.006451861750667906
3970572142453508637,2021-10,0.40342110077417564
3970572142453508637,2021-11,0.7973715373857081
7590999900861381526,2021-10,0.00562846499294439
7590999900861381526,2021-10,0.005237449329702187
7590999900861381526,2021-11,0.00443004352814773
6985631100944640910,2021-10,0.3510809609980901
6985631100944640910,2021-10,0.396028872022656
4541506527938763361,2021-10,0.24140907802621073
4541506527938763361,2021-11,0.19710371596711937
5758033363847724111,2021-10,0.0017175412721660633
5758033363847724111,2021-11,0.0015951354900407377
5758033363847724111,2021-11,0.00159919968399649
5758033363847724111,2021-11,0.0014978280148258635
5758033363847724111,2021-11,0.0015274292651448018
7770458886439606839,2021-10,0.7760293816516144
7770458886439606839,2021-10,0.793996718110619
7770458886439606839,2021-11,0.80849394590301
7770458886439606839,2021-11,0.7548551285474508
7770458886439606839,2021-11,0.7548551285474508
7770458886439606839,2021-11,0.7365593788453967
7770458886439606839,2021-11,0.7154105665789028
7770458886439606839,2021-11,0.7154105665789028
4604807967654337091,2021-10,0.025278563458772378
8570963260597299378,2021-10,0.003405814366059156
8570963260597299378,2021-10,0.0034279786811213784
8570963260597299378,2021-10,0.0032982521170957955
8570963260597299378,2021-11,0.0827701518102457
968199235777440720,2021-10,0.004014452600099914
968199235777440720,2021-10,0.004739646590313369
968199235777440720,2021-11,0.004911977770783007
968199235777440720,2021-11,0.00435116034178949
5511113649464808344,2021-10,0.44256086861051197
5511113649464808344,2021-11,0.44709669422045256
3248432590399829766,2021-10,0.005820027601554737
3248432590399829766,2021-11,0.007519831035852653
3248432590399829766,2021-11,0.06923799374323332
3248432590399829766,2021-11,0.005520036736109455
3248432590399829766,2021-11,0.005324532887838041
6582676833651678345,2021-10,0.004154957111003468
6582676833651678345,2021-10,0.004389138117253205
6582676833651678345,2021-10,0.004151290595140693
6582676833651678345,2021-10,0.010506391890447185
6582676833651678345,2021-10,0.004738771302949695
6582676833651678345,2021-11,0.004784093360279997
6582676833651678345,2021-11,0.004849152633972782
6582676833651678345,2021-11,0.004649507154645831
6582676833651678345,2021-11,0.005281389939469173
6582676833651678345,2021-11,0.004470742981667988
6582676833651678345,2021-11,0.004197999485632247
5487870288449327165,2021-10,0.05280044571673401
5487870288449327165,2021-11,0.06785817456879095
7269781193318890653,2021-10,0.01091377481423585
7269781193318890653,2021-11,0.0063225185130348655
2634859679238614382,2021-10,0.002461068218180283
2634859679238614382,2021-10,0.0028574231532406615
2634859679238614382,2021-10,0.00268795750400968
2634859679238614382,2021-10,0.002720182787552461
2634859679238614382,2021-11,0.0031565635519517957
2634859679238614382,2021-11,0.0033697073491134894
3543162424793477785,2021-10,0.02104698825228015
3543162424793477785,2021-11,0.026566735041138455
3543162424793477785,2021-11,0.09654197741901308
3543162424793477785,2021-11,0.010790880460278046
3543162424793477785,2021-11,0.012170646185178643
3543162424793477785,2021-11,0.022444970177526627
940214356651040716,2021-10,0.2663402485317843
940214356651040716,2021-11,0.25875389952426214
940214356651040716,2021-11,0.1488706328970388
7848910047105468475,2021-10,0.5449697169890353
2763141362035716801,2021-10,0.003443798798450194
2763141362035716801,2021-10,0.004199315984392129
2763141362035716801,2021-10,0.0036422635777643647
2763141362035716801,2021-11,0.003502821375692456
5574997762710520717,2021-10,0.007912583170002081
5574997762710520717,2021-11,0.0895848477559815
5574997762710520717,2021-11,0.09318258118083295
2508429106201166689,2021-10,0.004500181099234233
2508429106201166689,2021-10,0.004840401985493774
2508429106201166689,2021-11,0.0036350831465688117
1953058402621337677,2021-10,0.008678821819163284
9052787288251876909,2021-10,0.003948382810215903
9052787288251876909,2021-11,0.004461092189546939
287529573188507001,2021-10,0.01421054916692357
5044097686733078536,2021-10,0.5877093577185399
7751080728852739823,2021-10,0.016605532107536704
7751080728852739823,2021-10,0.01933619107718618
7751080728852739823,2021-11,0.01581594811063275
7751080728852739823,2021-11,0.024108106043093838
7485107528960607346,2021-10,0.019674162656863097
7485107528960607346,2021-11,0.011463486341615857
7485107528960607346,2021-11,0.015869448466418246
8536031856585966123,2021-10,0.010763808835085282
8536031856585966123,2021-10,0.010608011025519254
8536031856585966123,2021-10,0.01123598484880702
8536031856585966123,2021-10,0.012350011027989894
8536031856585966123,2021-10,0.014186342950342962
8536031856585966123,2021-11,0.016866403079942933
8536031856585966123,2021-11,0.016866403079942933
8536031856585966123,2021-11,0.01378631251269664
3605652314611460806,2021-10,0.014126741802464413
234898976850399181,2021-10,0.009913936728292537
234898976850399181,2021-11,0.013683049691739602
234898976850399181,2021-11,0.015325189051480543
7231408738455755015,2021-10,0.9650944750912802
7231408738455755015,2021-10,0.9700177253290155
7231408738455755015,2021-10,0.9650944750912802
7231408738455755015,2021-11,0.9736544492543494
7231408738455755015,2021-11,0.9653091589995809
3668905663669864663,2021-10,0.009392753871187456
3668905663669864663,2021-11,0.4953203722464154
6164364689409425900,2021-10,0.004106684169833124
6164364689409425900,2021-11,0.004746161321634252
5606267905834401873,2021-10,0.006370028072398224
5606267905834401873,2021-10,0.006370028072398224
5606267905834401873,2021-11,0.002707603471352682
5606267905834401873,2021-11,0.0024164318413719054
5606267905834401873,2021-11,0.0026231916999883936
7970976988071755401,2021-10,0.11077922969172495
7970976988071755401,2021-10,0.10727816089215392
7970976988071755401,2021-11,0.062912915537686
7268895973869107930,2021-10,0.005072017336650064
7268895973869107930,2021-10,0.004372897896349836
7268895973869107930,2021-10,0.003987281621297456
7268895973869107930,2021-10,0.0040298447252751285
7268895973869107930,2021-10,0.006036071397218278
7268895973869107930,2021-11,0.005107801843085269
7268895973869107930,2021-11,0.007015149535230962
7268895973869107930,2021-11,0.006425210687728705
3997247264680905799,2021-10,0.007181735417625388
3997247264680905799,2021-10,0.007172396669043187
3997247264680905799,2021-10,0.006849380031773389
3997247264680905799,2021-10,0.009439449588659747
3997247264680905799,2021-10,0.008245796684665347
3997247264680905799,2021-10,0.006820792016813363
3997247264680905799,2021-11,0.0057499502604442905
8123515208041701633,2021-10,0.03496967806352174
8123515208041701633,2021-10,0.03760851910505092
8123515208041701633,2021-11,0.016396203280152805
8123515208041701633,2021-11,0.016396203280152805
8123515208041701633,2021-11,0.028685690524177104
6547872039250784411,2021-10,0.8589559941829297
3931892303497206092,2021-10,0.019990420735964513
3931892303497206092,2021-10,0.021576936687770557
3931892303497206092,2021-11,0.5225162745817115
3931892303497206092,2021-11,0.024064805711302126
6271697692808086495,2021-10,0.03324473924526057
6271697692808086495,2021-10,0.033754160451924455
6271697692808086495,2021-10,0.03542119915705662
6271697692808086495,2021-11,0.026219401639578945
1616952665234409442,2021-10,0.27074151336197283
1616952665234409442,2021-10,0.2585670155119632
1616952665234409442,2021-11,0.7233057711789547
1616952665234409442,2021-11,0.32226485608491484
8548612698724688238,2021-10,0.020097302222029094
6633838062940819075,2021-10,0.006127952576528658
6633838062940819075,2021-10,0.0048848236736389414
6633838062940819075,2021-11,0.007266710228420465
6633838062940819075,2021-11,0.0065621903268595835
6633838062940819075,2021-11,0.006969817715536019
3093415403379897112,2021-10,0.00784358840535179
3093415403379897112,2021-10,0.00989520364924079
3093415403379897112,2021-11,0.008623807511593607
3093415403379897112,2021-11,0.006432570449386742
4785355632922927313,2021-10,0.2746402037284359
4785355632922927313,2021-10,0.27307506963660905
4785355632922927313,2021-10,0.9147687946793192
4785355632922927313,2021-10,0.5890300662164725
4785355632922927313,2021-11,0.3120703984834792
4785355632922927313,2021-11,0.36943252448407043
8748106677402909629,2021-10,0.02056368694491656
1036256411320325774,2021-10,0.0037078887413229426
1036256411320325774,2021-10,0.006993112263335385
1036256411320325774,2021-10,0.0088899803047016
1036256411320325774,2021-11,0.003047364620445166
1036256411320325774,2021-11,0.003033270733365565
1036256411320325774,2021-11,0.006716697623268579
1036256411320325774,2021-11,0.0037126483131126238
1036256411320325774,2021-11,0.007674875385533965
8889055492416898333,2021-10,0.04269381914347058
8889055492416898333,2021-10,0.0660013218411376
8889055492416898333,2021-11,0.05347225411418253
8889055492416898333,2021-11,0.03670671900649907
8889055492416898333,2021-11,0.08602502578665068
5795100045494475994,2021-10,0.05372033587901596
5795100045494475994,2021-10,0.04791791387898496
5795100045494475994,2021-11,0.03883221750564809
5795100045494475994,2021-11,0.040528950934410814
5726178124659661019,2021-10,0.0034543944639346476
5726178124659661019,2021-10,0.0044526441000494145
5726178124659661019,2021-10,0.0037049470818181335
5726178124659661019,2021-10,0.004540608692108388
5726178124659661019,2021-11,0.003340952115750532
5726178124659661019,2021-11,0.003178919358620334
5726178124659661019,2021-11,0.0038743928008476898
5726178124659661019,2021-11,0.0035461085707801944
1235244772550233980,2021-10,0.004501373019162623
1235244772550233980,2021-10,0.004609492283598026
1235244772550233980,2021-10,0.0057507968122709205
1235244772550233980,2021-11,0.0056027656133192496
1235244772550233980,2021-11,0.005654703104944705
7664272163315705419,2021-10,0.009063554376449621
7664272163315705419,2021-10,0.00740506628854821
7664272163315705419,2021-11,0.009501503316923598
7664272163315705419,2021-11,0.010763566360903936
7664272163315705419,2021-11,0.006420657740394487
7664272163315705419,2021-11,0.014373390197776387
7120090169052575663,2021-10,0.004786102132369822
864510931144626280,2021-10,0.006209347539414944
864510931144626280,2021-11,0.007164457173238139
2535803443850893368,2021-10,0.05403734279055567
2535803443850893368,2021-11,0.021871043686137747
4995679129936981612,2021-10,0.23209621198134622
4995679129936981612,2021-10,0.26175084832872253
4995679129936981612,2021-11,0.2548898675166709
7182085930008391174,2021-10,0.02156123864654918
1002362614649347438,2021-10,0.09302869360282286
1002362614649347438,2021-11,0.12046375379595092
1002362614649347438,2021-11,0.058473860790233693
1002362614649347438,2021-11,0.11563541361311112
5162636608292907782,2021-10,0.47717403889408994
5162636608292907782,2021-10,0.8572863789674751
7347715771145302549,2021-10,0.0014498173149659957
7347715771145302549,2021-10,0.0019398341796062505
7347715771145302549,2021-11,0.0016531845309575354
7347715771145302549,2021-11,0.0017216639137624832
7347715771145302549,2021-11,0.0011405570654421282
6795467882769787169,2021-10,0.0037560763048355896
6795467882769787169,2021-10,0.0036850549382706397
6795467882769787169,2021-10,0.003315367448612848
6795467882769787169,2021-10,0.003285988829693412
6795467882769787169,2021-11,0.0038201700100259743
6795467882769787169,2021-11,0.019904898055094523
6795467882769787169,2021-11,0.003739450511759076
6795467882769787169,2021-11,0.005406217739363595
621182491555347581,2021-10,0.005500480217095183
621182491555347581,2021-10,0.005925978345549667
621182491555347581,2021-10,0.0045647892390693915
621182491555347581,2021-11,0.005143148024151192
6217788509719675691,2021-10,0.0031939826599746536
6217788509719675691,2021-10,0.003098117055442989
6217788509719675691,2021-11,0.006036950115307937
6217788509719675691,2021-11,0.00461727680743526
4858887739802767402,2021-10,0.007341293850810459
4858887739802767402,2021-11,0.004525525522263564
3750579377644235511,2021-10,0.06077022971562618
3750579377644235511,2021-10,0.07232988204911035
2532435113844289043,2021-10,0.0032901439522337993
2532435113844289043,2021-10,0.0056317143985841695
2532435113844289043,2021-10,0.004106412658957949
2532435113844289043,2021-11,0.0033615909710253957
2532435113844289043,2021-11,0.0032631743328314327
2929243640075785940,2021-10,0.0029491601539388037
2929243640075785940,2021-10,0.004121496652815416
2929243640075785940,2021-10,0.003314624301330757
2929243640075785940,2021-10,0.0032819136358766244
2929243640075785940,2021-11,0.0034817965593538056
4785077903451149834,2021-10,0.33199147490592773
3632378524835692731,2021-10,0.0014798695911283817
1119752495905732753,2021-10,0.08451578075161173
7347753999527316260,2021-10,0.8516311490283627
7347753999527316260,2021-11,0.8361580200476059
1998941557906036376,2021-10,0.008884546311927652
1998941557906036376,2021-11,0.010717832968284408
1998941557906036376,2021-11,0.012982440155501769
7395696797140470088,2021-10,0.0020156951009230057
7395696797140470088,2021-11,0.00244229927434493
7395696797140470088,2021-11,0.002596001810274344
4537982850248578883,2021-10,0.03695642135144386
4537982850248578883,2021-11,0.011049377989038066
51762959302415533,2021-10,0.031933167844114284
89342157110910412,2021-10,0.032787717347061415
4762256864594914240,2021-10,0.028719595873587193
4762256864594914240,2021-10,0.017373586406578784
4762256864594914240,2021-11,0.006213348511250303
4762256864594914240,2021-11,0.005678377986854327
5888474320320735000,2021-10,0.9502806289950562
2346482557594782345,2021-10,0.017835069146299905
2346482557594782345,2021-10,0.02157663341554945
2346482557594782345,2021-10,0.02074931555975548
3408536439470975134,2021-10,0.006794884580353735
3408536439470975134,2021-10,0.006794884580353735
3408536439470975134,2021-10,0.007048875870420493
3408536439470975134,2021-10,0.006201082414164689
3408536439470975134,2021-10,0.006189442535644051
3408536439470975134,2021-11,0.0021915551821258266
3408536439470975134,2021-11,0.0021915551821258266
3408536439470975134,2021-11,0.0019725781676190536
3408536439470975134,2021-11,0.0020113856470952915
5752688018135006198,2021-10,0.005863281277384236
5752688018135006198,2021-11,0.0035042944126940753
5752688018135006198,2021-11,0.003912293030511375
9127318190908282126,2021-10,0.0033424915676933662
5271966906483787417,2021-10,0.018056253193203413
1088268935649917461,2021-10,0.06422972050210642
622073912578471754,2021-10,0.5107601288419166
622073912578471754,2021-10,0.5107601288419166
3724562776372632620,2021-10,0.13066553130069364
3724562776372632620,2021-11,0.09135746937225847
2780030912070252968,2021-10,0.07626895853719107
8107542605807471599,2021-10,0.9586768254002239
7468724002190465812,2021-10,0.005049665106571348
7468724002190465812,2021-11,0.00880191437017452
2290083177086946553,2021-10,0.010031448550607268
2290083177086946553,2021-10,0.015280431512409058
2290083177086946553,2021-11,0.03539679689317834
2290083177086946553,2021-11,0.020731994938291014
2290083177086946553,2021-11,0.019868592938426716
3447213159487287154,2021-10,0.004256670560851303
3447213159487287154,2021-11,0.01286962835590316
1115703227712697214,2021-10,0.020445034961801237
1115703227712697214,2021-10,0.017129107085336766
1115703227712697214,2021-11,0.018608498037395234
1115703227712697214,2021-11,0.019769230641762694
2214132103234633622,2021-10,0.04202186563448857
2214132103234633622,2021-10,0.03446164246014451
2214132103234633622,2021-10,0.03668958938055767
2214132103234633622,2021-10,0.03655293839228543
2214132103234633622,2021-10,0.03586255485933811
2214132103234633622,2021-11,0.03886470492787975
2214132103234633622,2021-11,0.03886470492787975
2214132103234633622,2021-11,0.042255909289897434
2214132103234633622,2021-11,0.039544690906257306
4043546053926060305,2021-10,0.8815984230035399
5522764880180045081,2021-10,0.028511946574293554
5522764880180045081,2021-10,0.030989030658730304
5522764880180045081,2021-10,0.03196382787292645
5522764880180045081,2021-10,0.028486631188847623
5432443358006556295,2021-10,0.02958558272998117
5432443358006556295,2021-10,0.027619529454577164
5432443358006556295,2021-11,0.037010377831861486
5432443358006556295,2021-11,0.031833218780231355
5432443358006556295,2021-11,0.03463622304763446
7818340804682162328,2021-10,0.056796452206801226
7818340804682162328,2021-10,0.06229605422824663
7818340804682162328,2021-11,0.7964741756718707
6731795019313479942,2021-10,0.004712284016538608
1118514612547157551,2021-10,0.0418396313964047
9206030810342980458,2021-10,0.003852880752971173
9206030810342980458,2021-10,0.004016122436673554
9206030810342980458,2021-11,0.002898003163988576
9206030810342980458,2021-11,0.004436566836413769
9206030810342980458,2021-11,0.004920878860822385
2951563549197799278,2021-10,0.003715270402194878
2951563549197799278,2021-11,0.006012387956724861
5301988619224057921,2021-10,0.798277945878318
5301988619224057921,2021-10,0.7971719849829597
5301988619224057921,2021-11,0.8279638445673073
5301988619224057921,2021-11,0.8241085933238569
5301988619224057921,2021-11,0.8274282092841903
4235078665660987689,2021-10,0.00573446967115057
4235078665660987689,2021-10,0.005755166156761476
4235078665660987689,2021-10,0.006058075141249589
4235078665660987689,2021-11,0.005636125933739432
6276792736652545216,2021-10,0.002219353762688067
6276792736652545216,2021-11,0.0019865358428903866
1308019675417057675,2021-10,0.006462983316317786
1308019675417057675,2021-10,0.012322473666634248
1308019675417057675,2021-10,0.012322473666634248
1308019675417057675,2021-11,0.007534809510707573
1308019675417057675,2021-11,0.00626015217888832
6662531979151878793,2021-10,0.005212587450101971
6662531979151878793,2021-11,0.0075532657289633185
6662531979151878793,2021-11,0.00610796123924558
5304536516981778801,2021-10,0.006872730821890766
5304536516981778801,2021-11,0.0058632790671914415
5304536516981778801,2021-11,0.005064708082924888
5304536516981778801,2021-11,0.004271136899805178
8083157716178259762,2021-10,0.004486527951688104
8083157716178259762,2021-10,0.004723685913875607
8083157716178259762,2021-10,0.006786892241623952
8083157716178259762,2021-11,0.0033092426575985537
5198904647759787695,2021-10,0.04401923317900305
1285245417998627607,2021-10,0.7476876755665488
5547032541615425352,2021-10,0.008634529584635309
5547032541615425352,2021-11,0.005633280872077145
4052557282157719526,2021-10,0.00748683033559346
3027683745465216663,2021-10,0.023729896144840047
3027683745465216663,2021-11,0.027379679307685315
3027683745465216663,2021-11,0.015281097347199105
6915663759082844184,2021-10,0.16878731188217425
7637066986811047950,2021-10,0.12346695405149866
7637066986811047950,2021-10,0.07071520284265544
6615694774618628402,2021-10,0.08597830310952281
6615694774618628402,2021-11,0.06940204918170845
6098833389547425063,2021-10,0.042270666320134584
6098833389547425063,2021-11,0.021646162060764827
3136129226228632675,2021-10,0.007126025474897032
4395946187332973749,2021-10,0.006546161546263831
4395946187332973749,2021-11,0.003202634341258697
6349142675790687765,2021-10,0.37823757553685183
1997130697107291654,2021-10,0.06532907549796117
1997130697107291654,2021-11,0.052358956853354156
3281617395243454427,2021-10,0.03634226809871191
3281617395243454427,2021-10,0.04336878960826469
3281617395243454427,2021-10,0.03616626472816244
3281617395243454427,2021-11,0.028361691786972912
3281617395243454427,2021-11,0.04235961271501622
3281617395243454427,2021-11,0.042515448129991217
1874361799315286610,2021-10,0.011270480787372307
1874361799315286610,2021-11,0.002783994851106466
7471183491728700531,2021-10,0.32096196117227976
6987942592445950913,2021-10,0.003283187918240591
6987942592445950913,2021-11,0.0037361479588201305
6987942592445950913,2021-11,0.10192140757035391
6987942592445950913,2021-11,0.003758608566786542
6987942592445950913,2021-11,0.003740668871420965
4495596792165551705,2021-10,0.03836993791258965
7571271990906543121,2021-10,0.006487806580711327
2092588065958607289,2021-10,0.011158562860259772
2092588065958607289,2021-10,0.014831050566486112
2092588065958607289,2021-10,0.015914529251110136
2092588065958607289,2021-11,0.024396429960331905
2092588065958607289,2021-11,0.022977088715088377
2092588065958607289,2021-11,0.021499012214484706
2092588065958607289,2021-11,0.012720719193564947
6204723742351094322,2021-10,0.00876282164423477
6204723742351094322,2021-11,0.14946099133356328
6020593949794792044,2021-10,0.028847498890308604
6020593949794792044,2021-10,0.037687350482089065
6020593949794792044,2021-10,0.03625697912071401
6020593949794792044,2021-10,0.033110596110105674
511305041047444825,2021-10,0.03177284322664808
511305041047444825,2021-11,0.0521730607522857
835441927760881602,2021-10,0.4432250003965871
835441927760881602,2021-10,0.4432250003965871
835441927760881602,2021-10,0.3494254876283964
835441927760881602,2021-11,0.4273574715159661
2407532237672094312,2021-10,0.008068926093699783
2407532237672094312,2021-11,0.007047596394767564
2407532237672094312,2021-11,0.00844822105259827
2735662700719640627,2021-10,0.028994314449277615
2735662700719640627,2021-11,0.023163912412720943
2735662700719640627,2021-11,0.01929323753812579
8409181491723988567,2021-10,0.0072709084014996725
4090195792518021727,2021-10,0.027456649187851477
4090195792518021727,2021-11,0.019517128060372264
410843023337872279,2021-10,0.015566503364268387
410843023337872279,2021-11,0.018158581175491375
8926565682509268383,2021-10,0.008902065762965749
8926565682509268383,2021-10,0.0107722185919683
8926565682509268383,2021-10,0.010292556460120063
8926565682509268383,2021-10,0.00927304077060413
8926565682509268383,2021-11,0.011227649581380564
8926565682509268383,2021-11,0.011257651429271851
8926565682509268383,2021-11,0.011205135716282864
8926565682509268383,2021-11,0.012495098781908213
8926565682509268383,2021-11,0.01055764865051331
8926565682509268383,2021-11,0.008930403116777489
8926565682509268383,2021-11,0.008532203434977738
963687627963462983,2021-10,0.0031959332314001575
963687627963462983,2021-10,0.0033613624377572945
963687627963462983,2021-11,0.002754560821951723
963687627963462983,2021-11,0.0035660177382430564
1078687383992817574,2021-10,0.20439729728806594
8376902089871279815,2021-10,0.004552554780875183
8376902089871279815,2021-10,0.005313077782441565
3682570285558758138,2021-10,0.016674185113360294
3682570285558758138,2021-11,0.016309043756710724
5799279645678609726,2021-10,0.0176791620171561
5799279645678609726,2021-11,0.04106371049677144
8503092146854371576,2021-10,0.0013663637879365133
8503092146854371576,2021-11,0.11745511818261335
8503092146854371576,2021-11,0.0014738071546987637
8503092146854371576,2021-11,0.001494208839034736
2012477868296377155,2021-10,0.016405111710564496
7215093571368368138,2021-10,0.23792408724486672
7215093571368368138,2021-10,0.2319603404227891
7215093571368368138,2021-11,0.1988116011635093
7215093571368368138,2021-11,0.20622786175567903
1678680306005074426,2021-10,0.015551055291265388
1678680306005074426,2021-10,0.01616155117266252
1678680306005074426,2021-11,0.0138348355580053
1678680306005074426,2021-11,0.010848306925777283
2943087245123311166,2021-10,0.031405410765724465
2943087245123311166,2021-11,0.046746862317258074
2943087245123311166,2021-11,0.03407247089869848
2943087245123311166,2021-11,0.02694427624910822
2943087245123311166,2021-11,0.04095876571444479
4165983075385227812,2021-10,0.011786046908593648
4165983075385227812,2021-10,0.011631503079295433
4165983075385227812,2021-11,0.02078809731877293
5786895437851445408,2021-10,0.11438646598572218
5786895437851445408,2021-11,0.15910863748811002
5786895437851445408,2021-11,0.10775107819409652
503021894071666233,2021-10,0.10158209440349397
503021894071666233,2021-11,0.08660733969128448
6056959220685085102,2021-10,0.034539914451324844
5993832136957065909,2021-10,0.10774904789182867
4641659186059167709,2021-10,0.04975922315115123
4641659186059167709,2021-11,0.015481510804990337
4898797487317475277,2021-10,0.041291964545156275
1052398277967427422,2021-10,0.023234006361700095
1052398277967427422,2021-11,0.010986083355818783
1052398277967427422,2021-11,0.0085430792773523
5528372913947954503,2021-10,0.1858966698218355
903093877129717133,2021-10,0.002108000863918719
903093877129717133,2021-10,0.0021186081623439552
903093877129717133,2021-11,0.002157493122198188
7529137091657891207,2021-10,0.29281395144252353
3156852928909455203,2021-10,0.023452315967148075
3156852928909455203,2021-10,0.023365029331810044
3156852928909455203,2021-11,0.018470780775003522
510795635145114083,2021-10,0.02954851195423805
510795635145114083,2021-11,0.032873899423465275
510795635145114083,2021-11,0.033234467372254085
510795635145114083,2021-11,0.032287651929827584
510795635145114083,2021-11,0.03343079645628176
6337915293429442229,2021-10,0.11512497495208467
7908414709866823255,2021-10,0.037325334781787275
7908414709866823255,2021-10,0.038396235053098964
7908414709866823255,2021-11,0.017408616801884363
7908414709866823255,2021-11,0.008430041846861323
7908414709866823255,2021-11,0.007992566045209775
7908414709866823255,2021-11,0.013782005704623465
2347028805684088098,2021-10,0.0018823058213963879
2347028805684088098,2021-11,0.019585682490477218
2347028805684088098,2021-11,0.0012707654161801531
5893903674205161232,2021-10,0.019255876068375415
5893903674205161232,2021-11,0.010873720734732644
4061297388883391410,2021-10,0.00612571009515808
4061297388883391410,2021-11,0.007820005335541764
4061297388883391410,2021-11,0.0064060036564280685
7949169060790541229,2021-10,0.013790409880828655
6521201759558790083,2021-10,0.007366773717213589
2209806355660046187,2021-10,0.00329156218664547
2209806355660046187,2021-11,0.0033475813802274616
5358243820364010940,2021-10,0.024639028701428582
1683619849073499603,2021-10,0.013463934022594298
1683619849073499603,2021-11,0.00852644586951032
1683619849073499603,2021-11,0.10083183236178717
1683619849073499603,2021-11,0.008205330226786432
1683619849073499603,2021-11,0.008205330226786432
6462952350255736003,2021-10,0.011246094379297605
4675067298171588603,2021-10,0.033527371170431544
2250817603281429928,2021-10,0.0031082324275907435
3357976326879346012,2021-10,0.24687367753493766
3357976326879346012,2021-10,0.2085377103622362
5409960473983330744,2021-10,0.04641972820498976
5409960473983330744,2021-10,0.0546156769463449
5409960473983330744,2021-11,0.028908527535454982
1788369195969129749,2021-10,0.015628377838778688
5856610998569876318,2021-10,0.0035440695722529277
5856610998569876318,2021-11,0.00633103053841364
3960251564708868781,2021-10,0.03716644554492024
3960251564708868781,2021-10,0.03861087678717329
3960251564708868781,2021-11,0.03674280954369738
3960251564708868781,2021-11,0.0336888247730107
8895160610329228780,2021-10,0.11993147937655879
2439954154030259398,2021-10,0.016641763805399605
2439954154030259398,2021-11,0.028024815465916352
2439954154030259398,2021-11,0.014728456303165901
6091519986999196884,2021-10,0.009642724465910576
7478791630746523220,2021-10,0.25977726756810815
7478791630746523220,2021-10,0.25904696673018696
7478791630746523220,2021-11,0.1963488158424358
8013668117699219722,2021-10,0.040219162760092755
8013668117699219722,2021-11,0.026380287984658052
8013668117699219722,2021-11,0.029441515550212186
1210783884008131648,2021-10,0.006124613314484085
1210783884008131648,2021-11,0.0050093248042996944
1210783884008131648,2021-11,0.003772221273630734
2308217045093677129,2021-10,0.01784920718230201
2308217045093677129,2021-11,0.01584379752075447
69766362497027920,2021-10,0.3316363853842823
6754039979151386401,2021-10,0.015294931920122688
5860276371789140450,2021-10,0.0439780863426682
5860276371789140450,2021-11,0.038892815764029066
5860276371789140450,2021-11,0.06566537695060012
1778014915038250584,2021-10,0.10006400569052909
5481711897502154955,2021-10,0.013314234127572941
5481711897502154955,2021-11,0.018133415633354643
5481711897502154955,2021-11,0.01728956226124839
6061850657256270336,2021-10,0.008700829519742213
6061850657256270336,2021-11,0.013360948545617483
6061850657256270336,2021-11,0.012866657515201597
8350724667410677464,2021-10,0.23024784806126256
8350724667410677464,2021-11,0.12187945618777077
3387580208304842365,2021-10,0.074192339333639
3386019519917828299,2021-10,0.008957208124804474
3386019519917828299,2021-10,0.007104478762009445
3045840317107313913,2021-10,0.017732571145021636
3045840317107313913,2021-11,0.007803192616003058
8680213253228719510,2021-10,0.017681302101807184
7754936094607992857,2021-10,0.03248818047631632
7754936094607992857,2021-11,0.03688813505388155
7754936094607992857,2021-11,0.04355981527676465
2768068015169423097,2021-10,0.025938158459586802
8292458529987016717,2021-10,0.021235838197702826
8292458529987016717,2021-11,0.012696164456214071
1543875954928694094,2021-10,0.009500332867577142
1543875954928694094,2021-11,0.004281266583620642
652740132671309295,2021-10,0.09220637496633462
652740132671309295,2021-11,0.08309697258218621
652740132671309295,2021-11,0.06436530306890116
5958664040344043635,2021-10,0.0315300277764683
3382609338395832683,2021-10,0.3848056547218007
2106875407768047316,2021-10,0.009945019293386233
2106875407768047316,2021-11,0.22657747522872393
2106875407768047316,2021-11,0.009121684490513041
1334091158016312155,2021-10,0.08303789533033776
2554972344348383830,2021-10,0.015311477032400407
2554972344348383830,2021-11,0.014254910769493532
2554972344348383830,2021-11,0.012742286966217004
5558533999208199371,2021-10,0.7637536411989453
4524147234488547993,2021-10,0.006791290268938173
4524147234488547993,2021-11,0.00590206426985639
4524147234488547993,2021-11,0.006727711177568528
4569866309119931805,2021-10,0.004475481396911583
4569866309119931805,2021-11,0.0035525778663419785
3161361581909316305,2021-10,0.015902259593634813
3161361581909316305,2021-11,0.01222073661453572
4095739077267179172,2021-10,0.06592404853820753
4095739077267179172,2021-10,0.09859175962154776
4095739077267179172,2021-11,0.07832506044308052
4095739077267179172,2021-11,0.08185446042062844
8245393384938410770,2021-10,0.011136044708769053
8245393384938410770,2021-11,0.02107386869575929
8245393384938410770,2021-11,0.01182272616505756
8245393384938410770,2021-11,0.019539914181798772
8245393384938410770,2021-11,0.009948098318361047
8245393384938410770,2021-11,0.009948098318361047
1299146298565441811,2021-10,0.0373561795641207
1299146298565441811,2021-11,0.023664189660979374
1033361676287635885,2021-10,0.023385403058486447
7260748352873493818,2021-10,0.042514055664968936
7260748352873493818,2021-11,0.03911984920505083
2687720147676132707,2021-10,0.008693278240228966
2687720147676132707,2021-11,0.00984169473040782
2687720147676132707,2021-11,0.008774262674586886
7779268298304613772,2021-10,0.01157936001879071
7779268298304613772,2021-11,0.004274813852234084
7779268298304613772,2021-11,0.013291425969872869
7779268298304613772,2021-11,0.0037476105684692194
7779268298304613772,2021-11,0.0037145833564797117
8185063234515056194,2021-10,0.0022098560700511793
8185063234515056194,2021-11,0.002072619392699201
8185063234515056194,2021-11,0.002531924372545391
4993499380140734678,2021-10,0.004198903678653616
5687511145009775604,2021-10,0.2395558090326389
5687511145009775604,2021-10,0.2395558090326389
8576047157867370630,2021-10,0.04147126301004816
8576047157867370630,2021-11,0.6250665922109574
3915426102465954493,2021-10,0.0032773459779172373
3915426102465954493,2021-11,0.0028836319338499906
8623308321032624474,2021-10,0.13416316149006233
8623308321032624474,2021-11,0.12231223412439131
180672270337706285,2021-10,0.20894242894477766
7236776406341522879,2021-10,0.005425601701662752
7236776406341522879,2021-11,0.0035797692199363907
4532469127306079736,2021-10,0.0032218700819112342
4532469127306079736,2021-11,0.002385305405843789
2903869860445366876,2021-10,0.008573794114819908
2903869860445366876,2021-11,0.005488607060677761
1343530446996409207,2021-10,0.011080337662812549
1343530446996409207,2021-11,0.005252240583645772
2573553293518763494,2021-10,0.013491442427049782
2573553293518763494,2021-11,0.0187588331654356
2573553293518763494,2021-11,0.01720755664727163
4635578010631860111,2021-10,0.03402392311863581
5465001651966355821,2021-10,0.013361020246809808
5465001651966355821,2021-10,0.012729809154849303
66220087398241662,2021-10,0.02025200258469232
66220087398241662,2021-11,0.016585909560130598
66220087398241662,2021-11,0.013610676394203929
66220087398241662,2021-11,0.015154171418655283
5706551050445880395,2021-10,0.40101697667521063
5706551050445880395,2021-11,0.4448700185176214
5706551050445880395,2021-11,0.3832574553664855
6134696632487351445,2021-10,0.0037011935364918516
6134696632487351445,2021-11,0.003614878182352714
6134696632487351445,2021-11,0.003232686674277961
6134696632487351445,2021-11,0.015554962454301189
968400235888951633,2021-10,0.05970839722626892
968400235888951633,2021-11,0.0028771058033839267
1891145854263312840,2021-10,0.6517275068528965
1891145854263312840,2021-11,0.1674623759817404
3283662016127058429,2021-10,0.00813580410485245
3283662016127058429,2021-11,0.0071898242409699
7692335720341018458,2021-10,0.006421538660320364
7692335720341018458,2021-11,0.013763626136327626
191536915328669008,2021-10,0.4641080485576529
2805743565496207618,2021-10,0.01944033384399796
6030285068945261052,2021-10,0.0018753342162195312
6030285068945261052,2021-11,0.002561122161845336
6030285068945261052,2021-11,0.0022507968063220107
3095408468798675621,2021-11,0.004803420500210963
3095408468798675621,2021-11,0.004226706437459595
3095408468798675621,2021-11,0.0028773859436478817
2678966409665050034,2021-11,0.005062421811165995
2678966409665050034,2021-11,0.005849460004358249
2678966409665050034,2021-11,0.004885107725418028
6528158819463595826,2021-11,0.004624688631132548
6528158819463595826,2021-11,0.010722974748842599
3970610368027129821,2021-11,0.0047585395738478095
107343823625119033,2021-11,0.014259652472602209
107343823625119033,2021-11,0.015306700352091059
107343823625119033,2021-11,0.015306121467001572
7444686668183702737,2021-11,0.003077181348384832
7444686668183702737,2021-11,0.002877681896167623
7444686668183702737,2021-11,0.002216087246827264
7444686668183702737,2021-11,0.0029320495187665834
1028630885537616736,2021-11,0.0222829870456603
8559143756893267192,2021-11,0.03165966162415932
8559143756893267192,2021-11,0.018578822248932928
2191990606593345695,2021-11,0.10119051514577078
6100972975033180377,2021-11,0.0072659999987557955
6100972975033180377,2021-11,0.007252356250172998
6100972975033180377,2021-11,0.0073651557856508594
6100972975033180377,2021-11,0.008526148281854117
4980232475645447238,2021-11,0.008062838718744202
4980232475645447238,2021-11,0.0068133100514447655
4980232475645447238,2021-11,0.008176813901710003
792560389712312178,2021-11,0.004224823450981487
792560389712312178,2021-11,0.003951581495031649
6643358471662528195,2021-11,0.0014140631131960616
6643358471662528195,2021-11,0.0013236619652213944
271068078606473697,2021-11,0.005099051498215445
8027035272622701013,2021-11,0.4955815497762364
2522900990060384939,2021-11,0.011901497204455462
2522900990060384939,2021-11,0.015572128906516582
2522900990060384939,2021-11,0.011923724876813289
8274986328479596038,2021-11,0.22786486501110917
5635781225931111684,2021-11,0.016672276972564966
5635781225931111684,2021-11,0.016672276972564966
5635781225931111684,2021-11,0.011836392802239793
5974858472822751652,2021-11,0.0049743590210642365
5974858472822751652,2021-11,0.0049743590210642365
5974858472822751652,2021-11,0.06809471506399357
5974858472822751652,2021-11,0.006485300883956205
8480109508191086169,2021-11,0.003179093925986761
8480109508191086169,2021-11,0.0034043938555943336
8480109508191086169,2021-11,0.003427397155560896
8480109508191086169,2021-11,0.0025926754040789678
5477900120643078645,2021-11,0.027418075780973817
5477900120643078645,2021-11,0.02344813464009298
2278650548373578523,2021-11,0.12480542747326828
7895753719321668294,2021-11,0.005507081179143077
7895753719321668294,2021-11,0.00484838938092584
7895753719321668294,2021-11,0.004317718986861795
4104959289203999917,2021-11,0.005048273066431198
4104959289203999917,2021-11,0.006356683794857888
7387419407817356825,2021-11,0.023563755359639605
7442192566700924647,2021-11,0.0025914459006888125
7442192566700924647,2021-11,0.002843338888597005
7442192566700924647,2021-11,0.0886896246815988
7442192566700924647,2021-11,0.00294881085348883
7442192566700924647,2021-11,0.002158017109496244
5503073374822479037,2021-11,0.04901928376100105
5503073374822479037,2021-11,0.034367375311319205
7038761645302069945,2021-11,0.012197418673291351
8004409125524742779,2021-11,0.012536570120241631
8004409125524742779,2021-11,0.011454365319582438
460993244124061972,2021-11,0.07021551838039074
2003221759676247813,2021-11,0.0034395247045568697
2003221759676247813,2021-11,0.0030252909814234806
4704892067681576893,2021-11,0.17957143308305648
1420529738304793615,2021-11,0.1252666937009796
5371387005775513675,2021-11,0.2893074556947123
5371387005775513675,2021-11,0.9447998926898722
5371387005775513675,2021-11,0.3083957635249461
7968118679747232249,2021-11,0.7261007560566325
7968118679747232249,2021-11,0.7027874712498465
7968118679747232249,2021-11,0.6193022636670537
1956406515279457110,2021-11,0.07762660160964517
1956406515279457110,2021-11,0.08605302916628656
683445437387317282,2021-11,0.5499384519257245
1430896989654626045,2021-11,0.003975286207592788
1430896989654626045,2021-11,0.004201500415528667
1430896989654626045,2021-11,0.3399402024433139
1430896989654626045,2021-11,0.003449246094764329
1430896989654626045,2021-11,0.003449246094764329
7816319470107777265,2021-11,0.04050938155568494
7816319470107777265,2021-11,0.04611641293707886
7229721428946324455,2021-11,0.14776937262514006
6216982347344525048,2021-11,0.01315404349240924
5791518044186095039,2021-11,0.007401910229000451
5791518044186095039,2021-11,0.06826508997510695
7176848230239877915,2021-11,0.003954126017575709
7176848230239877915,2021-11,0.3267010556578565
7176848230239877915,2021-11,0.003372125300243514
904857901361577913,2021-11,0.06583963104531833
4956614249204803652,2021-11,0.6950006428431827
1767360303789815418,2021-11,0.007316163494080673
4130617254899676131,2021-11,0.6935715313875775
3109771318936962520,2021-11,0.22139978388890127
3192341047315717823,2021-11,0.011827144373206167
4831988987853936627,2021-11,0.4607082513210223
1104269683367198574,2021-11,0.22208352770795087
1104269683367198574,2021-11,0.010271209030937456
6909701795322574613,2021-11,0.36904781110612317
4556737702757145073,2021-11,0.10822242537648455
4556737702757145073,2021-11,0.004668569906896495
7367321179169390502,2021-11,0.7932497119808006
4769364850030443969,2021-11,0.03158765485689224
4769364850030443969,2021-11,0.02814935218350791
2032592272238235730,2021-11,0.8902763118753418
2032592272238235730,2021-11,0.014117558806667969
9016049685460415544,2021-11,0.31728533059480424
226405871752897670,2021-11,0.0030924243735436546
295375823203017296,2021-11,0.0031052548754132575
4820852183212661131,2021-11,0.7297527671576554
4820852183212661131,2021-11,0.02525091001544578
4820852183212661131,2021-11,0.015151233839047581
696014079855281037,2021-11,0.8400146173706182
696014079855281037,2021-11,0.04311252045044797
696014079855281037,2021-11,0.042173886184713474
93982185886107798,2021-11,0.1129194762467145
7041489327620930099,2021-11,0.0029810965183926594
3258345688897172820,2021-11,0.16591079046143403
7889351655716537527,2021-11,0.03819837040137744
3025708129948185495,2021-11,0.0058671956452661
3025708129948185495,2021-11,0.0061454317031517155
8646472172649019955,2021-11,0.9107411426724881
8646472172649019955,2021-11,0.5311377399199761
8646472172649019955,2021-11,0.5311377399199761
8646472172649019955,2021-11,0.5311377399199761
8646472172649019955,2021-11,0.5311377399199761
531805620371082364,2021-11,0.7042284751072264
8487807876567995441,2021-11,0.848657317141709
8487807876567995441,2021-11,0.028541528485725845
8196449005061156808,2021-11,0.011032885577525766
8196449005061156808,2021-11,0.012374181206213856
8196449005061156808,2021-11,0.011972739943000257
8196449005061156808,2021-11,0.011793622784385414
8196449005061156808,2021-11,0.011972739943000257
8196449005061156808,2021-11,0.00600150496430322
5448628641564935127,2021-11,0.028688204377793784
6335613629467537085,2021-11,0.24726569865435483
1611146298923153842,2021-11,0.12595545237474598
8510653215962746781,2021-11,0.0033374887134852947
7696655736121386405,2021-11,0.01479474777989637
8400764778654490278,2021-11,0.03956704366222643
8400764778654490278,2021-11,0.030121903661016546
6617479989097680138,2021-11,0.08729300915833273
2025898153078562640,2021-11,0.021094231585296525
4919908458022265747,2021-11,0.008703101527316872
1044946691507317745,2021-11,0.025458094697549158
1246864346193559124,2021-11,0.1258346785200957
5489089370448387505,2021-11,0.07076124234765438
493667100055938118,2021-11,0.9041443381244579
8248484932270772248,2021-11,0.024182932894842895
3183208564139585182,2021-11,0.9226125020962737
4588313530969303734,2021-11,0.059060123489329645
4588313530969303734,2021-11,0.07232592711116341
4588313530969303734,2021-11,0.09896432989997138
2493688222671282470,2021-11,0.01145852056191257
2493688222671282470,2021-11,0.012557490800486062
9108733472015251498,2021-11,0.0027253026236621794
9108733472015251498,2021-11,0.0026746960893577203
7646606457278894341,2021-11,0.01429380323961649
238894451665334246,2021-11,0.044623622787991854
1239032704486561936,2021-11,0.8514877613020174
1239032704486561936,2021-11,0.7796174998057575
2900002014851776114,2021-11,0.11430422296535409
8535586342375301953,2021-11,0.005828479855945444
8535586342375301953,2021-11,0.004332800531125982
8464769152264029983,2021-11,0.0668917540894018
7457803471605010846,2021-11,0.0036179832281131473
5517114603826429870,2021-11,0.05669239448558625
5757271354816214865,2021-11,0.911759732090069
7870373680211625064,2021-11,0.023506932765379553
7870373680211625064,2021-11,0.016473453100673694
7870373680211625064,2021-11,0.023885672946592978
7870373680211625064,2021-11,0.02720432051642485
7870373680211625064,2021-11,0.022012231032931876
5082455700818638342,2021-11,0.11319652728148155
8374461419511631785,2021-11,0.024794608313116685
8374461419511631785,2021-11,0.01569425505478979
4202876623878743806,2021-11,0.019094249530109526
9156666134024889730,2021-11,0.0033700352524562494
9156666134024889730,2021-11,0.003017150028151889
8828303152301461681,2021-11,0.026671065397591672
8828303152301461681,2021-11,0.028950594048996255
8511588642284189303,2021-11,0.03995130295560017
5460280878923715699,2021-11,0.010713808664799143
5714540197488862003,2021-11,0.40329691181408955
5714540197488862003,2021-11,0.32227528040139536
1963239178085807816,2021-11,0.0160433293908575
7221446976321358973,2021-11,0.005635745815776805
39547025441582855,2021-11,0.018581540210063037
4527499691197377217,2021-11,0.003945511050185154
6089029916190588614,2021-11,0.041983893746684105
1093053069479288753,2021-11,0.05671345913201154
6968106554514688300,2021-11,0.020718473144244475
7810985951121711480,2021-11,0.02522262789924418
5136739522477907100,2021-11,0.01399582189889863
1741049493106216406,2021-11,0.28661755239586495
1741049493106216406,2021-11,0.344255120679857
1507697130807703164,2021-11,0.004901756810129551
1507697130807703164,2021-11,0.004884947073952866
4530631557358349711,2021-11,0.00624647966797727
4530631557358349711,2021-11,0.006799909979504317
6547707428090179960,2021-11,0.2369849031751703
6547707428090179960,2021-11,0.02367514942201545
1117184216453911295,2021-11,0.02160135976498795
7722287846688771887,2021-11,0.005833256806407672
7722287846688771887,2021-11,0.005040823502264231
7722287846688771887,2021-11,0.0049573344305351595
4166581859919473627,2021-11,0.01843086774290702
2369364892942408355,2021-11,0.019458557000892517
4723919748432185874,2021-11,0.006121926928821927
4512887927067894301,2021-11,0.007334072483913049
4512887927067894301,2021-11,0.00531435378957519
6842075380768862290,2021-11,0.010274943873324414
6842075380768862290,2021-11,0.00914360894507849
665505091521986356,2021-11,0.004038610511571181
665505091521986356,2021-11,0.0028174599869296717
1533755281771668509,2021-11,0.0030838479310048377
1533755281771668509,2021-11,0.002970192308789843
5855956854975734380,2021-11,0.0042127021955741745
5855956854975734380,2021-11,0.003129154301173222
3431426889924624821,2021-11,0.03556786689843558
3431426889924624821,2021-11,0.022542710680960493
1269153452773908541,2021-11,0.00451717808029399
1696462947583294958,2021-11,0.01038086996253488
1696462947583294958,2021-11,0.007854424558049973
1738460583932152602,2021-11,0.3576668948538455
7492389223353246125,2021-11,0.13622672472281216
8174633018998080168,2021-11,0.062444089602080116
6926309382371178621,2021-11,0.010356779365127038
5864443060004179363,2021-11,0.0029899471158515733
5864443060004179363,2021-11,0.003712526930179566
5864443060004179363,2021-11,0.0021766465296089938
7215053254854713098,2021-11,0.002307754017087433
1462395707491634845,2021-11,0.7452613166271475
1462395707491634845,2021-11,0.7452613166271475
8843432852270832388,2021-11,0.00398702013869977
5288503299611498087,2021-11,0.1607473272868355
6284433051333854194,2021-11,0.004529113053759004
6012031176108922616,2021-11,0.006825160681379353
6012031176108922616,2021-11,0.006496451779702315
993334998462320108,2021-11,0.8043170407650969
957773253650890560,2021-11,0.7898340505277194
5613825020130267729,2021-11,0.0024417327377109486
3421433989501830226,2021-11,0.03697346663949708
8332840690177201182,2021-11,0.11778629388290723
6094038865287329652,2021-11,0.9211415494222037
1712483726555581515,2021-11,0.008476661590730038
1396078312562623766,2021-11,0.12190871809862283
2307201111381758912,2021-11,0.011309505167461922
1000372849175668062,2021-11,0.02218297872044456
1129657311668961746,2021-11,0.08251558263061307
780065359501679358,2021-11,0.037843913833724326
121658372387044248,2021-11,0.043870171889375455
798425422240919854,2021-11,0.0024963893638663484
7828430488099134389,2021-11,0.1931424581306507
5726178124659661019,2021-11,0.004813340030764843
5726178124659661019,2021-11,0.003384122695194271
5726178124659661019,2021-11,0.0039517992590992175
5726178124659661019,2021-11,0.00296526834358561
2088532321693492263,2021-11,0.014933854438385907
4679462479444735708,2021-11,0.027550237912592476
4679462479444735708,2021-11,0.026457010719283906
4679462479444735708,2021-11,0.030647673882771412
621182491555347581,2021-11,0.005312484691012604
621182491555347581,2021-11,0.00611583519712538
8901696535927078963,2021-11,0.00576559235018689
8901696535927078963,2021-11,0.00576559235018689
8901696535927078963,2021-11,0.006002704440004992
8901696535927078963,2021-11,0.005386693952279165
8901696535927078963,2021-11,0.006022850942396693
7444686668183702737,2021-11,0.0016932408971564008
7444686668183702737,2021-11,0.001956757192996256
2092588065958607289,2021-11,0.014561758008241825
2092588065958607289,2021-11,0.011191074771671345
2092588065958607289,2021-11,0.014561758008241825
2092588065958607289,2021-11,0.014561758008241825
2092588065958607289,2021-11,0.014596140980160528
2092588065958607289,2021-11,0.0202773841790227
4334472256949955221,2021-11,0.005950429920171133
6893616200284527465,2021-11,0.01733138859589986
7779268298304613772,2021-11,0.01113435358239556
7779268298304613772,2021-11,0.0032661417584218676
7779268298304613772,2021-11,0.003989263811837702
8213533889694327948,2021-11,0.0027236779528201126
8213533889694327948,2021-11,0.002592866803997532
8213533889694327948,2021-11,0.0022100313392325213
7222128416864635362,2021-11,0.019532021239818727
5993765508162121762,2021-11,0.04036500923377713
5993765508162121762,2021-11,0.04782088195970306
5993765508162121762,2021-11,0.03868372099260093
8716163053080758848,2021-11,0.0051191710436461965
8716163053080758848,2021-11,0.007241677750942992
8716163053080758848,2021-11,0.00705570640379318
1430896989654626045,2021-11,0.005243894684525119
1430896989654626045,2021-11,0.004178959004369723
1592581784061157609,2021-11,0.08031623315094329
8536031856585966123,2021-11,0.008317561678785581
8536031856585966123,2021-11,0.00956978713040241
8536031856585966123,2021-11,0.011001212381708172
8536031856585966123,2021-11,0.013535891125921953
7963861799566207637,2021-11,0.0015194932159976748
8123515208041701633,2021-11,0.02656057315416432
8123515208041701633,2021-11,0.03111402617188781
5714540197488862003,2021-11,0.4314338040188783
5714540197488862003,2021-11,0.4424231863590315
5714540197488862003,2021-11,0.47755289057899536
7330131219998265639,2021-11,0.002724721980984158
7330131219998265639,2021-11,0.002566893324042388
1951407691087813358,2021-11,0.004950614221308067
6969348581033924947,2021-11,0.017658656241198965
6969348581033924947,2021-11,0.0166250927985203
6969348581033924947,2021-11,0.016721077139556777
8374461419511631785,2021-11,0.03612351903368775
8374461419511631785,2021-11,0.016636029607167167
5136739522477907100,2021-11,0.02647521587302588
8609938720215175911,2021-11,0.02617164999875632
8609938720215175911,2021-11,0.027177956153468144
5897410907783139228,2021-11,0.011394814134315456
49632905576538927,2021-11,0.005681345876292034
3408536439470975134,2021-11,0.0019911884914460597
3408536439470975134,2021-11,0.0019491404338482805
3408536439470975134,2021-11,0.0020863699975837424
3408536439470975134,2021-11,0.0019615204424684343
7664272163315705419,2021-11,0.004838214383775388
7664272163315705419,2021-11,0.008890077623508576
7664272163315705419,2021-11,0.004977271753174207
7664272163315705419,2021-11,0.004645781643298327
8596605705893456305,2021-11,0.7354782784719928
8596605705893456305,2021-11,0.7392928803979502
1551531256789550891,2021-11,0.010171931754261712
792560389712312178,2021-11,0.002010054622473442
7403979270048469991,2021-11,0.0015537528332711242
1507697130807703164,2021-11,0.0031265162340053934
1507697130807703164,2021-11,0.003880672478349558
410843023337872279,2021-11,0.034058352784354026
7231408738455755015,2021-11,0.9653091589995809
7686361238195690925,2021-11,0.005911216616763449
4661684997487171886,2021-11,0.012118923663604645
4661684997487171886,2021-11,0.012564710315530572
4661684997487171886,2021-11,0.012709812174573804
4661684997487171886,2021-11,0.013511312177006966
4661684997487171886,2021-11,0.015747588170837625
8926565682509268383,2021-11,0.007795139296482734
8926565682509268383,2021-11,0.007438992744293262
8013668117699219722,2021-11,0.051258024279507174
8173830874846355280,2021-11,0.0032921322274386145
8173830874846355280,2021-11,0.002867991757947652
8173830874846355280,2021-11,0.002806844809703123
8173830874846355280,2021-11,0.003642386359477003
8173830874846355280,2021-11,0.002867991757947652
3977861004707764824,2021-11,0.07691744386933652
3977861004707764824,2021-11,0.08771594603789665
3977861004707764824,2021-11,0.08096895336871776
3977861004707764824,2021-11,0.09341230803098534
3977861004707764824,2021-11,0.08481187346323399
3977861004707764824,2021-11,0.09803757590425714
3812760626052898456,2021-11,0.00549185092281282
1106971614386004604,2021-11,0.024093763174267226
1106971614386004604,2021-11,0.024254753461294923
8348574220426911086,2021-11,0.009952392574981678
7268895973869107930,2021-11,0.0035104215771222186
7268895973869107930,2021-11,0.0045362387369722295
7268895973869107930,2021-11,0.004523436701493536
7268895973869107930,2021-11,0.003999818162928414
4831988987853936627,2021-11,0.012833342133040382
984915269987074754,2021-11,0.0019011161003857624
984915269987074754,2021-11,0.0019011161003857624
7269781193318890653,2021-11,0.007533004326387764
7269781193318890653,2021-11,0.007110818147700314
7269781193318890653,2021-11,0.010588425375029444
7269781193318890653,2021-11,0.008805702912677347
7085295800541340563,2021-11,0.014003496780107039
7085295800541340563,2021-11,0.04034764283773893
7930925883736021864,2021-11,0.0031298467249763033
7930925883736021864,2021-11,0.002911006182839502
7930925883736021864,2021-11,0.0033233270614191858
7930925883736021864,2021-11,0.0036921393605391407
1235244772550233980,2021-11,0.004164478150552095
1235244772550233980,2021-11,0.004164478150552095
3355881107559250653,2021-11,0.0030501551608196993
3355881107559250653,2021-11,0.0034719293564527774
3355881107559250653,2021-11,0.0033201300369833675
3355881107559250653,2021-11,0.0033201300369833675
3355881107559250653,2021-11,0.003453449879807447
3355881107559250653,2021-11,0.004299565625704717
5481711897502154955,2021-11,0.01656093437561436
5481711897502154955,2021-11,0.019504340183058085
2290083177086946553,2021-11,0.021750841887541898
1366416810235233769,2021-11,0.005961407402246164
1156053485989336481,2021-11,0.2141686899592484
1156053485989336481,2021-11,0.258026380240405
1156053485989336481,2021-11,0.22556802234713547
1156053485989336481,2021-11,0.23923854193113794
1156053485989336481,2021-11,0.2878387350293833
1156053485989336481,2021-11,0.23923854193113794
1156053485989336481,2021-11,0.22556802234713547
1156053485989336481,2021-11,0.23923854193113794
1192891347324061812,2021-11,0.0029280259300957143
1192891347324061812,2021-11,0.0027499049764531745
1192891347324061812,2021-11,0.003066700532275932
1192891347324061812,2021-11,0.0030102722774605793
5761480994209806499,2021-11,0.002881837132331206
5761480994209806499,2021-11,0.0028334970308201033
5761480994209806499,2021-11,0.002903160867370454
5761480994209806499,2021-11,0.0026848726702999744
5761480994209806499,2021-11,0.0033726297929270784
5761480994209806499,2021-11,0.0030854047418466886
5761480994209806499,2021-11,0.003325846788484019
5761480994209806499,2021-11,0.003697190510877583
5761480994209806499,2021-11,0.0038928266496348384
2397171153213063761,2021-11,0.00909728731956256
2397171153213063761,2021-11,0.008710162624279566
2397171153213063761,2021-11,0.010228432571839025
2397171153213063761,2021-11,0.010056367631927842
6858769421191999702,2021-11,0.007132512722724762
6858769421191999702,2021-11,0.008391258738819369
5409960473983330744,2021-11,0.024385179844753326
5409960473983330744,2021-11,0.02539723769336166
3543162424793477785,2021-11,0.02521024317225535
7908414709866823255,2021-11,0.011230544561464814
7908414709866823255,2021-11,0.007772912766459049
7908414709866823255,2021-11,0.016761477334391615
7120090169052575663,2021-11,0.007840332829889444
7120090169052575663,2021-11,0.008362910107203263
7665801401860589626,2021-11,0.025376684059030187
6968106554514688300,2021-11,0.013557797926837499
8609211777002937758,2021-11,0.002017854177403525
4571290108043699959,2021-11,0.0016247353178585205
6217788509719675691,2021-11,0.0032664479839226825
6217788509719675691,2021-11,0.0029675425766688478
6217788509719675691,2021-11,0.0036796311506726493
6053752047545474051,2021-11,0.015705794706806622
6053752047545474051,2021-11,0.028414607950473878
8529899700094903171,2021-11,0.03079056032165222
8529899700094903171,2021-11,0.02731179867433608
8529899700094903171,2021-11,0.03079056032165222
8529899700094903171,2021-11,0.028119766606735284
8529899700094903171,2021-11,0.02649704690186713
8529899700094903171,2021-11,0.028119766606735284
8292458529987016717,2021-11,0.017753000235936043
3045840317107313913,2021-11,0.004625077548403282
3045840317107313913,2021-11,0.004625077548403282
3045840317107313913,2021-11,0.0066414800247172456
2347028805684088098,2021-11,0.0012872846929720236
2347028805684088098,2021-11,0.0012417286471374995
903093877129717133,2021-11,0.001686315911627524
903093877129717133,2021-11,0.0016647352785642358
903093877129717133,2021-11,0.0016531531905638992
903093877129717133,2021-11,0.0017501072408914109
7485107528960607346,2021-11,0.06344791501491392
7468724002190465812,2021-11,0.007734964227401574
6987942592445950913,2021-11,0.0032024648507364838
1044946691507317745,2021-11,0.013740818875258213
4537982850248578883,2021-11,0.012078192480715146
1617695035450525647,2021-11,0.0022719484554868065
1617695035450525647,2021-11,0.005344962879244158
1617695035450525647,2021-11,0.006011228677747699
1617695035450525647,2021-11,0.0024635568466733395
5082813456193598086,2021-11,0.007227869051659059
5082813456193598086,2021-11,0.004675682615355888
6349142675790687765,2021-11,0.4570806923029566
7751080728852739823,2021-11,0.013303107791507339
257162352336759783,2021-11,0.006750340104486199
257162352336759783,2021-11,0.006761411347345877
1269153452773908541,2021-11,0.005005055852904278
8464809590757561185,2021-11,0.023386853154692713
4045739494965095560,2021-11,0.004955547140832203
4045739494965095560,2021-11,0.005330861354231336
8889055492416898333,2021-11,0.08413808207300519
8889055492416898333,2021-11,0.06096925034498487
8889055492416898333,2021-11,0.047852322974232225
6394935036014530592,2021-11,0.029315817192959177
6394935036014530592,2021-11,0.03659964011269716
6916556752218696485,2021-11,0.002947419917777522
6916556752218696485,2021-11,0.004774022659960655
6916556752218696485,2021-11,0.003164895112884885
6916556752218696485,2021-11,0.0035208465878495197
665505091521986356,2021-11,0.006275363279791216
8961924617442201922,2021-11,0.0025761481611584203
312543480920432545,2021-11,0.002696046425259866
312543480920432545,2021-11,0.002696046425259866
312543480920432545,2021-11,0.0033355750335340795
6927178425683104769,2021-11,0.022513078088358396
6927178425683104769,2021-11,0.004866734538631181
6927178425683104769,2021-11,0.004540172909413524
7613717984547031729,2021-11,0.0049836218030795704
7613717984547031729,2021-11,0.004870767072140019
7613717984547031729,2021-11,0.004679246907300273
5304536516981778801,2021-11,0.007816710668143746
5304536516981778801,2021-11,0.0062027954523548
2780030912070252968,2021-11,0.05382849188194072
9205015186723569289,2021-11,0.04746710398337001
6330043096034525408,2021-11,0.03799803465451496
3137879241768961145,2021-11,0.00282828719452353
4414438591613884911,2021-11,0.009334243833641363
5373371196946859811,2021-11,0.013049996781430036
8874257794774679816,2021-11,0.014524685335260018
8874257794774679816,2021-11,0.014524685335260018
6784879562354696650,2021-11,0.010994104851336488
8195468623809753777,2021-11,0.013289529353911466
8195468623809753777,2021-11,0.013289529353911466
5225029212547588718,2021-11,0.005986681084191212
5225029212547588718,2021-11,0.006877224640616786
5225029212547588718,2021-11,0.006754730095792045
4724876423989598202,2021-11,0.016990593073510835
4724876423989598202,2021-11,0.011056858939146198
6284433051333854194,2021-11,0.0034956536526522266
6284433051333854194,2021-11,0.002926828957226972
417157680860985231,2021-11,0.002809858961305181
7395696797140470088,2021-11,0.0015146020784109393
7395696797140470088,2021-11,0.002244293693237655
2687720147676132707,2021-11,0.0077910210513847744
3631603567749349715,2021-11,0.01114404066304449
2032592272238235730,2021-11,0.024005781714521387
2032592272238235730,2021-11,0.01509282207858471
6238903426443761049,2021-11,0.022627736398983897
6238903426443761049,2021-11,0.021792755482967004
6238903426443761049,2021-11,0.02548599141748106
6471448246085839373,2021-11,0.007835768447340763
3472934456083131714,2021-11,0.009329060953722188
3472934456083131714,2021-11,0.005308736202036864
4740535838297269949,2021-11,0.0027326533881908564
4740535838297269949,2021-11,0.0026015845581796124
6582676833651678345,2021-11,0.0040564266346638286
6582676833651678345,2021-11,0.0038333980522723596
6582676833651678345,2021-11,0.004417977032249638
324916756972236008,2021-11,0.01278945037211664
324916756972236008,2021-11,0.012273559648931285
324916756972236008,2021-11,0.014523857157933067
2658946240987854807,2021-11,0.005566160976462094
2658946240987854807,2021-11,0.0054111776793020665
5042877476420217533,2021-11,0.007213766783317106
1003144834589372198,2021-11,0.005381452350580534
4635578010631860111,2021-11,0.010885075991958629
5462970244186515758,2021-11,0.003736201361045774
5462970244186515758,2021-11,0.0038526427624966317
5462970244186515758,2021-11,0.0034576941473778446
7182085930008391174,2021-11,0.02443105118221914
6352592240901579272,2021-11,0.014744701987954608
7710364735942975505,2021-11,0.012924534756793062
5460280878923715699,2021-11,0.009344627564724465
5460280878923715699,2021-11,0.008455218613788463
93982185886107798,2021-11,0.01283067439049236
8080988579391900405,2021-11,0.009956751593653607
7397206777205091443,2021-11,0.011017892749657818
968199235777440720,2021-11,0.12219759651231653
968199235777440720,2021-11,0.0053319470998350075
968199235777440720,2021-11,0.004273426175804194
2771214050521171719,2021-11,0.0024617058723968846
2771214050521171719,2021-11,0.048633961487048266
6448580780254847411,2021-11,0.014930474282898468
8706851346184249504,2021-11,0.0035472819630767696
6532139198609901627,2021-11,0.0037530870332843774
3591324331706630867,2021-11,0.1198229687099901
1182975716201409626,2021-11,0.02013694828958746
1182975716201409626,2021-11,0.0195649518480837
1182975716201409626,2021-11,0.02268487057636723
4641659186059167709,2021-11,0.016201213032488386
5611787644735474299,2021-11,0.0024387825775393913
5611787644735474299,2021-11,0.0019641916784534125
5611787644735474299,2021-11,0.0029515864539709827
5611787644735474299,2021-11,0.0025654272687085857
5611787644735474299,2021-11,0.002889353418928938
2634859679238614382,2021-11,0.0019632749508570065
2634859679238614382,2021-11,0.002601312930571937
2634859679238614382,2021-11,0.0023477279695869103
6486277549325701534,2021-11,0.010636695997659344
6486277549325701534,2021-11,0.019069965460991194
8623308321032624474,2021-11,0.1265016492588489
3668905663669864663,2021-11,0.011261528903592975
3668905663669864663,2021-11,0.011672287072716647
295375823203017296,2021-11,0.003016301257062486
5271591321704178730,2021-11,0.008385639110953259
4762256864594914240,2021-11,0.006369615348739908
2598475569074240783,2021-11,0.022469666879006207
4071158585850879204,2021-11,0.011044229769948148
4071158585850879204,2021-11,0.014307840873459193
5503073374822479037,2021-11,0.03139883356742004
5503073374822479037,2021-11,0.04480350575720334
1741049493106216406,2021-11,0.28486712062842656
2346482557594782345,2021-11,0.01631454097396069
2346482557594782345,2021-11,0.015416301014863866
2346482557594782345,2021-11,0.016143795659876888
2407532237672094312,2021-11,0.008263570438661267
2407532237672094312,2021-11,0.010623252501411752
5048392903148444335,2021-11,0.08812574153756096
5048392903148444335,2021-11,0.05706289080078616
6198047969028248384,2021-11,0.004122990633344421
3660744270380078352,2021-11,0.019732919453932084
3660744270380078352,2021-11,0.06595621136152156
3660744270380078352,2021-11,0.01671060480553376
7215053254854713098,2021-11,0.0017630221775927846
8015571584405428572,2021-11,0.011607155468277926
6118873739225005756,2021-11,0.002310452726236502
3386019519917828299,2021-11,0.010322525312369664
3386019519917828299,2021-11,0.01462323659468461
2900002014851776114,2021-11,0.14663420844817757
7398738404146260251,2021-11,0.003445428852206127
8313765100460016738,2021-11,0.5077175164387124
6547707428090179960,2021-11,0.024500353804046242
710593997981520423,2021-11,0.10300344621679657
8409181491723988567,2021-11,0.00839346236771869
5108407319813072955,2021-11,0.010579795070785302
4335865859049992260,2021-11,0.00654976962427861
6122719618012473549,2021-11,0.0041738227283848635
460993244124061972,2021-11,0.04764174074522073
459290606780222306,2021-11,0.004395437183007938
459290606780222306,2021-11,0.003043486170273169
459290606780222306,2021-11,0.003835798825485285
6276792736652545216,2021-11,0.0018538732471020723
8487807876567995441,2021-11,0.030146267140112457
8487807876567995441,2021-11,0.03238470548015538
5522764880180045081,2021-11,0.02399999073503923
2191990606593345695,2021-11,0.04407213039931909
2903869860445366876,2021-11,0.006649986883226306
7347715771145302549,2021-11,0.001553332517384331
5057726374207815794,2021-11,0.08266923240784473
1616952665234409442,2021-11,0.4027646366080658
5706551050445880395,2021-11,0.3705724220735873
1454789421854453615,2021-11,0.01778981922064607
3285246914299291124,2021-11,0.004482890686858906
8733525963966339207,2021-11,0.2881928211795401
4717717003637613480,2021-11,0.008741502480479925
4717717003637613480,2021-11,0.00842881358457203
3192341047315717823,2021-11,0.01194828094854458
8287608084245946173,2021-11,0.006217853844600239
9184785003280841216,2021-11,0.005933852385212801
9184785003280841216,2021-11,0.008039691525717305
170089315547146305,2021-11,0.005775127186463079
8196449005061156808,2021-11,0.010215242958488314
8196449005061156808,2021-11,0.008235782318720965
8826489829259520138,2021-11,0.003022544408689678
8826489829259520138,2021-11,0.0031059992818050454
8826489829259520138,2021-11,0.002803728105869182
8350724667410677464,2021-11,0.15628607312227502
8784237149961904,2021-11,0.006424831946779271
5635781225931111684,2021-11,0.013866425423002848
6842075380768862290,2021-11,0.009319584996004167
6842075380768862290,2021-11,0.009957673591904276
4995217181024687397,2021-11,0.0025595712556129046
4723919748432185874,2021-11,0.006410890691871506
4723919748432185874,2021-11,0.006410890691871506
4723919748432185874,2021-11,0.006986499979668191
1977574645216036803,2021-11,0.7640309526374179
1343530446996409207,2021-11,0.006524790933853231
9206030810342980458,2021-11,0.002130182599183371
9206030810342980458,2021-11,0.002957008546877648
9052787288251876909,2021-11,0.006053618298541248
9052787288251876909,2021-11,0.005826846003524931
3156852928909455203,2021-11,0.016718583775970113
3156852928909455203,2021-11,0.01846616495616556
7595945751692012281,2021-11,0.011038468415533772
1678680306005074426,2021-11,0.01583682261433804
4327694790333781288,2021-11,0.001239838081647155
4593070249039532001,2021-11,0.003533565592442761
4593070249039532001,2021-11,0.003851239139456965
3118152790263512426,2021-11,0.004509678224559201
1788369195969129749,2021-11,0.005584079138753591
4342146186255136598,2021-11,0.015133266223485146
4342146186255136598,2021-11,0.0062347599549283155
2573553293518763494,2021-11,0.01635082939531191
2573553293518763494,2021-11,0.02125784141239045
5067621068959932809,2021-11,0.02587040143531138
5067621068959932809,2021-11,0.018337349858372716
2123312420728961012,2021-11,0.012022481073838721
4018182555897034052,2021-11,0.004608215314903858
4018182555897034052,2021-11,0.002354063956434749
4018182555897034052,2021-11,0.002293611342612438
3248432590399829766,2021-11,0.0069512558391858995
4347826483121154490,2021-11,0.0026511649838655274
4347826483121154490,2021-11,0.0023642223701812433
4347826483121154490,2021-11,0.0021966901225273653
2128970218770090704,2021-11,0.00879560684546286
1052398277967427422,2021-11,0.009929430616491142
8909740532547211288,2021-11,0.005527424128622146
2408009918678280470,2021-11,0.08082306084385231
2408009918678280470,2021-11,0.08036452128364599
2408009918678280470,2021-11,0.08319943932258642
5166128847048245697,2021-11,0.0036012717281236413
6615694774618628402,2021-11,0.08501023676479888
8049805689946244047,2021-11,0.009399301790482184
6950439982480713649,2021-11,0.20990985810009855
1683619849073499603,2021-11,0.007439191452925391
5440313607363845188,2021-11,0.0024433371833421
9127318190908282126,2021-11,0.0028935593539429804
1117184216453911295,2021-11,0.02064254641867844
1117184216453911295,2021-11,0.02354030997656267
1097345589386012260,2021-11,0.005437958567814824
8004409125524742779,2021-11,0.013238645352485739
4898797487317475277,2021-11,0.10163212252751365
4785355632922927313,2021-11,0.3124973033476437
5752688018135006198,2021-11,0.004520817855736316
1477629972594346481,2021-11,0.0817915173364197
1477629972594346481,2021-11,0.0817915173364197
5477900120643078645,2021-11,0.020756122509772185
2988042199057874759,2021-11,0.01176554706029794
2988042199057874759,2021-11,0.012048262209421312
2988042199057874759,2021-11,0.012112742419622914
4532469127306079736,2021-11,0.003219163815126405
4566920105008626302,2021-11,0.020031577186863495
4566920105008626302,2021-11,0.020031577186863495
4566920105008626302,2021-11,0.020761644959031152
4566920105008626302,2021-11,0.023287007513708526
5855956854975734380,2021-11,0.0035038220232792585
2929243640075785940,2021-11,0.003150825870368317
5122095358293179297,2021-11,0.007010208576608825
8255085612985072878,2021-11,0.0025721042209164518
4817816966382229074,2021-11,0.015962042373460137
6528158819463595826,2021-11,0.004349292974040483
5287265869592025756,2021-11,0.015734738939274833
2532435113844289043,2021-11,0.002458008723350307
5606267905834401873,2021-11,0.0036043874811875405
5606267905834401873,2021-11,0.003654475201152151
2033394215069562776,2021-11,0.03312163495649753
2033394215069562776,2021-11,0.03588541355379016
904857901361577913,2021-11,0.056334747133642435
3822753345985951756,2021-11,0.012117863418158159
3822753345985951756,2021-11,0.01691218901686235
8248484932270772248,2021-11,0.022614369464491416
7828430488099134389,2021-11,0.21872825831083045
682352428813668634,2021-11,0.0038699899357636813
682352428813668634,2021-11,0.0038776011463930947
510795635145114083,2021-11,0.027842278306695164
510795635145114083,2021-11,0.0256990285000412
4995679129936981612,2021-11,0.17085028884284562
5176940320835464459,2021-11,0.013635889535596992
5176940320835464459,2021-11,0.009657770131544653
5176940320835464459,2021-11,0.009470929836202145
5176940320835464459,2021-11,0.009470929836202145
8512214463586144353,2021-11,0.005184410003250038
6721448955097663572,2021-11,0.012238404826586379
7451017400765373278,2021-11,0.012797362832158632
6681781879793693802,2021-11,0.006275449103136667
7708030042671632236,2021-11,0.005663611749262911
3698481516392183789,2021-11,0.026032239759742802
7722287846688771887,2021-11,0.005288770174369935
7722287846688771887,2021-11,0.006904892301344763
7436628409157313756,2021-11,0.02534535097499759
5448628641564935127,2021-11,0.024972628474025652
2530707686830644666,2021-11,0.04689110607969038
8045116560666679751,2021-11,0.07057845008783824
5303720405946805990,2021-11,0.004258492603997906
1613152204777372951,2021-11,0.024902017842857855
2508429106201166689,2021-11,0.005397838395280234
2951563549197799278,2021-11,0.002659187472988128
2022367282554149730,2021-11,0.00718987465149795
8570963260597299378,2021-11,0.002750069993118418
8570963260597299378,2021-11,0.002750069993118418
7895753719321668294,2021-11,0.0055085699588615375
2819054834565698513,2021-11,0.026011119431244522
5757271354816214865,2021-11,0.9304399102052932
1292049196559782171,2021-11,0.004236688350393028
5753677550753111444,2021-11,0.0011556381693175043
8503092146854371576,2021-11,0.001138975543117076
113538242419211987,2021-11,0.04236149119586948
7692330898726665144,2021-11,0.008075550264659904
5810778736737569699,2021-11,0.01154499577780096
8559143756893267192,2021-11,0.02702752244203901
8536980239903840341,2021-11,0.01434530450405125
8536980239903840341,2021-11,0.009323550882207933
6545052034269841737,2021-11,0.017453723452016536
5255460548789019114,2021-11,0.009903354912486754
7457803471605010846,2021-11,0.0034347539031061467
3997247264680905799,2021-11,0.006609430046301719
3997247264680905799,2021-11,0.005166128200682565
5732713959930509093,2021-11,0.03998270333452814
924957821424248698,2021-11,0.004538111227201181
1210783884008131648,2021-11,0.002301842872047836
3036967290595689189,2021-11,0.004870499023235324
2307201111381758912,2021-11,0.012690108779458895
4235078665660987689,2021-11,0.00732070528488031
3605652314611460806,2021-11,0.010429706816159153
6722781660631652440,2021-11,0.03067767716958994
4237135112070444140,2021-11,0.06718125949030258
7442192566700924647,2021-11,0.0019920934767298326
3915426102465954493,2021-11,0.0030988704146457683
1667173444642500307,2021-11,0.006190532806997829
1874361799315286610,2021-11,0.004733723974254259
5358243820364010940,2021-11,0.017199701554476945
3682570285558758138,2021-11,0.01305653718161531
3095686599956852697,2021-11,0.015612165318708232
692350198401528327,2021-11,0.012075640596308388
705648002974742140,2021-11,0.07481141219033353
4993499380140734678,2021-11,0.004209377117251355
4614484019183480654,2021-11,0.09955510279789108
1299146298565441811,2021-11,0.019116572188754236
4061297388883391410,2021-11,0.009434132642307183
